[    3732ms] [INFO] Sep-02 17:02:27.514 [METRICS] Starting timers for metrics collection @ https://a.slack-edge.com/bv1-13-br/gantry-v2-shared.306d799b6c8c1794.min.js?cacheKey=gantry-1788343052:46
[    4385ms] [INFO] Sep-02 17:02:28.168 [APP] client-v2 @ https://a.slack-edge.com/bv1-13-br/gantry-v2-shared.306d799b6c8c1794.min.js?cacheKey=gantry-1788343052:46
[    4385ms] [INFO] Sep-02 17:02:28.168 [DATE/TIME] 1788346948168 Wed Sep 02 2026 17:02:28 GMT+0600 (Bangladesh Standard Time) @ https://a.slack-edge.com/bv1-13-br/gantry-v2-shared.306d799b6c8c1794.min.js?cacheKey=gantry-1788343052:46
[    4385ms] [INFO] Sep-02 17:02:28.169 [VERSION] version_hash: d3c33b54c44b377b69fd206a71859cae4fcd9165 @ https://a.slack-edge.com/bv1-13-br/gantry-v2-shared.306d799b6c8c1794.min.js?cacheKey=gantry-1788343052:46
[    4385ms] [INFO] Sep-02 17:02:28.169 [VERSION] version_ts: 1788343052 @ https://a.slack-edge.com/bv1-13-br/gantry-v2-shared.306d799b6c8c1794.min.js?cacheKey=gantry-1788343052:46
[    4385ms] [INFO] Sep-02 17:02:28.169 [VERSION] min_version_data_ts: 1722374725 @ https://a.slack-edge.com/bv1-13-br/gantry-v2-shared.306d799b6c8c1794.min.js?cacheKey=gantry-1788343052:46
[    4385ms] [INFO] Sep-02 17:02:28.169 [URL] https://app.slack.com/client @ https://a.slack-edge.com/bv1-13-br/gantry-v2-shared.306d799b6c8c1794.min.js?cacheKey=gantry-1788343052:46
[    4386ms] [INFO] Sep-02 17:02:28.170 [AUTH] Credentials are fresh (psc=1788179675, csc=1788179675) @ https://a.slack-edge.com/bv1-13-br/gantry-v2-shared.306d799b6c8c1794.min.js?cacheKey=gantry-1788343052:46
[    4388ms] [INFO] Sep-02 17:02:28.171 [LOCAL-CONFIG] ingestIncomingConfig(): no incoming payload to process; current teams: T0285LK1G:U03JR0Q2AAG @ https://a.slack-edge.com/bv1-13-br/gantry-v2-shared.306d799b6c8c1794.min.js?cacheKey=gantry-1788343052:46
[    4389ms] [INFO] Sep-02 17:02:28.172 [BOOT] Initial user team ID: T0285LK1G @ https://a.slack-edge.com/bv1-13-br/gantry-v2-shared.306d799b6c8c1794.min.js?cacheKey=gantry-1788343052:46
[    4393ms] [INFO] Sep-02 17:02:28.176 [BOOT] (T0285LK1G) Minimum supported data version is 1722374725; currently on 1788174451 @ https://a.slack-edge.com/bv1-13-br/gantry-v2-shared.306d799b6c8c1794.min.js?cacheKey=gantry-1788343052:46
[    4393ms] [INFO] Sep-02 17:02:28.177 [PERSIST] (T0285LK1G) Getting state from IndexedDB @ https://a.slack-edge.com/bv1-13-br/gantry-v2-shared.306d799b6c8c1794.min.js?cacheKey=gantry-1788343052:46
[    4396ms] [INFO] Sep-02 17:02:28.179 [TRACER] Tracing is not sampled by default for this team. @ https://a.slack-edge.com/bv1-13-br/gantry-v2-shared.306d799b6c8c1794.min.js?cacheKey=gantry-1788343052:46
[    4435ms] [INFO] Sep-02 17:02:28.219 [TRACER] Tracing is not sampled by default for this session. @ https://a.slack-edge.com/bv1-13-br/gantry-v2-shared.306d799b6c8c1794.min.js?cacheKey=gantry-1788343052:46
[    4605ms] [INFO] Sep-02 17:02:28.389 [PERSIST] (T0285LK1G) Successfully got state from IndexedDB @ https://a.slack-edge.com/bv1-13-br/gantry-v2-shared.306d799b6c8c1794.min.js?cacheKey=gantry-1788343052:46
[    4612ms] [INFO] Sep-02 17:02:28.394 [BOOT-QUEUE] T0285LK1G noversion-1788346948.391 experiments.getByUser called @ https://a.slack-edge.com/bv1-13-br/gantry-v2-shared.306d799b6c8c1794.min.js?cacheKey=gantry-1788343052:46
[    4612ms] [INFO] Sep-02 17:02:28.395 [BOOT-QUEUE] T0285LK1G noversion-1788346948.391 experiments.getByUser is ENQUEUED @ https://a.slack-edge.com/bv1-13-br/gantry-v2-shared.306d799b6c8c1794.min.js?cacheKey=gantry-1788343052:46
[    4617ms] [INFO] Sep-02 17:02:28.400 [BOOT-QUEUE] T0285LK1G noversion-1788346948.399 api.features called @ https://a.slack-edge.com/bv1-13-br/gantry-v2-shared.306d799b6c8c1794.min.js?cacheKey=gantry-1788343052:46
[    4618ms] [INFO] Sep-02 17:02:28.401 [BOOT-QUEUE] T0285LK1G noversion-1788346948.399 api.features is ENQUEUED @ https://a.slack-edge.com/bv1-13-br/gantry-v2-shared.306d799b6c8c1794.min.js?cacheKey=gantry-1788343052:46
[    4619ms] [INFO] Sep-02 17:02:28.402 [BOOT-QUEUE] T0285LK1G noversion-1788346948.402 features.access.policies.list called @ https://a.slack-edge.com/bv1-13-br/gantry-v2-shared.306d799b6c8c1794.min.js?cacheKey=gantry-1788343052:46
[    4620ms] [INFO] Sep-02 17:02:28.403 [BOOT-QUEUE] T0285LK1G noversion-1788346948.402 features.access.policies.list is ENQUEUED @ https://a.slack-edge.com/bv1-13-br/gantry-v2-shared.306d799b6c8c1794.min.js?cacheKey=gantry-1788343052:46
[    4627ms] [INFO] Sep-02 17:02:28.410 [BOOT-QUEUE] T0285LK1G noversion-1788346948.409 client.shouldReload called with reason: boot @ https://a.slack-edge.com/bv1-13-br/gantry-v2-shared.306d799b6c8c1794.min.js?cacheKey=gantry-1788343052:46
[    4627ms] [INFO] Sep-02 17:02:28.411 [BOOT-QUEUE] T0285LK1G noversion-1788346948.409 client.shouldReload is ENQUEUED @ https://a.slack-edge.com/bv1-13-br/gantry-v2-shared.306d799b6c8c1794.min.js?cacheKey=gantry-1788343052:46
[    4631ms] [INFO] Sep-02 17:02:28.414 [BOOT-QUEUE] T0285LK1G noversion-1788346948.413 client.init called with reason: deferred-data @ https://a.slack-edge.com/bv1-13-br/gantry-v2-shared.306d799b6c8c1794.min.js?cacheKey=gantry-1788343052:46
[    4631ms] [INFO] Sep-02 17:02:28.414 [BOOT-QUEUE] T0285LK1G noversion-1788346948.413 client.init is ENQUEUED @ https://a.slack-edge.com/bv1-13-br/gantry-v2-shared.306d799b6c8c1794.min.js?cacheKey=gantry-1788343052:46
[    4632ms] [INFO] Sep-02 17:02:28.415 [BOOT-QUEUE] T0285LK1G noversion-1788346948.415 client.counts called with reason: deferred-data @ https://a.slack-edge.com/bv1-13-br/gantry-v2-shared.306d799b6c8c1794.min.js?cacheKey=gantry-1788343052:46
[    4632ms] [INFO] Sep-02 17:02:28.416 [BOOT-QUEUE] T0285LK1G noversion-1788346948.415 client.counts is ENQUEUED @ https://a.slack-edge.com/bv1-13-br/gantry-v2-shared.306d799b6c8c1794.min.js?cacheKey=gantry-1788343052:46
[    4633ms] [INFO] Sep-02 17:02:28.417 [BOOT] Couldn't determine boot channel. Falling back to default channel @ https://a.slack-edge.com/bv1-13-br/gantry-v2-shared.306d799b6c8c1794.min.js?cacheKey=gantry-1788343052:46
[    4635ms] [INFO] Sep-02 17:02:28.418 [BOOT-QUEUE] T0285LK1G Fetching client.extras: cache_timestamps, features, salesforce_features, misc, subteams, team_prefs, stats, default_workspace, onboarding, plan_info, feature_usage_data @ https://a.slack-edge.com/bv1-13-br/gantry-v2-shared.306d799b6c8c1794.min.js?cacheKey=gantry-1788343052:46
[    4636ms] [INFO] Sep-02 17:02:28.419 [BOOT-QUEUE] T0285LK1G noversion-1788346948.419 client.extras called with reason: deferred-data @ https://a.slack-edge.com/bv1-13-br/gantry-v2-shared.306d799b6c8c1794.min.js?cacheKey=gantry-1788343052:46
[    4636ms] [INFO] Sep-02 17:02:28.419 [BOOT-QUEUE] T0285LK1G noversion-1788346948.419 client.extras is ENQUEUED @ https://a.slack-edge.com/bv1-13-br/gantry-v2-shared.306d799b6c8c1794.min.js?cacheKey=gantry-1788343052:46
[    4637ms] [INFO] Sep-02 17:02:28.421 [BOOT-QUEUE] T0285LK1G noversion-1788346948.420 client.channels called with reason: deferred-data @ https://a.slack-edge.com/bv1-13-br/gantry-v2-shared.306d799b6c8c1794.min.js?cacheKey=gantry-1788343052:46
[    4638ms] [INFO] Sep-02 17:02:28.421 [BOOT-QUEUE] T0285LK1G noversion-1788346948.420 client.channels is ENQUEUED @ https://a.slack-edge.com/bv1-13-br/gantry-v2-shared.306d799b6c8c1794.min.js?cacheKey=gantry-1788343052:46
[    4701ms] [INFO] Sep-02 17:02:28.484 [EMOJI_TRANSLATION] Emoji translations not needed for default locale, only adding keywords @ https://a.slack-edge.com/bv1-13-br/gantry-v2-shared.306d799b6c8c1794.min.js?cacheKey=gantry-1788343052:46
[    4888ms] [INFO] Sep-02 17:02:28.672 [BOOT-QUEUE] T0285LK1G noversion-1788346948.391 experiments.getByUser is ACTIVE @ https://a.slack-edge.com/bv1-13-br/gantry-v2-shared.306d799b6c8c1794.min.js?cacheKey=gantry-1788343052:46
[    4889ms] [INFO] Sep-02 17:02:28.673 [BOOT-QUEUE] T0285LK1G noversion-1788346948.399 api.features is ACTIVE @ https://a.slack-edge.com/bv1-13-br/gantry-v2-shared.306d799b6c8c1794.min.js?cacheKey=gantry-1788343052:46
[    4890ms] [INFO] Sep-02 17:02:28.673 [BOOT-QUEUE] T0285LK1G noversion-1788346948.402 features.access.policies.list is ACTIVE @ https://a.slack-edge.com/bv1-13-br/gantry-v2-shared.306d799b6c8c1794.min.js?cacheKey=gantry-1788343052:46
[    4891ms] [INFO] Sep-02 17:02:28.674 [BOOT-QUEUE] T0285LK1G noversion-1788346948.409 client.shouldReload is ACTIVE @ https://a.slack-edge.com/bv1-13-br/gantry-v2-shared.306d799b6c8c1794.min.js?cacheKey=gantry-1788343052:46
[    4891ms] [INFO] Sep-02 17:02:28.675 [BOOT-QUEUE] T0285LK1G noversion-1788346948.413 client.init is ACTIVE @ https://a.slack-edge.com/bv1-13-br/gantry-v2-shared.306d799b6c8c1794.min.js?cacheKey=gantry-1788343052:46
[    4892ms] [INFO] Sep-02 17:02:28.676 [BOOT-QUEUE] T0285LK1G noversion-1788346948.415 client.counts is ACTIVE @ https://a.slack-edge.com/bv1-13-br/gantry-v2-shared.306d799b6c8c1794.min.js?cacheKey=gantry-1788343052:46
[    4893ms] [INFO] Sep-02 17:02:28.676 [BOOT-QUEUE] T0285LK1G noversion-1788346948.419 client.extras is ACTIVE @ https://a.slack-edge.com/bv1-13-br/gantry-v2-shared.306d799b6c8c1794.min.js?cacheKey=gantry-1788343052:46
[    4894ms] [INFO] Sep-02 17:02:28.677 [BOOT-QUEUE] T0285LK1G noversion-1788346948.420 client.channels is ACTIVE @ https://a.slack-edge.com/bv1-13-br/gantry-v2-shared.306d799b6c8c1794.min.js?cacheKey=gantry-1788343052:46
[    5205ms] [INFO] Sep-02 17:02:28.989 [BOOT-QUEUE] T0285LK1G noversion-1788346948.409 client.shouldReload is RESOLVED @ https://a.slack-edge.com/bv1-13-br/gantry-v2-shared.306d799b6c8c1794.min.js?cacheKey=gantry-1788343052:46
[    5207ms] [INFO] Sep-02 17:02:28.990 [MIN-VERSION] No need to reload @ https://a.slack-edge.com/bv1-13-br/gantry-v2-shared.306d799b6c8c1794.min.js?cacheKey=gantry-1788343052:46
[    5226ms] [INFO] Sep-02 17:02:29.009 [BOOT-QUEUE] T0285LK1G noversion-1788346948.399 api.features is RESOLVED @ https://a.slack-edge.com/bv1-13-br/gantry-v2-shared.306d799b6c8c1794.min.js?cacheKey=gantry-1788343052:46
[    5239ms] [INFO] Sep-02 17:02:29.022 [BOOT-QUEUE] T0285LK1G noversion-1788346948.402 features.access.policies.list is RESOLVED @ https://a.slack-edge.com/bv1-13-br/gantry-v2-shared.306d799b6c8c1794.min.js?cacheKey=gantry-1788343052:46
[    5264ms] [INFO] Sep-02 17:02:29.048 [BOOT-QUEUE] T0285LK1G noversion-1788346948.413 client.init is RESOLVED @ https://a.slack-edge.com/bv1-13-br/gantry-v2-shared.306d799b6c8c1794.min.js?cacheKey=gantry-1788343052:46
[    5276ms] [INFO] Sep-02 17:02:29.060 [BOOT-QUEUE] T0285LK1G noversion-1788346948.415 client.counts is RESOLVED @ https://a.slack-edge.com/bv1-13-br/gantry-v2-shared.306d799b6c8c1794.min.js?cacheKey=gantry-1788343052:46
[    5283ms] [INFO] Sep-02 17:02:29.067 [BOOT-QUEUE] T0285LK1G noversion-1788346948.419 client.extras is RESOLVED @ https://a.slack-edge.com/bv1-13-br/gantry-v2-shared.306d799b6c8c1794.min.js?cacheKey=gantry-1788343052:46
[    5333ms] [INFO] Sep-02 17:02:29.116 [BOOT-QUEUE] T0285LK1G noversion-1788346948.420 client.channels is RESOLVED @ https://a.slack-edge.com/bv1-13-br/gantry-v2-shared.306d799b6c8c1794.min.js?cacheKey=gantry-1788343052:46
[    5443ms] [INFO] Sep-02 17:02:29.226 [BOOT-QUEUE] T0285LK1G noversion-1788346948.391 experiments.getByUser is RESOLVED @ https://a.slack-edge.com/bv1-13-br/gantry-v2-shared.306d799b6c8c1794.min.js?cacheKey=gantry-1788343052:46
[   27925ms] [INFO] Sep-02 17:02:51.708 [BOOT] (T0285LK1G) Booting with persisted store @ https://a.slack-edge.com/bv1-13-br/gantry-v2-shared.306d799b6c8c1794.min.js?cacheKey=gantry-1788343052:46
[   27925ms] [INFO] Sep-02 17:02:51.709 [PERSIST] (T0285LK1G) Checking for persistence method changes @ https://a.slack-edge.com/bv1-13-br/gantry-v2-shared.306d799b6c8c1794.min.js?cacheKey=gantry-1788343052:46
[   27925ms] [INFO] Sep-02 17:02:51.709 [PERSIST] (T0285LK1G) Preparing state for hydration @ https://a.slack-edge.com/bv1-13-br/gantry-v2-shared.306d799b6c8c1794.min.js?cacheKey=gantry-1788343052:46
[   28008ms] [INFO] Sep-02 17:02:51.792 [PERSIST] (T0285LK1G) State prepared for hydration @ https://a.slack-edge.com/bv1-13-br/gantry-v2-shared.306d799b6c8c1794.min.js?cacheKey=gantry-1788343052:46
[   28008ms] [INFO] Sep-02 17:02:51.792 [PERSIST] (T0285LK1G) Checking for required data @ https://a.slack-edge.com/bv1-13-br/gantry-v2-shared.306d799b6c8c1794.min.js?cacheKey=gantry-1788343052:46
[   28018ms] [INFO] Sep-02 17:02:51.801 [BOOT] (T0285LK1G) Configuring redux store @ https://a.slack-edge.com/bv1-13-br/gantry-v2-shared.306d799b6c8c1794.min.js?cacheKey=gantry-1788343052:46
[   28068ms] [INFO] Sep-02 17:02:51.845 [MUTED-CHANNELS] (T0285LK1G) No temporarily muted channels found. @ https://a.slack-edge.com/bv1-13-br/gantry-v2-shared.306d799b6c8c1794.min.js?cacheKey=gantry-1788343052:46
[   28070ms] [INFO] Sep-02 17:02:51.854 [BOOT] (T0285LK1G) Dispatching client.channels data from registerBootApi @ https://a.slack-edge.com/bv1-13-br/gantry-v2-shared.306d799b6c8c1794.min.js?cacheKey=gantry-1788343052:46
[   28142ms] [INFO] Sep-02 17:02:51.925 [COUNTS] (T0285LK1G) Applying counts to channels. wasLastConnectFast: false isConnected: false applying: 33 out of total: 33 @ https://a.slack-edge.com/bv1-13-br/gantry-v2-shared.306d799b6c8c1794.min.js?cacheKey=gantry-1788343052:46
[   28147ms] [INFO] Sep-02 17:02:51.930 [BOOT] (T0285LK1G) Dispatching conversations.view data from registerBootApi @ https://a.slack-edge.com/bv1-13-br/gantry-v2-shared.306d799b6c8c1794.min.js?cacheKey=gantry-1788343052:46
[   28158ms] [INFO] Sep-02 17:02:51.941 [BOOT] (T0285LK1G) processing mutation timestamps for C0285LK20 @ https://a.slack-edge.com/bv1-13-br/gantry-v2-shared.306d799b6c8c1794.min.js?cacheKey=gantry-1788343052:46
[   28162ms] [INFO] Sep-02 17:02:51.945 [PLATFORM-CHANNEL-ACTI] (T0285LK1G) Not updating count for channel C0285LK20, as count was already set to 0 @ https://a.slack-edge.com/bv1-13-br/gantry-v2-shared.306d799b6c8c1794.min.js?cacheKey=gantry-1788343052:46
[   28166ms] [INFO] Sep-02 17:02:51.950 [API-Q] (T0285LK1G) f86b7e71-1788346971.949 links.getDomains called with reason: siws-get-domains @ https://a.slack-edge.com/bv1-13-br/gantry-v2-shared.306d799b6c8c1794.min.js?cacheKey=gantry-1788343052:46
[   28167ms] [INFO] Sep-02 17:02:51.950 [API-Q] (T0285LK1G) f86b7e71-1788346971.949 links.getDomains is ENQUEUED @ https://a.slack-edge.com/bv1-13-br/gantry-v2-shared.306d799b6c8c1794.min.js?cacheKey=gantry-1788343052:46
[   28175ms] [INFO] Sep-02 17:02:51.958 [EMOJI_TRANSLATION] Emoji translations not needed for default locale, only adding keywords @ https://a.slack-edge.com/bv1-13-br/gantry-v2-shared.306d799b6c8c1794.min.js?cacheKey=gantry-1788343052:46
[   28176ms] [INFO] Sep-02 17:02:51.959 [API-Q] (T0285LK1G) f86b7e71-1788346971.959 users.prefs.get called with reason: fetch-frecency-prefs @ https://a.slack-edge.com/bv1-13-br/gantry-v2-shared.306d799b6c8c1794.min.js?cacheKey=gantry-1788343052:46
[   28176ms] [INFO] Sep-02 17:02:51.960 [API-Q] (T0285LK1G) f86b7e71-1788346971.959 users.prefs.get is ENQUEUED @ https://a.slack-edge.com/bv1-13-br/gantry-v2-shared.306d799b6c8c1794.min.js?cacheKey=gantry-1788343052:46
[   28179ms] [INFO] Sep-02 17:02:51.962 [API-Q] (T0285LK1G) f86b7e71-1788346971.962 client.appCommands called with reason: dispatch-client-extras @ https://a.slack-edge.com/bv1-13-br/gantry-v2-shared.306d799b6c8c1794.min.js?cacheKey=gantry-1788343052:46
[   28180ms] [INFO] Sep-02 17:02:51.963 [API-Q] (T0285LK1G) f86b7e71-1788346971.962 client.appCommands is ENQUEUED @ https://a.slack-edge.com/bv1-13-br/gantry-v2-shared.306d799b6c8c1794.min.js?cacheKey=gantry-1788343052:46
[   28184ms] [INFO] Sep-02 17:02:51.968 [BOOT] (T0285LK1G) Dispatched client.init data from registerBootApi @ https://a.slack-edge.com/bv1-13-br/gantry-v2-shared.306d799b6c8c1794.min.js?cacheKey=gantry-1788343052:46
[   28185ms] [INFO] Sep-02 17:02:51.968 [COUNTS] (T0285LK1G) Threads has_unreads:false mention_count:0 @ https://a.slack-edge.com/bv1-13-br/gantry-v2-shared.306d799b6c8c1794.min.js?cacheKey=gantry-1788343052:46
[   28187ms] [INFO] Sep-02 17:02:51.970 [COUNTS] (T0285LK1G) Completed counts processing @ https://a.slack-edge.com/bv1-13-br/gantry-v2-shared.306d799b6c8c1794.min.js?cacheKey=gantry-1788343052:46
[   28189ms] [INFO] Sep-02 17:02:51.972 [API-Q] (T0285LK1G) f86b7e71-1788346971.972 sfdc.integration.listOrgs called with reason: fetch-orgs-and-sign-in-silently-v2 @ https://a.slack-edge.com/bv1-13-br/gantry-v2-shared.306d799b6c8c1794.min.js?cacheKey=gantry-1788343052:46
[   28190ms] [INFO] Sep-02 17:02:51.973 [API-Q] (T0285LK1G) f86b7e71-1788346971.972 sfdc.integration.listOrgs is ENQUEUED @ https://a.slack-edge.com/bv1-13-br/gantry-v2-shared.306d799b6c8c1794.min.js?cacheKey=gantry-1788343052:46
[   28193ms] [INFO] Sep-02 17:02:51.976 [COUNTS] (T0285LK1G) Updated counts for C0285LK20: unreadCnt 0, unreadHighlightCnt 0, unreadVIPMentionCnt 0 @ https://a.slack-edge.com/bv1-13-br/gantry-v2-shared.306d799b6c8c1794.min.js?cacheKey=gantry-1788343052:46
[   28196ms] [INFO] Sep-02 17:02:51.980 [CHECK-UNREADS] (T0285LK1G) Not marking C0285LK20 because it is not in an active view @ https://a.slack-edge.com/bv1-13-br/gantry-v2-shared.306d799b6c8c1794.min.js?cacheKey=gantry-1788343052:46
[   28198ms] [INFO] Sep-02 17:02:51.981 [API-Q] (T0285LK1G) f86b7e71-1788346971.949 links.getDomains is ACTIVE @ https://a.slack-edge.com/bv1-13-br/gantry-v2-shared.306d799b6c8c1794.min.js?cacheKey=gantry-1788343052:46
[   28198ms] [INFO] Sep-02 17:02:51.982 [API-Q] (T0285LK1G) f86b7e71-1788346971.959 users.prefs.get is ACTIVE @ https://a.slack-edge.com/bv1-13-br/gantry-v2-shared.306d799b6c8c1794.min.js?cacheKey=gantry-1788343052:46
[   28199ms] [INFO] Sep-02 17:02:51.983 [API-Q] (T0285LK1G) f86b7e71-1788346971.962 client.appCommands is ACTIVE @ https://a.slack-edge.com/bv1-13-br/gantry-v2-shared.306d799b6c8c1794.min.js?cacheKey=gantry-1788343052:46
[   28200ms] [INFO] Sep-02 17:02:51.983 [API-Q] (T0285LK1G) f86b7e71-1788346971.972 sfdc.integration.listOrgs is ACTIVE @ https://a.slack-edge.com/bv1-13-br/gantry-v2-shared.306d799b6c8c1794.min.js?cacheKey=gantry-1788343052:46
[   28210ms] [INFO] Sep-02 17:02:51.992 [NAVIGATION-MIDDLEWARE] Starting a new navigation middleware execution {context: client-boot, nextViewSet: Object, nextSplitView: undefined, middlewareCount: 12, nextTab: undefined} @ https://a.slack-edge.com/bv1-13-br/gantry-v2-shared.306d799b6c8c1794.min.js?cacheKey=gantry-1788343052:46
[   28211ms] [INFO] Sep-02 17:02:51.995 [BOOT] (T0285LK1G) Dispatching API data @ https://a.slack-edge.com/bv1-13-br/gantry-v2-shared.306d799b6c8c1794.min.js?cacheKey=gantry-1788343052:46
[   28211ms] [INFO] Sep-02 17:02:51.995 [BOOT] (T0285LK1G) Dispatching boot data @ https://a.slack-edge.com/bv1-13-br/gantry-v2-shared.306d799b6c8c1794.min.js?cacheKey=gantry-1788343052:46
[   28212ms] [INFO] Sep-02 17:02:51.996 [BOOT] (T0285LK1G) No boot data found @ https://a.slack-edge.com/bv1-13-br/gantry-v2-shared.306d799b6c8c1794.min.js?cacheKey=gantry-1788343052:46
[   28213ms] [INFO] Sep-02 17:02:51.996 [NAVIGATION-MIDDLEWARE] Async action execution is complete for a view {nextView: Object, results: Array(12), shouldTerminateNavigation: false, executionTime: 1.8000001907348633, nextTab: undefined} @ https://a.slack-edge.com/bv1-13-br/gantry-v2-shared.306d799b6c8c1794.min.js?cacheKey=gantry-1788343052:46
[   28214ms] [INFO] Sep-02 17:02:51.997 [NAVIGATION-MIDDLEWARE] Finish middleware execution for sidebar container {maybeTransformedViewSet: Object, maybeTransformedSplitView: undefined, terminateNavigation: false, isViewTransformed: false, iterationCount: 0} @ https://a.slack-edge.com/bv1-13-br/gantry-v2-shared.306d799b6c8c1794.min.js?cacheKey=gantry-1788343052:46
[   28214ms] [INFO] Sep-02 17:02:51.998 [BOOT] (T0285LK1G) Boot complete @ https://a.slack-edge.com/bv1-13-br/gantry-v2-shared.306d799b6c8c1794.min.js?cacheKey=gantry-1788343052:46
[   28215ms] [INFO] Sep-02 17:02:51.998 [NAVIGATION-MIDDLEWARE] Async action execution is complete for a view {nextView: Object, results: Array(12), shouldTerminateNavigation: false, executionTime: 1, nextTab: undefined} @ https://a.slack-edge.com/bv1-13-br/gantry-v2-shared.306d799b6c8c1794.min.js?cacheKey=gantry-1788343052:46
[   28216ms] [INFO] Sep-02 17:02:51.999 [DESKTOP-SIDE-EFFECT] (T0285LK1G) Reacting to  {type: [29] Set a value that represents whether we are currently in the boot phase, payload: false, error: false} @ https://a.slack-edge.com/bv1-13-br/gantry-v2-shared.306d799b6c8c1794.min.js?cacheKey=gantry-1788343052:46
[   28216ms] [INFO] Sep-02 17:02:51.999 [AUTH] Installing incremental auth handler @ https://a.slack-edge.com/bv1-13-br/gantry-v2-shared.306d799b6c8c1794.min.js?cacheKey=gantry-1788343052:46
[   28217ms] [INFO] Sep-02 17:02:52.000 [API-Q] (T0285LK1G) noversion-1788346972.000 Flannel huddles/list called with reason: flannel-call:huddles/list @ https://a.slack-edge.com/bv1-13-br/gantry-v2-shared.306d799b6c8c1794.min.js?cacheKey=gantry-1788343052:46
[   28217ms] [INFO] Sep-02 17:02:52.001 [API-Q] (T0285LK1G) noversion-1788346972.000 Flannel huddles/list is ENQUEUED @ https://a.slack-edge.com/bv1-13-br/gantry-v2-shared.306d799b6c8c1794.min.js?cacheKey=gantry-1788343052:46
[   28217ms] [INFO] Sep-02 17:02:52.001 [NAVIGATION-MIDDLEWARE] Finish middleware execution for primary container {maybeTransformedViewSet: Object, maybeTransformedSplitView: undefined, terminateNavigation: false, isViewTransformed: false, iterationCount: 0} @ https://a.slack-edge.com/bv1-13-br/gantry-v2-shared.306d799b6c8c1794.min.js?cacheKey=gantry-1788343052:46
[   28219ms] [INFO] Sep-02 17:02:52.002 [SOCKET-MANAGER] (T0285LK1G) Changing from never_connected to prov_connect @ https://a.slack-edge.com/bv1-13-br/gantry-v2-shared.306d799b6c8c1794.min.js?cacheKey=gantry-1788343052:46
[   28219ms] [INFO] Sep-02 17:02:52.003 [SOCKET-MANAGER] (T0285LK1G) will stay in prov_connect state for up to 10000 ms @ https://a.slack-edge.com/bv1-13-br/gantry-v2-shared.306d799b6c8c1794.min.js?cacheKey=gantry-1788343052:46
[   28220ms] [INFO] Sep-02 17:02:52.003 [SOCKET-MANAGER] (T0285LK1G) Connecting with token ending: cc06 @ https://a.slack-edge.com/bv1-13-br/gantry-v2-shared.306d799b6c8c1794.min.js?cacheKey=gantry-1788343052:46
[   28220ms] [INFO] Sep-02 17:02:52.004 [SOCKET-MANAGER] (T0285LK1G) Changing from prov_connect to prov_connecting @ https://a.slack-edge.com/bv1-13-br/gantry-v2-shared.306d799b6c8c1794.min.js?cacheKey=gantry-1788343052:46
[   28221ms] [INFO] Sep-02 17:02:52.004 [SOCKET-MANAGER] (T0285LK1G) will stay in prov_connecting state for up to 35000 ms @ https://a.slack-edge.com/bv1-13-br/gantry-v2-shared.306d799b6c8c1794.min.js?cacheKey=gantry-1788343052:46
[   28222ms] [INFO] Sep-02 17:02:52.005 [ENDPOINT-MANAGER] (T0285LK1G) No stale versions to clear. @ https://a.slack-edge.com/bv1-13-br/gantry-v2-shared.306d799b6c8c1794.min.js?cacheKey=gantry-1788343052:46
[   28222ms] [INFO] Sep-02 17:02:52.006 [SOCKET-MANAGER-MIDDLE] (T0285LK1G) Initialized Socket Manager instance @ https://a.slack-edge.com/bv1-13-br/gantry-v2-shared.306d799b6c8c1794.min.js?cacheKey=gantry-1788343052:46
[   28223ms] [INFO] Sep-02 17:02:52.006 [NAVIGATION-MIDDLEWARE] Navigation middleware execution is complete {maybeUpdatedViewSet: Object, maybeUpdatedSplitView: undefined, terminateNavigation: false, executionTime: 12.399999856948853, nextTab: undefined} @ https://a.slack-edge.com/bv1-13-br/gantry-v2-shared.306d799b6c8c1794.min.js?cacheKey=gantry-1788343052:46
[   28233ms] [INFO] Sep-02 17:02:52.017 [API-Q] (T0285LK1G) noversion-1788346972.000 Flannel huddles/list is ACTIVE @ https://a.slack-edge.com/bv1-13-br/gantry-v2-shared.306d799b6c8c1794.min.js?cacheKey=gantry-1788343052:46
[   28237ms] [INFO] Sep-02 17:02:52.020 [BOOT] (T0285LK1G) Routing complete (renderApp tap, warm boot) @ https://a.slack-edge.com/bv1-13-br/gantry-v2-shared.306d799b6c8c1794.min.js?cacheKey=gantry-1788343052:46
[   28241ms] [INFO] Sep-02 17:02:52.024 [BOOT] (T0285LK1G) (T0285LK1G) Mounting client @ https://a.slack-edge.com/bv1-13-br/gantry-v2-shared.306d799b6c8c1794.min.js?cacheKey=gantry-1788343052:46
[   28437ms] [INFO] Sep-02 17:02:52.220 [SLACKBOTMINI:VISIBILI] hasSlackbotMiniWindow check {hasWindow: false} @ https://a.slack-edge.com/bv1-13-br/gantry-v2-shared.306d799b6c8c1794.min.js?cacheKey=gantry-1788343052:46
[   28503ms] [INFO] Sep-02 17:02:52.286 [COUNTS] (T0285LK1G) dmsBadgeCount: 0 @ https://a.slack-edge.com/bv1-13-br/gantry-v2-shared.306d799b6c8c1794.min.js?cacheKey=gantry-1788343052:46
[   28503ms] [INFO] Sep-02 17:02:52.287 [COUNTS] (T0285LK1G) activityBadgeCount: 0 @ https://a.slack-edge.com/bv1-13-br/gantry-v2-shared.306d799b6c8c1794.min.js?cacheKey=gantry-1788343052:46
[   28507ms] [INFO] Sep-02 17:02:52.290 [API-Q] (T0285LK1G) d3c33b54-1788346972.290 users.interactions.list called with reason: HUDDLES_TRIAL_PRO_BANNER @ https://a.slack-edge.com/bv1-13-br/gantry-v2-shared.306d799b6c8c1794.min.js?cacheKey=gantry-1788343052:46
[   28508ms] [INFO] Sep-02 17:02:52.291 [API-Q] (T0285LK1G) d3c33b54-1788346972.290 users.interactions.list is ENQUEUED @ https://a.slack-edge.com/bv1-13-br/gantry-v2-shared.306d799b6c8c1794.min.js?cacheKey=gantry-1788343052:46
[   28514ms] [INFO] Sep-02 17:02:52.297 [DEVICE-PERMISSIONS-MA] Initializing media device permissions manager @ https://a.slack-edge.com/bv1-13-br/gantry-v2-shared.306d799b6c8c1794.min.js?cacheKey=gantry-1788343052:46
[   28515ms] [INFO] Sep-02 17:02:52.298 [DEVICE-PERMISSIONS-MA] Permissions loaded from local storage {"permissions":{"microphone":"prompt","camera":"prompt","screen":"prompt"},"timestamp":1788179715136} @ https://a.slack-edge.com/bv1-13-br/gantry-v2-shared.306d799b6c8c1794.min.js?cacheKey=gantry-1788343052:46
[   28516ms] [INFO] Sep-02 17:02:52.299 [DEVICE-PERMISSIONS-MA] Using browser device permissions strategy @ https://a.slack-edge.com/bv1-13-br/gantry-v2-shared.306d799b6c8c1794.min.js?cacheKey=gantry-1788343052:46
[   28516ms] [INFO] Sep-02 17:02:52.299 [DEVICE-PERMISSIONS-MA] Scheduled permissions refresh @ https://a.slack-edge.com/bv1-13-br/gantry-v2-shared.306d799b6c8c1794.min.js?cacheKey=gantry-1788343052:46
[   28517ms] [INFO] Sep-02 17:02:52.300 [(?)] Initializing device preferences manager with teamId: T0285LK1G @ https://a.slack-edge.com/bv1-13-br/gantry-v2-shared.306d799b6c8c1794.min.js?cacheKey=gantry-1788343052:46
[   28517ms] [INFO] Sep-02 17:02:52.301 [DEVICE-PREFS] Using device preferences manager @ https://a.slack-edge.com/bv1-13-br/gantry-v2-shared.306d799b6c8c1794.min.js?cacheKey=gantry-1788343052:46
[   28518ms] [INFO] Sep-02 17:02:52.301 [DEVICE-PREFS] Updating available devices (original flow) @ https://a.slack-edge.com/bv1-13-br/gantry-v2-shared.306d799b6c8c1794.min.js?cacheKey=gantry-1788343052:46
[   28519ms] [INFO] Sep-02 17:02:52.302 [AVDEVICESERVICE] [AVDeviceService] [LIFECYCLE] [avds_1788346972302] Device enumerator initialized @ https://a.slack-edge.com/bv1-13-br/gantry-v2-shared.306d799b6c8c1794.min.js?cacheKey=gantry-1788343052:46
[   28650ms] [WARNING] Sep-02 17:02:52.433 TRACER (T0285LK1G) (boot:time_to_mount_client) was forced closed and marked with the _flush=true tag. @ https://a.slack-edge.com/bv1-13-br/gantry-v2-shared.306d799b6c8c1794.min.js?cacheKey=gantry-1788343052:46
[   28651ms] [INFO] Sep-02 17:02:52.435 [API-Q] (T0285LK1G) d3c33b54-1788346972.290 users.interactions.list is ACTIVE @ https://a.slack-edge.com/bv1-13-br/gantry-v2-shared.306d799b6c8c1794.min.js?cacheKey=gantry-1788343052:46
[   28660ms] [INFO] Sep-02 17:02:52.443 [EMOJI_TRANSLATION] Emoji translations not needed for default locale, only adding keywords @ https://a.slack-edge.com/bv1-13-br/gantry-v2-shared.306d799b6c8c1794.min.js?cacheKey=gantry-1788343052:46
[   28662ms] [INFO] Sep-02 17:02:52.445 [API-Q] (T0285LK1G) d3c33b54-1788346972.445 drafts.list called with reason: client-v2-boot-team @ https://a.slack-edge.com/bv1-13-br/gantry-v2-shared.306d799b6c8c1794.min.js?cacheKey=gantry-1788343052:46
[   28662ms] [INFO] Sep-02 17:02:52.446 [API-Q] (T0285LK1G) d3c33b54-1788346972.445 drafts.list is ENQUEUED @ https://a.slack-edge.com/bv1-13-br/gantry-v2-shared.306d799b6c8c1794.min.js?cacheKey=gantry-1788343052:46
[   28663ms] [INFO] Sep-02 17:02:52.446 [API-Q] (T0285LK1G) d3c33b54-1788346972.446 drafts.listActive called with reason: client-v2-boot-team @ https://a.slack-edge.com/bv1-13-br/gantry-v2-shared.306d799b6c8c1794.min.js?cacheKey=gantry-1788343052:46
[   28663ms] [INFO] Sep-02 17:02:52.447 [API-Q] (T0285LK1G) d3c33b54-1788346972.446 drafts.listActive is ENQUEUED @ https://a.slack-edge.com/bv1-13-br/gantry-v2-shared.306d799b6c8c1794.min.js?cacheKey=gantry-1788343052:46
[   28665ms] [INFO] Sep-02 17:02:52.448 [API-Q] (T0285LK1G) d3c33b54-1788346972.448 workflows.triggers.listRecentlyRunForUser called with reason: fetch_and_upsert_recently_run_triggers @ https://a.slack-edge.com/bv1-13-br/gantry-v2-shared.306d799b6c8c1794.min.js?cacheKey=gantry-1788343052:46
[   28665ms] [INFO] Sep-02 17:02:52.448 [API-Q] (T0285LK1G) d3c33b54-1788346972.448 workflows.triggers.listRecentlyRunForUser is ENQUEUED @ https://a.slack-edge.com/bv1-13-br/gantry-v2-shared.306d799b6c8c1794.min.js?cacheKey=gantry-1788343052:46
[   28666ms] [INFO] Sep-02 17:02:52.450 [API-Q] (T0285LK1G) d3c33b54-1788346972.449 functions.workflows.list called with reason: automations_gallery @ https://a.slack-edge.com/bv1-13-br/gantry-v2-shared.306d799b6c8c1794.min.js?cacheKey=gantry-1788343052:46
[   28667ms] [INFO] Sep-02 17:02:52.450 [API-Q] (T0285LK1G) d3c33b54-1788346972.449 functions.workflows.list is ENQUEUED @ https://a.slack-edge.com/bv1-13-br/gantry-v2-shared.306d799b6c8c1794.min.js?cacheKey=gantry-1788343052:46
[   28669ms] [INFO] Sep-02 17:02:52.452 [API-Q] (T0285LK1G) d3c33b54-1788346972.452 megaphone.notifications.list called with reason: boot @ https://a.slack-edge.com/bv1-13-br/gantry-v2-shared.306d799b6c8c1794.min.js?cacheKey=gantry-1788343052:46
[   28669ms] [INFO] Sep-02 17:02:52.452 [API-Q] (T0285LK1G) d3c33b54-1788346972.452 megaphone.notifications.list is ENQUEUED @ https://a.slack-edge.com/bv1-13-br/gantry-v2-shared.306d799b6c8c1794.min.js?cacheKey=gantry-1788343052:46
[   28670ms] [INFO] Sep-02 17:02:52.453 [API-Q] (T0285LK1G) d3c33b54-1788346972.453 megaphone.notifications.list called with reason: boot @ https://a.slack-edge.com/bv1-13-br/gantry-v2-shared.306d799b6c8c1794.min.js?cacheKey=gantry-1788343052:46
[   28670ms] [INFO] Sep-02 17:02:52.454 [API-Q] (T0285LK1G) d3c33b54-1788346972.453 megaphone.notifications.list is ENQUEUED @ https://a.slack-edge.com/bv1-13-br/gantry-v2-shared.306d799b6c8c1794.min.js?cacheKey=gantry-1788343052:46
[   28672ms] [INFO] Sep-02 17:02:52.455 [API-Q] (T0285LK1G) d3c33b54-1788346972.455 users.prefs.get called with reason: fetch-user-expectation-last-triggered-pref @ https://a.slack-edge.com/bv1-13-br/gantry-v2-shared.306d799b6c8c1794.min.js?cacheKey=gantry-1788343052:46
[   28672ms] [INFO] Sep-02 17:02:52.455 [API-Q] (T0285LK1G) d3c33b54-1788346972.455 users.prefs.get is ENQUEUED @ https://a.slack-edge.com/bv1-13-br/gantry-v2-shared.306d799b6c8c1794.min.js?cacheKey=gantry-1788343052:46
[   28674ms] [INFO] Sep-02 17:02:52.458 [API-Q] (T0285LK1G) d3c33b54-1788346972.457 activity.views called with reason: fetch-deferred-messaging-client-data @ https://a.slack-edge.com/bv1-13-br/gantry-v2-shared.306d799b6c8c1794.min.js?cacheKey=gantry-1788343052:46
[   28675ms] [INFO] Sep-02 17:02:52.458 [API-Q] (T0285LK1G) d3c33b54-1788346972.457 activity.views is ENQUEUED @ https://a.slack-edge.com/bv1-13-br/gantry-v2-shared.306d799b6c8c1794.min.js?cacheKey=gantry-1788343052:46
[   28679ms] [INFO] Sep-02 17:02:52.461 [API-Q] (T0285LK1G) d3c33b54-1788346972.461 aiApps.list called with reason: fetch-deferred-messaging-client-data @ https://a.slack-edge.com/bv1-13-br/gantry-v2-shared.306d799b6c8c1794.min.js?cacheKey=gantry-1788343052:46
[   28680ms] [INFO] Sep-02 17:02:52.463 [API-Q] (T0285LK1G) d3c33b54-1788346972.461 aiApps.list is ENQUEUED @ https://a.slack-edge.com/bv1-13-br/gantry-v2-shared.306d799b6c8c1794.min.js?cacheKey=gantry-1788343052:46
[   28692ms] [INFO] Sep-02 17:02:52.468 [API-Q] (T0285LK1G) d3c33b54-1788346972.468 files.collections.list called with reason: fetch_file_collections @ https://a.slack-edge.com/bv1-13-br/gantry-v2-shared.306d799b6c8c1794.min.js?cacheKey=gantry-1788343052:46
[   28692ms] [INFO] Sep-02 17:02:52.476 [API-Q] (T0285LK1G) d3c33b54-1788346972.468 files.collections.list is ENQUEUED @ https://a.slack-edge.com/bv1-13-br/gantry-v2-shared.306d799b6c8c1794.min.js?cacheKey=gantry-1788343052:46
[   28694ms] [INFO] Sep-02 17:02:52.477 [API-Q] (T0285LK1G) d3c33b54-1788346972.445 drafts.list is ACTIVE @ https://a.slack-edge.com/bv1-13-br/gantry-v2-shared.306d799b6c8c1794.min.js?cacheKey=gantry-1788343052:46
[   28695ms] [INFO] Sep-02 17:02:52.478 [API-Q] (T0285LK1G) d3c33b54-1788346972.446 drafts.listActive is ACTIVE @ https://a.slack-edge.com/bv1-13-br/gantry-v2-shared.306d799b6c8c1794.min.js?cacheKey=gantry-1788343052:46
[   28696ms] [INFO] Sep-02 17:02:52.479 [API-Q] (T0285LK1G) d3c33b54-1788346972.448 workflows.triggers.listRecentlyRunForUser is ACTIVE @ https://a.slack-edge.com/bv1-13-br/gantry-v2-shared.306d799b6c8c1794.min.js?cacheKey=gantry-1788343052:46
[   28696ms] [INFO] Sep-02 17:02:52.480 [API-Q] (T0285LK1G) d3c33b54-1788346972.449 functions.workflows.list is ACTIVE @ https://a.slack-edge.com/bv1-13-br/gantry-v2-shared.306d799b6c8c1794.min.js?cacheKey=gantry-1788343052:46
[   28698ms] [INFO] Sep-02 17:02:52.482 [API-Q] (T0285LK1G) d3c33b54-1788346972.481 calendar.getInstalledCalendars called with reason: calendar-get-installed-calendars @ https://a.slack-edge.com/bv1-13-br/gantry-v2-shared.306d799b6c8c1794.min.js?cacheKey=gantry-1788343052:46
[   28699ms] [INFO] Sep-02 17:02:52.482 [API-Q] (T0285LK1G) d3c33b54-1788346972.481 calendar.getInstalledCalendars is ENQUEUED @ https://a.slack-edge.com/bv1-13-br/gantry-v2-shared.306d799b6c8c1794.min.js?cacheKey=gantry-1788343052:46
[   28702ms] [INFO] Sep-02 17:02:52.486 [BOOT] Setting reducedSignInWorkflowExperiment object in local storage. teamId: T0285LK1G, enterpriseId: undefined, isOn: true @ https://a.slack-edge.com/bv1-13-br/gantry-v2-shared.306d799b6c8c1794.min.js?cacheKey=gantry-1788343052:46
[   28710ms] [INFO] Sep-02 17:02:52.493 [NAVIGATE-LISTENERS] (T0285LK1G) Starting navigation listeners for triggerType CLIENT_MOUNT @ https://a.slack-edge.com/bv1-13-br/gantry-v2-shared.306d799b6c8c1794.min.js?cacheKey=gantry-1788343052:46
[   28718ms] [INFO] Sep-02 17:02:52.501 [NAVIGATE-LISTENERS] (T0285LK1G) Navigation listeners complete without errors @ https://a.slack-edge.com/bv1-13-br/gantry-v2-shared.306d799b6c8c1794.min.js?cacheKey=gantry-1788343052:46
[   28719ms] [INFO] Sep-02 17:02:52.502 [MIN-VERSION] Starting client min-version poll. @ https://a.slack-edge.com/bv1-13-br/gantry-v2-shared.306d799b6c8c1794.min.js?cacheKey=gantry-1788343052:46
[   28721ms] [INFO] Sep-02 17:02:52.504 [PERSIST] Purging persisted models, except for the following teamIds [T0285LK1G] @ https://a.slack-edge.com/bv1-13-br/gantry-v2-shared.306d799b6c8c1794.min.js?cacheKey=gantry-1788343052:46
[   28756ms] [INFO] Sep-02 17:02:52.539 [GS_REQUEST] (T0285LK1G) received a user_change_subscribe_request call while we are not connected; deferring @ https://a.slack-edge.com/bv1-13-br/gantry-v2-shared.306d799b6c8c1794.min.js?cacheKey=gantry-1788343052:46
[   28759ms] [INFO] Sep-02 17:02:52.542 [API-Q] (T0285LK1G) noversion-1788346972.542 Flannel users/info called with reason: flannel-call:users/info @ https://a.slack-edge.com/bv1-13-br/gantry-v2-shared.306d799b6c8c1794.min.js?cacheKey=gantry-1788343052:46
[   28759ms] [INFO] Sep-02 17:02:52.542 [API-Q] (T0285LK1G) noversion-1788346972.542 Flannel users/info is ENQUEUED @ https://a.slack-edge.com/bv1-13-br/gantry-v2-shared.306d799b6c8c1794.min.js?cacheKey=gantry-1788343052:46
[   28760ms] [INFO] Sep-02 17:02:52.544 [UFM-MEMBERS] (T0285LK1G) requesting USLACKBOT,U06CGT7VDH6,UHSF3EQGP,U08QL0GKG5N,U09QK5KMT0E,USLACK,U17BARAUW,U0199LPK2Q3,U02J843NUTH,U0GCK9NSZ,U0GEA2K16,U02JNPRUCJF,U0GD9LQR1,U02NW1DEH55,U035SP9LQF7,U03JDE4Q6RW,U03ME5CJ4LA,U03NBAV9197,U02QW81FRL7,U03J5FMQRAA,UJEBNRTFY,U02NZ499W7M,U035VLHFBV0,U03H260JW95,U03JUGCMEU8,U03NJNB0ADD,U03GM3KQV6Y,U0DEW434P,UPFD9L18E,U026LKJVDB9,U01LJKVDQ4C,U02GG1BDD36,U0302SLUTLN,U03HADV5GCB,U03HCTLV5FW,U01Q8U5KR16,UEWMQPX3P,UPCNWV8BW,U02HAB9FSA3,U034ZT7R0E9,U0GDDSVCZ,U1DJZS57Y,U02NDKV53AP,U0GCQ1HFC,U0GBVQ5KJ,U04C4MSAWTT,U2K9JTARK,U048Q1Z46N7,U047E4ZB0E7,U038XS3AC4A,U04N3NSNT2N,U03RE5H0ETY,UGFKSGG8K,U04HPQGB614,U0GETPADC,U04A9KESN31,U02TZ74K6DD,U01RF2EG58S,U03EBG6BLBF,U0GETKDSN,URET71F2T,UEPTQEZEE,U03NY7LQF4G,U0655RBJE7J,U068F3BPQ2F,U068HKK2CVA,U05Q33XEG1Z,U039WKU8HFY,U05ULK9K3DJ,U05CX354ZGW,U05NDE971DF,U04MW31R98D,U7F6STK96,U018HGZGMRB,UH4NLLL69,U06PXSST9GD,U01T15RN6RZ,U029A5TGH0S,U057361P7N3,U06NV55ASP7,U0499EQEBN2,U05N343RE5A,U077NNJAGLD,U06SUK1EXPS,U07AA0GRSNB,U07AT1LR25S,U07BEUXMMBL,UUHR6GXCP,U07EVSP002F,U073CR5TYMA,UM5DC75J5,U07H4HL99EC,U035Q0DM03V,U0799QTR5RC,U07AM2JNMV2,U07M94YFG56,U2KM2DN3C,U084FG0542K,U074BL7SUKT,U02NWCW3D5J,U078M5JSU03,U04BAF01MT3,U02H3T64Y5C,U09TW6VSMLZ,U0A53BM0BN1,U0A24ANQ59R,U076ZNUL48M,UUQQW3RFW,U023DF4G1TL,UQLMXLGV6,U06GSPAEB8B,U06RV6VL7AN,UDC0TTRPF,U0FULB5P1,U0GEMU7U4,UEZ9BTF7G,U07A20FF2JJ,U07A5MWLMQD,U0FSXK8F4 (1) @ https://a.slack-edge.com/bv1-13-br/gantry-v2-shared.306d799b6c8c1794.min.js?cacheKey=gantry-1788343052:46
[   28763ms] [INFO] Sep-02 17:02:52.546 [API-Q] (T0285LK1G) noversion-1788346972.546 Flannel users/info called with reason: flannel-call:users/info @ https://a.slack-edge.com/bv1-13-br/gantry-v2-shared.306d799b6c8c1794.min.js?cacheKey=gantry-1788343052:46
[   28763ms] [INFO] Sep-02 17:02:52.546 [API-Q] (T0285LK1G) noversion-1788346972.546 Flannel users/info is ENQUEUED @ https://a.slack-edge.com/bv1-13-br/gantry-v2-shared.306d799b6c8c1794.min.js?cacheKey=gantry-1788343052:46
[   28764ms] [INFO] Sep-02 17:02:52.547 [API-Q] (T0285LK1G) noversion-1788346972.547 Flannel users/info called with reason: flannel-call:users/info @ https://a.slack-edge.com/bv1-13-br/gantry-v2-shared.306d799b6c8c1794.min.js?cacheKey=gantry-1788343052:46
[   28764ms] [INFO] Sep-02 17:02:52.547 [API-Q] (T0285LK1G) noversion-1788346972.547 Flannel users/info is ENQUEUED @ https://a.slack-edge.com/bv1-13-br/gantry-v2-shared.306d799b6c8c1794.min.js?cacheKey=gantry-1788343052:46
[   28764ms] [INFO] Sep-02 17:02:52.548 [UFM-PERMISSIONS] (T0285LK1G) requesting ACCESS_SLACK_AI_SLACKBOT,ACCESS_SLACK_AI_TODAY,ACCESS_SLACK_AI_FILTERS,ACCESS_SLACK_AI_SEARCH,ACCESS_SLACK_AI_HUDDLE_SUMMARIES,CREATE_PUBLIC_CHANNEL,CREATE_PRIVATE_CHANNEL,ACCESS_SLACK_AI_RECAP,READ_AUDIT_LOGS,ARCHIVE_CHANNEL,CONVERT_MPDM_TO_PRIVATE,EDIT_CHANNEL_WORKSPACES,CAN_AT_CHANNEL,VIEW_OVERVIEW_ANALYTICS,VIEW_WORKSPACE_ANALYTICS,VIEW_MEMBER_ANALYTICS,VIEW_ORG_WIDE_CHANNEL_ANALYTICS,VIEW_HUDDLE_ANALYTICS,VIEW_CLIP_ANALYTICS,VIEW_APP_ANALYTICS,VIEW_CHANNEL_ANALYTICS,VIEW_AI_ANALYTICS,VIEW_CANVAS_ANALYTICS,VIEW_WORKFLOW_ANALYTICS,VIEW_LIST_ANALYTICS,VIEW_SLACKBOT_ANALYTICS,VIEW_TOP_LEVEL_WORKFLOWS,ADD_COLLABORATOR_TO_ANY_WORKFLOW,UNPUBLISH_ANY_WORKFLOW,CREATE_WORKFLOWS,CREATE_CANVAS_TEMPLATES,PUBLISH_CANVAS_ORG_TEMPLATES,MANAGE_SALES_HOME,MANAGE_SALES_HOME_DATA_SOURCE,ADD_CUSTOM_EMOJI,DELETE_CUSTOM_EMOJI,EDIT_SLACKBOT_RESPONSES,UPDATE_NAME,UPDATE_DISPLAY_NAME,EDIT_PROFILE_PHOTO,ACCEPT_SLACK_CONNECT_INVITES,MANAGE_SLACK_CONNECT,CREATE_SLACK_CONNECT_DM,VIEW_APP_REQUESTS,MANAGE_AAA_AUTOMATION_RULES,MANAGE_SCOPE_RATINGS,VIEW_INSTALLED_APPS,MANAGE_ORG_LEVEL_APP_APPROVAL,VIEW_APPROVED_APPS,VIEW_RESTRICTED_APPS,ADD_ORG_APPS_TO_WORKSPACES,REMOVE_ORG_APPS_FROM_WORKSPACES,VIEW_DEPRECATIONS,MANAGE_WORKFLOW_CONNECTORS,MANAGE_WORKFLOW_TRIGGERS,MANAGE_APP_ACLS,CREATE_SOLUTION_TEMPLATE,PUBLISH_SOLUTION_TEMPLATE,MANAGE_SOLUTION_TEMPLATE,CREATE_LIST_TEMPLATE,CREATE_USER_GROUPS,EDIT_USER_GROUPS,DELETE_USER_GROUPS,ACCESS_SLACK_AI_CHANNEL_THREAD_SUMMARIES,ACCESS_SLACK_AI_DETAILED_FEEDBACK,ACCESS_SLACK_AI_FILE_SUMMARIES,ACCESS_SLACK_AI_STEPS_IN_WORKFLOW,ACCESS_SLACK_AI_TRANSLATIONS,ACCESS_SLACK_AI_WORKFLOW_BUILDER,ACCESS_SLACK_AI_RECORD_CHANNEL_DIGEST,ACCESS_SLACK_AI_DEVELOPMENT,ACCESS_SLACK_AI_EXPLAIN,ACCESS_SLACK_AI_CANVAS,ACCESS_SLACK_AI_SALESFORCE_CSV_MAPPER,ACCESS_SLACK_AI_SUGGESTED_SECTIONS,ACCESS_SLACK_AI_CHANNEL_SECTION_RECOMMENDATIONS,ACCESS_SLACK_AI_SLACKIVERSARY,ACCESS_ENTERPRISE_SEARCH,AUTHOR_SKILLS,AUTO_ENABLE_SKILL,CAN_MANAGE_XWS_CHANNELS,CREATE_AND_EDIT_ORG_USER_GROUPS,EDIT_ORG_USER_GROUPS,DELETE_ORG_USER_GROUPS (1) @ https://a.slack-edge.com/bv1-13-br/gantry-v2-shared.306d799b6c8c1794.min.js?cacheKey=gantry-1788343052:46
[   28765ms] [INFO] Sep-02 17:02:52.549 [API-Q] (T0285LK1G) noversion-1788346972.549 Flannel permissions/info called with reason: flannel-call:permissions/info @ https://a.slack-edge.com/bv1-13-br/gantry-v2-shared.306d799b6c8c1794.min.js?cacheKey=gantry-1788343052:46
[   28766ms] [INFO] Sep-02 17:02:52.549 [API-Q] (T0285LK1G) noversion-1788346972.549 Flannel permissions/info is ENQUEUED @ https://a.slack-edge.com/bv1-13-br/gantry-v2-shared.306d799b6c8c1794.min.js?cacheKey=gantry-1788343052:46
[   28767ms] [INFO] Sep-02 17:02:52.550 [API-Q] (T0285LK1G) noversion-1788346972.550 Flannel permissions/info called with reason: flannel-call:permissions/info @ https://a.slack-edge.com/bv1-13-br/gantry-v2-shared.306d799b6c8c1794.min.js?cacheKey=gantry-1788343052:46
[   28767ms] [INFO] Sep-02 17:02:52.550 [API-Q] (T0285LK1G) noversion-1788346972.550 Flannel permissions/info is ENQUEUED @ https://a.slack-edge.com/bv1-13-br/gantry-v2-shared.306d799b6c8c1794.min.js?cacheKey=gantry-1788343052:46
[   28768ms] [INFO] Sep-02 17:02:52.551 [DND_V2] (T0285LK1G) fetchAndUpsertDndForUsers - Preparing to fetch DND times for the following members: U03JR0Q2AAG @ https://a.slack-edge.com/bv1-13-br/gantry-v2-shared.306d799b6c8c1794.min.js?cacheKey=gantry-1788343052:46
[   28769ms] [INFO] Sep-02 17:02:52.553 [API-Q] (T0285LK1G) d3c33b54-1788346972.552 dnd.info called with reason: fetchAndUpsertDndForUsers-getDndTimesFor:self @ https://a.slack-edge.com/bv1-13-br/gantry-v2-shared.306d799b6c8c1794.min.js?cacheKey=gantry-1788343052:46
[   28770ms] [INFO] Sep-02 17:02:52.553 [API-Q] (T0285LK1G) d3c33b54-1788346972.552 dnd.info is ENQUEUED @ https://a.slack-edge.com/bv1-13-br/gantry-v2-shared.306d799b6c8c1794.min.js?cacheKey=gantry-1788343052:46
[   28772ms] [INFO] Sep-02 17:02:52.555 [API-Q] (T0285LK1G) d3c33b54-1788346972.555 help.issues.ticketStats called with reason: fetchAndUpsertTicketStats @ https://a.slack-edge.com/bv1-13-br/gantry-v2-shared.306d799b6c8c1794.min.js?cacheKey=gantry-1788343052:46
[   28773ms] [INFO] Sep-02 17:02:52.556 [API-Q] (T0285LK1G) d3c33b54-1788346972.555 help.issues.ticketStats is ENQUEUED @ https://a.slack-edge.com/bv1-13-br/gantry-v2-shared.306d799b6c8c1794.min.js?cacheKey=gantry-1788343052:46
[   28775ms] [INFO] Sep-02 17:02:52.558 [API-Q] (T0285LK1G) noversion-1788346972.558 Flannel emojis/info called with reason: flannel-call:emojis/info @ https://a.slack-edge.com/bv1-13-br/gantry-v2-shared.306d799b6c8c1794.min.js?cacheKey=gantry-1788343052:46
[   28775ms] [INFO] Sep-02 17:02:52.558 [API-Q] (T0285LK1G) noversion-1788346972.558 Flannel emojis/info is ENQUEUED @ https://a.slack-edge.com/bv1-13-br/gantry-v2-shared.306d799b6c8c1794.min.js?cacheKey=gantry-1788343052:46
[   28775ms] [INFO] Sep-02 17:02:52.559 [UFM] (T0285LK1G) requesting GGWTSNWTC (1) @ https://a.slack-edge.com/bv1-13-br/gantry-v2-shared.306d799b6c8c1794.min.js?cacheKey=gantry-1788343052:46
[   28776ms] [INFO] Sep-02 17:02:52.560 [API-Q] (T0285LK1G) noversion-1788346972.559 Flannel huddles/info called with reason: flannel-call:huddles/info @ https://a.slack-edge.com/bv1-13-br/gantry-v2-shared.306d799b6c8c1794.min.js?cacheKey=gantry-1788343052:46
[   28776ms] [INFO] Sep-02 17:02:52.560 [API-Q] (T0285LK1G) noversion-1788346972.559 Flannel huddles/info is ENQUEUED @ https://a.slack-edge.com/bv1-13-br/gantry-v2-shared.306d799b6c8c1794.min.js?cacheKey=gantry-1788343052:46
[   28778ms] [INFO] Sep-02 17:02:52.561 [OBJECT-STORE] attempting to delete shards [] @ https://a.slack-edge.com/bv1-13-br/gantry-v2-shared.306d799b6c8c1794.min.js?cacheKey=gantry-1788343052:46
[   28782ms] [INFO] Sep-02 17:02:52.564 [API-Q] (T0285LK1G) d3c33b54-1788346972.563 team.targetingCriteria called with reason: team_targeting_criteria @ https://a.slack-edge.com/bv1-13-br/gantry-v2-shared.306d799b6c8c1794.min.js?cacheKey=gantry-1788343052:46
[   28783ms] [INFO] Sep-02 17:02:52.566 [API-Q] (T0285LK1G) d3c33b54-1788346972.563 team.targetingCriteria is ENQUEUED @ https://a.slack-edge.com/bv1-13-br/gantry-v2-shared.306d799b6c8c1794.min.js?cacheKey=gantry-1788343052:46
[   28790ms] [INFO] Sep-02 17:02:52.573 [API-Q] (T0285LK1G) f86b7e71-1788346971.949 links.getDomains is RESOLVED @ https://a.slack-edge.com/bv1-13-br/gantry-v2-shared.306d799b6c8c1794.min.js?cacheKey=gantry-1788343052:46
[   28793ms] [INFO] Sep-02 17:02:52.576 [API-Q] (T0285LK1G) noversion-1788346972.559 Flannel huddles/info is ACTIVE @ https://a.slack-edge.com/bv1-13-br/gantry-v2-shared.306d799b6c8c1794.min.js?cacheKey=gantry-1788343052:46
[   28800ms] [INFO] Sep-02 17:02:52.583 [PERSIST] Purged persisted models [] @ https://a.slack-edge.com/bv1-13-br/gantry-v2-shared.306d799b6c8c1794.min.js?cacheKey=gantry-1788343052:46
[   28802ms] [INFO] Sep-02 17:02:52.585 [BOOT] Client boot completed @ https://a.slack-edge.com/bv1-13-br/gantry-v2-shared.306d799b6c8c1794.min.js?cacheKey=gantry-1788343052:46
[   28811ms] [INFO] Sep-02 17:02:52.594 [SLACKBOTMINI:SHORTCUT] Desktop API unavailable; skipping {source: boot} @ https://a.slack-edge.com/bv1-13-br/gantry-v2-shared.306d799b6c8c1794.min.js?cacheKey=gantry-1788343052:46
[   28815ms] [INFO] Sep-02 17:02:52.598 [RTM-EVENT-METRICS] Metrics collection sampling has been reset. @ https://a.slack-edge.com/bv1-13-br/gantry-v2-shared.306d799b6c8c1794.min.js?cacheKey=gantry-1788343052:46
[   28823ms] [INFO] Sep-02 17:02:52.606 [API-Q] (T0285LK1G) f86b7e71-1788346971.959 users.prefs.get is RESOLVED @ https://a.slack-edge.com/bv1-13-br/gantry-v2-shared.306d799b6c8c1794.min.js?cacheKey=gantry-1788343052:46
[   28824ms] [INFO] Sep-02 17:02:52.608 [API-Q] (T0285LK1G) noversion-1788346972.558 Flannel emojis/info is ACTIVE @ https://a.slack-edge.com/bv1-13-br/gantry-v2-shared.306d799b6c8c1794.min.js?cacheKey=gantry-1788343052:46
[   28827ms] [INFO] Sep-02 17:02:52.611 [API-Q] (T0285LK1G) noversion-1788346972.610 Flannel emojis/info called with reason: flannel-call:emojis/info @ https://a.slack-edge.com/bv1-13-br/gantry-v2-shared.306d799b6c8c1794.min.js?cacheKey=gantry-1788343052:46
[   28827ms] [INFO] Sep-02 17:02:52.611 [API-Q] (T0285LK1G) noversion-1788346972.610 Flannel emojis/info is ENQUEUED @ https://a.slack-edge.com/bv1-13-br/gantry-v2-shared.306d799b6c8c1794.min.js?cacheKey=gantry-1788343052:46
[   28829ms] [INFO] Sep-02 17:02:52.613 [API-Q] (T0285LK1G) f86b7e71-1788346971.962 client.appCommands is RESOLVED @ https://a.slack-edge.com/bv1-13-br/gantry-v2-shared.306d799b6c8c1794.min.js?cacheKey=gantry-1788343052:46
[   28833ms] [INFO] Sep-02 17:02:52.616 [API-Q] (T0285LK1G) noversion-1788346972.610 Flannel emojis/info is ACTIVE @ https://a.slack-edge.com/bv1-13-br/gantry-v2-shared.306d799b6c8c1794.min.js?cacheKey=gantry-1788343052:46
[   28834ms] [INFO] Sep-02 17:02:52.617 [API-Q] (T0285LK1G) f86b7e71-1788346971.972 sfdc.integration.listOrgs is RESOLVED @ https://a.slack-edge.com/bv1-13-br/gantry-v2-shared.306d799b6c8c1794.min.js?cacheKey=gantry-1788343052:46
[   28835ms] [INFO] Sep-02 17:02:52.618 [API-Q] (T0285LK1G) noversion-1788346972.550 Flannel permissions/info is ACTIVE @ https://a.slack-edge.com/bv1-13-br/gantry-v2-shared.306d799b6c8c1794.min.js?cacheKey=gantry-1788343052:46
[   28840ms] [INFO] Sep-02 17:02:52.623 [API-Q] (T0285LK1G) noversion-1788346972.000 Flannel huddles/list is RESOLVED @ https://a.slack-edge.com/bv1-13-br/gantry-v2-shared.306d799b6c8c1794.min.js?cacheKey=gantry-1788343052:46
[   28843ms] [INFO] Sep-02 17:02:52.626 [API-Q] (T0285LK1G) noversion-1788346972.549 Flannel permissions/info is ACTIVE @ https://a.slack-edge.com/bv1-13-br/gantry-v2-shared.306d799b6c8c1794.min.js?cacheKey=gantry-1788343052:46
[   28874ms] [INFO] Sep-02 17:02:52.657 [PERSIST] (T0285LK1G) Rehydrated lazy reducer: userGroupsFlexpane @ https://a.slack-edge.com/bv1-13-br/gantry-v2-shared.306d799b6c8c1794.min.js?cacheKey=gantry-1788343052:46
[   28928ms] [LOG] [WD] All assets have reported back; s: 15; f: 0 @ https://app.slack.com/client:0
[   28984ms] [WARNING] Sep-02 17:02:52.767 AVDeviceService [AVDeviceService] [HEALTH] [avds_1788346972302] Invalid device list on attempt 1 (3 devices, none with valid IDs) @ https://a.slack-edge.com/bv1-13-br/gantry-v2-shared.306d799b6c8c1794.min.js?cacheKey=gantry-1788343052:46
[   28984ms] [INFO] Sep-02 17:02:52.768 [AVDEVICESERVICE] [AVDeviceService] [ACQUISITION] [avds_1788346972302] Retry attempt 1 for enumerateDevices with 500ms delay @ https://a.slack-edge.com/bv1-13-br/gantry-v2-shared.306d799b6c8c1794.min.js?cacheKey=gantry-1788343052:46
[   28988ms] [INFO] Sep-02 17:02:52.772 [API-Q] (T0285LK1G) d3c33b54-1788346972.290 users.interactions.list is RESOLVED @ https://a.slack-edge.com/bv1-13-br/gantry-v2-shared.306d799b6c8c1794.min.js?cacheKey=gantry-1788343052:46
[   28993ms] [INFO] Sep-02 17:02:52.777 [API-Q] (T0285LK1G) noversion-1788346972.547 Flannel users/info is ACTIVE @ https://a.slack-edge.com/bv1-13-br/gantry-v2-shared.306d799b6c8c1794.min.js?cacheKey=gantry-1788343052:46
[   28996ms] [INFO] Sep-02 17:02:52.779 [API-Q] (T0285LK1G) d3c33b54-1788346972.446 drafts.listActive is RESOLVED @ https://a.slack-edge.com/bv1-13-br/gantry-v2-shared.306d799b6c8c1794.min.js?cacheKey=gantry-1788343052:46
[   28997ms] [INFO] Sep-02 17:02:52.781 [DRAFTS] (T0285LK1G) Fetched 2 active draft ids - page 1 @ https://a.slack-edge.com/bv1-13-br/gantry-v2-shared.306d799b6c8c1794.min.js?cacheKey=gantry-1788343052:46
[   28998ms] [INFO] Sep-02 17:02:52.782 [API-Q] (T0285LK1G) noversion-1788346972.546 Flannel users/info is ACTIVE @ https://a.slack-edge.com/bv1-13-br/gantry-v2-shared.306d799b6c8c1794.min.js?cacheKey=gantry-1788343052:46
[   28999ms] [INFO] Sep-02 17:02:52.782 [DRAFTS] (T0285LK1G) Purged 0 inactive drafts @ https://a.slack-edge.com/bv1-13-br/gantry-v2-shared.306d799b6c8c1794.min.js?cacheKey=gantry-1788343052:46
[   29000ms] [INFO] Sep-02 17:02:52.784 [API-Q] (T0285LK1G) d3c33b54-1788346972.445 drafts.list is RESOLVED @ https://a.slack-edge.com/bv1-13-br/gantry-v2-shared.306d799b6c8c1794.min.js?cacheKey=gantry-1788343052:46
[   29001ms] [INFO] Sep-02 17:02:52.784 [DRAFTS] (T0285LK1G) Fetched 2 active drafts - page 1 @ https://a.slack-edge.com/bv1-13-br/gantry-v2-shared.306d799b6c8c1794.min.js?cacheKey=gantry-1788343052:46
[   29003ms] [INFO] Sep-02 17:02:52.786 [DRAFTS] (T0285LK1G) Reconciliation handled - server ts <= local model ts (GGWTSNWTC-1748861619.392559) @ https://a.slack-edge.com/bv1-13-br/gantry-v2-shared.306d799b6c8c1794.min.js?cacheKey=gantry-1788343052:46
[   29003ms] [INFO] Sep-02 17:02:52.787 [DRAFTS] (T0285LK1G) Reconciliation handled - server ts <= local model ts (C07D9GQGHTJ-1747637519.394729) @ https://a.slack-edge.com/bv1-13-br/gantry-v2-shared.306d799b6c8c1794.min.js?cacheKey=gantry-1788343052:46
[   29003ms] [INFO] Sep-02 17:02:52.787 [DRAFTS] (T0285LK1G) Reconciled fetched drafts:
Drafts added: 0
Drafts updated: 0
Drafts removed: 0
Drafts ignored: 0 @ https://a.slack-edge.com/bv1-13-br/gantry-v2-shared.306d799b6c8c1794.min.js?cacheKey=gantry-1788343052:46
[   29004ms] [INFO] Sep-02 17:02:52.787 [DRAFTS] (T0285LK1G) No files associated with the fetched drafts @ https://a.slack-edge.com/bv1-13-br/gantry-v2-shared.306d799b6c8c1794.min.js?cacheKey=gantry-1788343052:46
[   29004ms] [INFO] Sep-02 17:02:52.788 [API-Q] (T0285LK1G) noversion-1788346972.542 Flannel users/info is ACTIVE @ https://a.slack-edge.com/bv1-13-br/gantry-v2-shared.306d799b6c8c1794.min.js?cacheKey=gantry-1788343052:46
[   29005ms] [INFO] Sep-02 17:02:52.788 [DRAFTS] (T0285LK1G) Successfully fetched all active and inactive drafts ✨ @ https://a.slack-edge.com/bv1-13-br/gantry-v2-shared.306d799b6c8c1794.min.js?cacheKey=gantry-1788343052:46
[   29008ms] [INFO] Sep-02 17:02:52.791 [API-Q] (T0285LK1G) d3c33b54-1788346972.448 workflows.triggers.listRecentlyRunForUser is RESOLVED @ https://a.slack-edge.com/bv1-13-br/gantry-v2-shared.306d799b6c8c1794.min.js?cacheKey=gantry-1788343052:46
[   29009ms] [INFO] Sep-02 17:02:52.792 [API-Q] (T0285LK1G) d3c33b54-1788346972.455 users.prefs.get is ACTIVE @ https://a.slack-edge.com/bv1-13-br/gantry-v2-shared.306d799b6c8c1794.min.js?cacheKey=gantry-1788343052:46
[   29014ms] [INFO] Sep-02 17:02:52.798 [SOCKET-MANAGER] (T0285LK1G) Changing from prov_connecting to prov_connected @ https://a.slack-edge.com/bv1-13-br/gantry-v2-shared.306d799b6c8c1794.min.js?cacheKey=gantry-1788343052:46
[   29014ms] [INFO] Sep-02 17:02:52.798 [SOCKET-MANAGER] (T0285LK1G) will stay in prov_connected state for up to 60000 ms @ https://a.slack-edge.com/bv1-13-br/gantry-v2-shared.306d799b6c8c1794.min.js?cacheKey=gantry-1788343052:46
[   29017ms] [INFO] Sep-02 17:02:52.800 [SOCKET-MANAGER] (T0285LK1G) Changing from prov_connected to prov_finalize @ https://a.slack-edge.com/bv1-13-br/gantry-v2-shared.306d799b6c8c1794.min.js?cacheKey=gantry-1788343052:46
[   29017ms] [INFO] Sep-02 17:02:52.800 [SOCKET-MANAGER] (T0285LK1G) will stay in prov_finalize state for up to 10000 ms @ https://a.slack-edge.com/bv1-13-br/gantry-v2-shared.306d799b6c8c1794.min.js?cacheKey=gantry-1788343052:46
[   29017ms] [INFO] Sep-02 17:02:52.801 [SOCKET-MANAGER] (T0285LK1G) Changing from prov_finalize to prov_finalizing @ https://a.slack-edge.com/bv1-13-br/gantry-v2-shared.306d799b6c8c1794.min.js?cacheKey=gantry-1788343052:46
[   29017ms] [INFO] Sep-02 17:02:52.801 [SOCKET-MANAGER] (T0285LK1G) will stay in prov_finalizing state for up to 10000 ms @ https://a.slack-edge.com/bv1-13-br/gantry-v2-shared.306d799b6c8c1794.min.js?cacheKey=gantry-1788343052:46
[   29018ms] [INFO] Sep-02 17:02:52.801 [SOCKET-MANAGER] (T0285LK1G) Changing from prov_finalizing to connected @ https://a.slack-edge.com/bv1-13-br/gantry-v2-shared.306d799b6c8c1794.min.js?cacheKey=gantry-1788343052:46
[   29018ms] [INFO] Sep-02 17:02:52.801 [SOCKET-MANAGER] (T0285LK1G) will stay in connected state for up to Infinity ms @ https://a.slack-edge.com/bv1-13-br/gantry-v2-shared.306d799b6c8c1794.min.js?cacheKey=gantry-1788343052:46
[   29018ms] [INFO] Sep-02 17:02:52.802 [SOCKET-MANAGER] (T0285LK1G) Connected to primary region @ https://a.slack-edge.com/bv1-13-br/gantry-v2-shared.306d799b6c8c1794.min.js?cacheKey=gantry-1788343052:46
[   29022ms] [INFO] Sep-02 17:02:52.805 [EVENTLOG] (T0285LK1G) fr=false, lc=false, lt=1788179708.055700 @ https://a.slack-edge.com/bv1-13-br/gantry-v2-shared.306d799b6c8c1794.min.js?cacheKey=gantry-1788343052:46
[   29022ms] [INFO] Sep-02 17:02:52.806 [EVENTLOG] (T0285LK1G) fetching events since 1788179708.055700 (167265 seconds ago) @ https://a.slack-edge.com/bv1-13-br/gantry-v2-shared.306d799b6c8c1794.min.js?cacheKey=gantry-1788343052:46
[   29024ms] [INFO] Sep-02 17:02:52.807 [API-Q] (T0285LK1G) d3c33b54-1788346972.807 ublockworkaround.history called with reason: onSocketConnected @ https://a.slack-edge.com/bv1-13-br/gantry-v2-shared.306d799b6c8c1794.min.js?cacheKey=gantry-1788343052:46
[   29024ms] [INFO] Sep-02 17:02:52.808 [API-Q] (T0285LK1G) d3c33b54-1788346972.807 ublockworkaround.history is ENQUEUED @ https://a.slack-edge.com/bv1-13-br/gantry-v2-shared.306d799b6c8c1794.min.js?cacheKey=gantry-1788343052:46
[   29025ms] [INFO] Sep-02 17:02:52.809 [MESSAGE-HISTORY] (T0285LK1G) Resetting reachedEnd @ https://a.slack-edge.com/bv1-13-br/gantry-v2-shared.306d799b6c8c1794.min.js?cacheKey=gantry-1788343052:46
[   29027ms] [INFO] Sep-02 17:02:52.811 [API-Q] (T0285LK1G) d3c33b54-1788346972.810 users.customStatus.list called with reason: fetchCustomStatusOnReconnect @ https://a.slack-edge.com/bv1-13-br/gantry-v2-shared.306d799b6c8c1794.min.js?cacheKey=gantry-1788343052:46
[   29028ms] [INFO] Sep-02 17:02:52.811 [API-Q] (T0285LK1G) d3c33b54-1788346972.810 users.customStatus.list is ENQUEUED @ https://a.slack-edge.com/bv1-13-br/gantry-v2-shared.306d799b6c8c1794.min.js?cacheKey=gantry-1788343052:46
[   29034ms] [INFO] Sep-02 17:02:52.817 [PRESENCE_PROMPT] (T0285LK1G) ignoring prompt due to pref @ https://a.slack-edge.com/bv1-13-br/gantry-v2-shared.306d799b6c8c1794.min.js?cacheKey=gantry-1788343052:46
[   29034ms] [INFO] Sep-02 17:02:52.818 [GS_REQUEST] (T0285LK1G) connected and trouble free! Continuing deferred user_change_subscribe_request call @ https://a.slack-edge.com/bv1-13-br/gantry-v2-shared.306d799b6c8c1794.min.js?cacheKey=gantry-1788343052:46
[   29041ms] [WARNING] Sep-02 17:02:52.824 SERVICE-WORKER Found existing value for https://slack.com/fake-url-for-service-worker-item-storage/locales; Will overwrite value. @ https://a.slack-edge.com/bv1-13-br/gantry-v2-shared.306d799b6c8c1794.min.js?cacheKey=gantry-1788343052:46
[   29041ms] [INFO] Sep-02 17:02:52.825 [SERVICE-WORKER] Writing (["en-US"]) to Service Worker with key https://slack.com/fake-url-for-service-worker-item-storage/locales. @ https://a.slack-edge.com/bv1-13-br/gantry-v2-shared.306d799b6c8c1794.min.js?cacheKey=gantry-1788343052:46
[   29068ms] [LOG] [WD] All assets have reported back; s: 16; f: 0 @ https://app.slack.com/client:0
[   29072ms] [INFO] Sep-02 17:02:52.855 [API-Q] (T0285LK1G) noversion-1788346972.559 Flannel huddles/info is RESOLVED @ https://a.slack-edge.com/bv1-13-br/gantry-v2-shared.306d799b6c8c1794.min.js?cacheKey=gantry-1788343052:46
[   29073ms] [INFO] Sep-02 17:02:52.856 [API-Q] (T0285LK1G) d3c33b54-1788346972.807 ublockworkaround.history is ACTIVE @ https://a.slack-edge.com/bv1-13-br/gantry-v2-shared.306d799b6c8c1794.min.js?cacheKey=gantry-1788343052:46
[   29073ms] [INFO] Sep-02 17:02:52.857 [UFM] (T0285LK1G) received GGWTSNWTC (1) @ https://a.slack-edge.com/bv1-13-br/gantry-v2-shared.306d799b6c8c1794.min.js?cacheKey=gantry-1788343052:46
[   29091ms] [INFO] Sep-02 17:02:52.875 [API-Q] (T0285LK1G) noversion-1788346972.610 Flannel emojis/info is RESOLVED @ https://a.slack-edge.com/bv1-13-br/gantry-v2-shared.306d799b6c8c1794.min.js?cacheKey=gantry-1788343052:46
[   29093ms] [INFO] Sep-02 17:02:52.876 [API-Q] (T0285LK1G) d3c33b54-1788346972.452 megaphone.notifications.list is ACTIVE @ https://a.slack-edge.com/bv1-13-br/gantry-v2-shared.306d799b6c8c1794.min.js?cacheKey=gantry-1788343052:46
[   29102ms] [INFO] Sep-02 17:02:52.886 [API-Q] (T0285LK1G) noversion-1788346972.558 Flannel emojis/info is RESOLVED @ https://a.slack-edge.com/bv1-13-br/gantry-v2-shared.306d799b6c8c1794.min.js?cacheKey=gantry-1788343052:46
[   29103ms] [INFO] Sep-02 17:02:52.886 [API-Q] (T0285LK1G) d3c33b54-1788346972.453 megaphone.notifications.list is ACTIVE @ https://a.slack-edge.com/bv1-13-br/gantry-v2-shared.306d799b6c8c1794.min.js?cacheKey=gantry-1788343052:46
[   29109ms] [INFO] Sep-02 17:02:52.892 [SERVICE-WORKER] registration success {} @ https://a.slack-edge.com/bv1-13-br/gantry-v2-shared.306d799b6c8c1794.min.js?cacheKey=gantry-1788343052:46
[   29109ms] [INFO] Sep-02 17:02:52.892 [SERVICE-WORKER-STATE] initial activating @ https://a.slack-edge.com/bv1-13-br/gantry-v2-shared.306d799b6c8c1794.min.js?cacheKey=gantry-1788343052:46
[   29110ms] [INFO] Sep-02 17:02:52.893 [API-Q] (T0285LK1G) noversion-1788346972.549 Flannel permissions/info is RESOLVED @ https://a.slack-edge.com/bv1-13-br/gantry-v2-shared.306d799b6c8c1794.min.js?cacheKey=gantry-1788343052:46
[   29111ms] [INFO] Sep-02 17:02:52.894 [API-Q] (T0285LK1G) d3c33b54-1788346972.457 activity.views is ACTIVE @ https://a.slack-edge.com/bv1-13-br/gantry-v2-shared.306d799b6c8c1794.min.js?cacheKey=gantry-1788343052:46
[   29112ms] [INFO] Sep-02 17:02:52.895 [UFM-PERMISSIONS] (T0285LK1G) received ACCESS_SLACK_AI_SLACKBOT,ACCESS_SLACK_AI_TODAY,ACCESS_SLACK_AI_FILTERS,ACCESS_SLACK_AI_SEARCH,ACCESS_SLACK_AI_HUDDLE_SUMMARIES,CREATE_PUBLIC_CHANNEL,CREATE_PRIVATE_CHANNEL,ACCESS_SLACK_AI_RECAP,READ_AUDIT_LOGS,ARCHIVE_CHANNEL,CONVERT_MPDM_TO_PRIVATE,EDIT_CHANNEL_WORKSPACES,CAN_AT_CHANNEL,VIEW_OVERVIEW_ANALYTICS,VIEW_WORKSPACE_ANALYTICS,VIEW_MEMBER_ANALYTICS,VIEW_ORG_WIDE_CHANNEL_ANALYTICS,VIEW_HUDDLE_ANALYTICS,VIEW_CLIP_ANALYTICS,VIEW_APP_ANALYTICS,VIEW_CHANNEL_ANALYTICS,VIEW_AI_ANALYTICS,VIEW_CANVAS_ANALYTICS,VIEW_WORKFLOW_ANALYTICS,VIEW_LIST_ANALYTICS,VIEW_SLACKBOT_ANALYTICS,VIEW_TOP_LEVEL_WORKFLOWS,ADD_COLLABORATOR_TO_ANY_WORKFLOW,UNPUBLISH_ANY_WORKFLOW,CREATE_WORKFLOWS,CREATE_CANVAS_TEMPLATES,PUBLISH_CANVAS_ORG_TEMPLATES,MANAGE_SALES_HOME,MANAGE_SALES_HOME_DATA_SOURCE,ADD_CUSTOM_EMOJI,DELETE_CUSTOM_EMOJI,EDIT_SLACKBOT_RESPONSES,UPDATE_NAME,UPDATE_DISPLAY_NAME,EDIT_PROFILE_PHOTO,ACCEPT_SLACK_CONNECT_INVITES,MANAGE_SLACK_CONNECT,CREATE_SLACK_CONNECT_DM,VIEW_APP_REQUESTS,MANAGE_AAA_AUTOMATION_RULES,MANAGE_SCOPE_RATINGS,VIEW_INSTALLED_APPS,MANAGE_ORG_LEVEL_APP_APPROVAL,VIEW_APPROVED_APPS,VIEW_RESTRICTED_APPS,ADD_ORG_APPS_TO_WORKSPACES,REMOVE_ORG_APPS_FROM_WORKSPACES,VIEW_DEPRECATIONS,MANAGE_WORKFLOW_CONNECTORS,MANAGE_WORKFLOW_TRIGGERS,MANAGE_APP_ACLS,CREATE_SOLUTION_TEMPLATE,PUBLISH_SOLUTION_TEMPLATE,MANAGE_SOLUTION_TEMPLATE,CREATE_LIST_TEMPLATE,CREATE_USER_GROUPS,EDIT_USER_GROUPS,DELETE_USER_GROUPS,ACCESS_SLACK_AI_CHANNEL_THREAD_SUMMARIES,ACCESS_SLACK_AI_DETAILED_FEEDBACK,ACCESS_SLACK_AI_FILE_SUMMARIES,ACCESS_SLACK_AI_STEPS_IN_WORKFLOW,ACCESS_SLACK_AI_TRANSLATIONS,ACCESS_SLACK_AI_WORKFLOW_BUILDER,ACCESS_SLACK_AI_RECORD_CHANNEL_DIGEST,ACCESS_SLACK_AI_DEVELOPMENT,ACCESS_SLACK_AI_EXPLAIN,ACCESS_SLACK_AI_CANVAS,ACCESS_SLACK_AI_SALESFORCE_CSV_MAPPER,ACCESS_SLACK_AI_SUGGESTED_SECTIONS,ACCESS_SLACK_AI_CHANNEL_SECTION_RECOMMENDATIONS,ACCESS_SLACK_AI_SLACKIVERSARY,ACCESS_ENTERPRISE_SEARCH,AUTHOR_SKILLS,AUTO_ENABLE_SKILL,CAN_MANAGE_XWS_CHANNELS,CREATE_AND_EDIT_ORG_USER_GROUPS,EDIT_ORG_USER_GROUPS,DELETE_ORG_USER_GROUPS (1) @ https://a.slack-edge.com/bv1-13-br/gantry-v2-shared.306d799b6c8c1794.min.js?cacheKey=gantry-1788343052:46
[   29115ms] [INFO] Sep-02 17:02:52.898 [API-Q] (T0285LK1G) d3c33b54-1788346972.897 feature.usage.info called with reason: fetch-slackbot-ai-usage-on-window-open @ https://a.slack-edge.com/bv1-13-br/gantry-v2-shared.306d799b6c8c1794.min.js?cacheKey=gantry-1788343052:46
[   29115ms] [INFO] Sep-02 17:02:52.898 [API-Q] (T0285LK1G) d3c33b54-1788346972.897 feature.usage.info is ENQUEUED @ https://a.slack-edge.com/bv1-13-br/gantry-v2-shared.306d799b6c8c1794.min.js?cacheKey=gantry-1788343052:46
[   29118ms] [INFO] Sep-02 17:02:52.901 [API-Q] (T0285LK1G) d3c33b54-1788346972.901 slackbot.mcp.list called with reason: fetch-mcp-servers-for-shortcuts-menu @ https://a.slack-edge.com/bv1-13-br/gantry-v2-shared.306d799b6c8c1794.min.js?cacheKey=gantry-1788343052:46
[   29119ms] [INFO] Sep-02 17:02:52.902 [API-Q] (T0285LK1G) d3c33b54-1788346972.901 slackbot.mcp.list is ENQUEUED @ https://a.slack-edge.com/bv1-13-br/gantry-v2-shared.306d799b6c8c1794.min.js?cacheKey=gantry-1788343052:46
[   29120ms] [INFO] Sep-02 17:02:52.904 [API-Q] (T0285LK1G) noversion-1788346972.550 Flannel permissions/info is RESOLVED @ https://a.slack-edge.com/bv1-13-br/gantry-v2-shared.306d799b6c8c1794.min.js?cacheKey=gantry-1788343052:46
[   29121ms] [INFO] Sep-02 17:02:52.905 [API-Q] (T0285LK1G) d3c33b54-1788346972.461 aiApps.list is ACTIVE @ https://a.slack-edge.com/bv1-13-br/gantry-v2-shared.306d799b6c8c1794.min.js?cacheKey=gantry-1788343052:46
[   29124ms] [INFO] Sep-02 17:02:52.908 [API-Q] (T0285LK1G) Deduped request for method: feature.usage.info @ https://a.slack-edge.com/bv1-13-br/gantry-v2-shared.306d799b6c8c1794.min.js?cacheKey=gantry-1788343052:46
[   29126ms] [INFO] Sep-02 17:02:52.909 [API-Q] (T0285LK1G) d3c33b54-1788346972.449 functions.workflows.list is RESOLVED @ https://a.slack-edge.com/bv1-13-br/gantry-v2-shared.306d799b6c8c1794.min.js?cacheKey=gantry-1788343052:46
[   29128ms] [INFO] Sep-02 17:02:52.911 [API-Q] (T0285LK1G) d3c33b54-1788346972.468 files.collections.list is ACTIVE @ https://a.slack-edge.com/bv1-13-br/gantry-v2-shared.306d799b6c8c1794.min.js?cacheKey=gantry-1788343052:46
[   29129ms] [INFO] Sep-02 17:02:52.912 [API-Q] (T0285LK1G) d3c33b54-1788346972.912 workflows.triggers.list called with reason: automations_gallery @ https://a.slack-edge.com/bv1-13-br/gantry-v2-shared.306d799b6c8c1794.min.js?cacheKey=gantry-1788343052:46
[   29130ms] [INFO] Sep-02 17:02:52.913 [API-Q] (T0285LK1G) d3c33b54-1788346972.912 workflows.triggers.list is ENQUEUED @ https://a.slack-edge.com/bv1-13-br/gantry-v2-shared.306d799b6c8c1794.min.js?cacheKey=gantry-1788343052:46
[   29203ms] [INFO] Sep-02 17:02:52.987 [API-Q] (T0285LK1G) d3c33b54-1788346972.986 conversations.listPrefs called with reason: client_redux_store @ https://a.slack-edge.com/bv1-13-br/gantry-v2-shared.306d799b6c8c1794.min.js?cacheKey=gantry-1788343052:46
[   29203ms] [INFO] Sep-02 17:02:52.987 [API-Q] (T0285LK1G) d3c33b54-1788346972.986 conversations.listPrefs is ENQUEUED @ https://a.slack-edge.com/bv1-13-br/gantry-v2-shared.306d799b6c8c1794.min.js?cacheKey=gantry-1788343052:46
[   29204ms] [INFO] Sep-02 17:02:52.987 [API-Q] (T0285LK1G) noversion-1788346972.987 Flannel users/counts called with reason: flannel-call:users/counts @ https://a.slack-edge.com/bv1-13-br/gantry-v2-shared.306d799b6c8c1794.min.js?cacheKey=gantry-1788343052:46
[   29204ms] [INFO] Sep-02 17:02:52.988 [API-Q] (T0285LK1G) noversion-1788346972.987 Flannel users/counts is ENQUEUED @ https://a.slack-edge.com/bv1-13-br/gantry-v2-shared.306d799b6c8c1794.min.js?cacheKey=gantry-1788343052:46
[   29211ms] [INFO] Sep-02 17:02:52.994 [UFM] (T0285LK1G) requesting GGWTSNWTC (1) @ https://a.slack-edge.com/bv1-13-br/gantry-v2-shared.306d799b6c8c1794.min.js?cacheKey=gantry-1788343052:46
[   29211ms] [INFO] Sep-02 17:02:52.994 [UFM] (T0285LK1G) received GGWTSNWTC (1) @ https://a.slack-edge.com/bv1-13-br/gantry-v2-shared.306d799b6c8c1794.min.js?cacheKey=gantry-1788343052:46
[   29253ms] [INFO] Sep-02 17:02:53.036 [UFM-PERMISSIONS] (T0285LK1G) requesting CAN_AT_CHANNEL,CAN_AT_EVERYONE,ARCHIVE_CHANNEL (1) @ https://a.slack-edge.com/bv1-13-br/gantry-v2-shared.306d799b6c8c1794.min.js?cacheKey=gantry-1788343052:46
[   29253ms] [INFO] Sep-02 17:02:53.037 [API-Q] (T0285LK1G) noversion-1788346973.036 Flannel permissions/info called with reason: flannel-call:permissions/info @ https://a.slack-edge.com/bv1-13-br/gantry-v2-shared.306d799b6c8c1794.min.js?cacheKey=gantry-1788343052:46
[   29253ms] [INFO] Sep-02 17:02:53.037 [API-Q] (T0285LK1G) noversion-1788346973.036 Flannel permissions/info is ENQUEUED @ https://a.slack-edge.com/bv1-13-br/gantry-v2-shared.306d799b6c8c1794.min.js?cacheKey=gantry-1788343052:46
[   29336ms] [INFO] Sep-02 17:02:53.119 [DRAFTS] (T0285LK1G) There are no channels with drafts @ https://a.slack-edge.com/bv1-13-br/gantry-v2-shared.306d799b6c8c1794.min.js?cacheKey=gantry-1788343052:46
[   29336ms] [INFO] Sep-02 17:02:53.120 [BOOT] (T0285LK1G) Beaconed client boot mount success @ https://a.slack-edge.com/bv1-13-br/gantry-v2-shared.306d799b6c8c1794.min.js?cacheKey=gantry-1788343052:46
[   29338ms] [INFO] Sep-02 17:02:53.121 [API-Q] (T0285LK1G) d3c33b54-1788346973.120 sharedInvites.canGetLink called with reason: sidebar-mount @ https://a.slack-edge.com/bv1-13-br/gantry-v2-shared.306d799b6c8c1794.min.js?cacheKey=gantry-1788343052:46
[   29339ms] [INFO] Sep-02 17:02:53.122 [API-Q] (T0285LK1G) d3c33b54-1788346973.120 sharedInvites.canGetLink is ENQUEUED @ https://a.slack-edge.com/bv1-13-br/gantry-v2-shared.306d799b6c8c1794.min.js?cacheKey=gantry-1788343052:46
[   29376ms] [INFO] Sep-02 17:02:53.159 [API-Q] (T0285LK1G) d3c33b54-1788346973.159 users.interactions.list called with reason: ai_workspace_resource_tab_coachmark @ https://a.slack-edge.com/bv1-13-br/gantry-v2-shared.306d799b6c8c1794.min.js?cacheKey=gantry-1788343052:46
[   29377ms] [INFO] Sep-02 17:02:53.160 [API-Q] (T0285LK1G) d3c33b54-1788346973.159 users.interactions.list is ENQUEUED @ https://a.slack-edge.com/bv1-13-br/gantry-v2-shared.306d799b6c8c1794.min.js?cacheKey=gantry-1788343052:46
[   29382ms] [INFO] Sep-02 17:02:53.166 [API-Q] (T0285LK1G) d3c33b54-1788346973.165 megaphone.notifications.list called with reason: load-megaphone-notification-data @ https://a.slack-edge.com/bv1-13-br/gantry-v2-shared.306d799b6c8c1794.min.js?cacheKey=gantry-1788343052:46
[   29383ms] [INFO] Sep-02 17:02:53.166 [API-Q] (T0285LK1G) d3c33b54-1788346973.165 megaphone.notifications.list is ENQUEUED @ https://a.slack-edge.com/bv1-13-br/gantry-v2-shared.306d799b6c8c1794.min.js?cacheKey=gantry-1788343052:46
[   29401ms] [INFO] Sep-02 17:02:53.184 [ALLTHREADSROWELEMENT] (T0285LK1G) From channel badges count, has unreads: false with badge count: 0 @ https://a.slack-edge.com/bv1-13-br/gantry-v2-shared.306d799b6c8c1794.min.js?cacheKey=gantry-1788343052:46
[   29540ms] [INFO] Sep-02 17:02:53.323 [MESSAGE-LIST] (T0285LK1G) requestAround channelId: GGWTSNWTC isLoading: false timestamps: 0 reachedStart: false reachedEnd: false @ https://a.slack-edge.com/bv1-13-br/gantry-v2-shared.306d799b6c8c1794.min.js?cacheKey=gantry-1788343052:46
[   29542ms] [INFO] Sep-02 17:02:53.325 [HISTORY-FETCH] (T0285LK1G) Fetching history for message pane: GGWTSNWTC oldest: null latest: null @ https://a.slack-edge.com/bv1-13-br/gantry-v2-shared.306d799b6c8c1794.min.js?cacheKey=gantry-1788343052:46
[   29544ms] [INFO] Sep-02 17:02:53.327 [API-Q] (T0285LK1G) d3c33b54-1788346973.326 conversations.history called with reason: message-pane/requestHistory @ https://a.slack-edge.com/bv1-13-br/gantry-v2-shared.306d799b6c8c1794.min.js?cacheKey=gantry-1788343052:46
[   29544ms] [INFO] Sep-02 17:02:53.328 [API-Q] (T0285LK1G) d3c33b54-1788346973.326 conversations.history is ENQUEUED @ https://a.slack-edge.com/bv1-13-br/gantry-v2-shared.306d799b6c8c1794.min.js?cacheKey=gantry-1788343052:46
[   29567ms] [INFO] Sep-02 17:02:53.350 [API-Q] (T0285LK1G) noversion-1788346973.350 Flannel users/list called with reason: flannel-call:users/list @ https://a.slack-edge.com/bv1-13-br/gantry-v2-shared.306d799b6c8c1794.min.js?cacheKey=gantry-1788343052:46
[   29567ms] [INFO] Sep-02 17:02:53.350 [API-Q] (T0285LK1G) noversion-1788346973.350 Flannel users/list is ENQUEUED @ https://a.slack-edge.com/bv1-13-br/gantry-v2-shared.306d799b6c8c1794.min.js?cacheKey=gantry-1788343052:46
[   29567ms] [INFO] Sep-02 17:02:53.350 [API-Q] (T0285LK1G) noversion-1788346973.350 Flannel permissions/info called with reason: flannel-call:permissions/info @ https://a.slack-edge.com/bv1-13-br/gantry-v2-shared.306d799b6c8c1794.min.js?cacheKey=gantry-1788343052:46
[   29567ms] [INFO] Sep-02 17:02:53.351 [API-Q] (T0285LK1G) noversion-1788346973.350 Flannel permissions/info is ENQUEUED @ https://a.slack-edge.com/bv1-13-br/gantry-v2-shared.306d799b6c8c1794.min.js?cacheKey=gantry-1788343052:46
[   29585ms] [INFO] Sep-02 17:02:53.368 [MESSAGE-LIST] (T0285LK1G) componentWillReceiveProps isLoading: true isLoadingOlder: false timestamps: 0 @ https://a.slack-edge.com/bv1-13-br/gantry-v2-shared.306d799b6c8c1794.min.js?cacheKey=gantry-1788343052:46
[   29593ms] [INFO] Sep-02 17:02:53.376 [CHECK-UNREADS] (T0285LK1G) unreadLineVisible updated in main window container primary: undefined -> false @ https://a.slack-edge.com/bv1-13-br/gantry-v2-shared.306d799b6c8c1794.min.js?cacheKey=gantry-1788343052:46
[   29612ms] [INFO] Sep-02 17:02:53.395 [SERVICE-WORKER-STATE] change activated @ https://a.slack-edge.com/bv1-13-br/gantry-v2-shared.306d799b6c8c1794.min.js?cacheKey=gantry-1788343052:46
[   29613ms] [INFO] Sep-02 17:02:53.397 [API-Q] (T0285LK1G) d3c33b54-1788346972.807 ublockworkaround.history is RESOLVED @ https://a.slack-edge.com/bv1-13-br/gantry-v2-shared.306d799b6c8c1794.min.js?cacheKey=gantry-1788343052:46
[   29614ms] [INFO] Sep-02 17:02:53.398 [API-Q] (T0285LK1G) noversion-1788346973.350 Flannel permissions/info is ACTIVE @ https://a.slack-edge.com/bv1-13-br/gantry-v2-shared.306d799b6c8c1794.min.js?cacheKey=gantry-1788343052:46
[   29615ms] [INFO] Sep-02 17:02:53.399 [EVENTLOG] (T0285LK1G) processing 2 events out of a total set of 2 @ https://a.slack-edge.com/bv1-13-br/gantry-v2-shared.306d799b6c8c1794.min.js?cacheKey=gantry-1788343052:46
[   29617ms] [INFO] Sep-02 17:02:53.400 [EVENTLOG] (T0285LK1G) fetched finish (aborted? false) @ https://a.slack-edge.com/bv1-13-br/gantry-v2-shared.306d799b6c8c1794.min.js?cacheKey=gantry-1788343052:46
[   29617ms] [INFO] Sep-02 17:02:53.400 [EVENTLOG] (T0285LK1G) dispatching signal and clearing timestamp @ https://a.slack-edge.com/bv1-13-br/gantry-v2-shared.306d799b6c8c1794.min.js?cacheKey=gantry-1788343052:46
[   29621ms] [INFO] Sep-02 17:02:53.404 [API-Q] (T0285LK1G) d3c33b54-1788346973.403 bookmarks.list called with reason: bookmarks-store/conditional-fetching @ https://a.slack-edge.com/bv1-13-br/gantry-v2-shared.306d799b6c8c1794.min.js?cacheKey=gantry-1788343052:46
[   29621ms] [INFO] Sep-02 17:02:53.404 [API-Q] (T0285LK1G) d3c33b54-1788346973.403 bookmarks.list is ENQUEUED @ https://a.slack-edge.com/bv1-13-br/gantry-v2-shared.306d799b6c8c1794.min.js?cacheKey=gantry-1788343052:46
[   29622ms] [INFO] Sep-02 17:02:53.406 [API-Q] (T0285LK1G) d3c33b54-1788346972.457 activity.views is RESOLVED @ https://a.slack-edge.com/bv1-13-br/gantry-v2-shared.306d799b6c8c1794.min.js?cacheKey=gantry-1788343052:46
[   29627ms] [INFO] Sep-02 17:02:53.411 [API-Q] (T0285LK1G) noversion-1788346973.350 Flannel users/list is ACTIVE @ https://a.slack-edge.com/bv1-13-br/gantry-v2-shared.306d799b6c8c1794.min.js?cacheKey=gantry-1788343052:46
[   29628ms] [INFO] Sep-02 17:02:53.411 [UFM-MESSAGES] (T0285LK1G) requesting GGWTSNWTC-1748861619.392559,C07D9GQGHTJ-1747637519.394729 (1) @ https://a.slack-edge.com/bv1-13-br/gantry-v2-shared.306d799b6c8c1794.min.js?cacheKey=gantry-1788343052:46
[   29630ms] [INFO] Sep-02 17:02:53.413 [API-Q] (T0285LK1G) d3c33b54-1788346973.413 messages.list called with reason: messages-ufm @ https://a.slack-edge.com/bv1-13-br/gantry-v2-shared.306d799b6c8c1794.min.js?cacheKey=gantry-1788343052:46
[   29630ms] [INFO] Sep-02 17:02:53.413 [API-Q] (T0285LK1G) d3c33b54-1788346973.413 messages.list is ENQUEUED @ https://a.slack-edge.com/bv1-13-br/gantry-v2-shared.306d799b6c8c1794.min.js?cacheKey=gantry-1788343052:46
[   29631ms] [INFO] Sep-02 17:02:53.415 [API-Q] (T0285LK1G) d3c33b54-1788346972.468 files.collections.list is RESOLVED @ https://a.slack-edge.com/bv1-13-br/gantry-v2-shared.306d799b6c8c1794.min.js?cacheKey=gantry-1788343052:46
[   29634ms] [INFO] Sep-02 17:02:53.418 [API-Q] (T0285LK1G) noversion-1788346973.036 Flannel permissions/info is ACTIVE @ https://a.slack-edge.com/bv1-13-br/gantry-v2-shared.306d799b6c8c1794.min.js?cacheKey=gantry-1788343052:46
[   29635ms] [INFO] Sep-02 17:02:53.418 [UFM] (T0285LK1G) requesting G7ELUQV45,G01JX07USUQ,GS3M9CTGB,GA461EP6X,C05NP0J7NBY,G0HHNRE2X,G6G9YMN1E,C07D9GQGHTJ,C0BES5FDJV8,C03FDN293PB,C0525NE8B9N,G0HHL2Y12,C0285LK20,D03KPL09N3Z,D03QXFB33PB,D044KT4PKEV,D04HS2EA18B,D04UKSFH473,D06DLBNQAH5,D06Q4QJV421,D07LS73HF8E,D083954A98C,D08GQ8VCK5J,D0ASCCL2UDN,D097C20369Z,D03JNJKJFAN (1) @ https://a.slack-edge.com/bv1-13-br/gantry-v2-shared.306d799b6c8c1794.min.js?cacheKey=gantry-1788343052:46
[   29635ms] [INFO] Sep-02 17:02:53.419 [API-Q] (T0285LK1G) noversion-1788346973.418 Flannel huddles/info called with reason: flannel-call:huddles/info @ https://a.slack-edge.com/bv1-13-br/gantry-v2-shared.306d799b6c8c1794.min.js?cacheKey=gantry-1788343052:46
[   29635ms] [INFO] Sep-02 17:02:53.419 [API-Q] (T0285LK1G) noversion-1788346973.418 Flannel huddles/info is ENQUEUED @ https://a.slack-edge.com/bv1-13-br/gantry-v2-shared.306d799b6c8c1794.min.js?cacheKey=gantry-1788343052:46
[   29636ms] [INFO] Sep-02 17:02:53.420 [API-Q] (T0285LK1G) d3c33b54-1788346972.461 aiApps.list is RESOLVED @ https://a.slack-edge.com/bv1-13-br/gantry-v2-shared.306d799b6c8c1794.min.js?cacheKey=gantry-1788343052:46
[   29643ms] [INFO] Sep-02 17:02:53.427 [API-Q] (T0285LK1G) noversion-1788346973.418 Flannel huddles/info is ACTIVE @ https://a.slack-edge.com/bv1-13-br/gantry-v2-shared.306d799b6c8c1794.min.js?cacheKey=gantry-1788343052:46
[   29645ms] [INFO] Sep-02 17:02:53.429 [API-Q] (T0285LK1G) noversion-1788346973.428 Flannel channels/info called with reason: flannel-call:channels/info @ https://a.slack-edge.com/bv1-13-br/gantry-v2-shared.306d799b6c8c1794.min.js?cacheKey=gantry-1788343052:46
[   29645ms] [INFO] Sep-02 17:02:53.429 [API-Q] (T0285LK1G) noversion-1788346973.428 Flannel channels/info is ENQUEUED @ https://a.slack-edge.com/bv1-13-br/gantry-v2-shared.306d799b6c8c1794.min.js?cacheKey=gantry-1788343052:46
[   29646ms] [INFO] Sep-02 17:02:53.430 [API-Q] (T0285LK1G) noversion-1788346972.547 Flannel users/info is RESOLVED @ https://a.slack-edge.com/bv1-13-br/gantry-v2-shared.306d799b6c8c1794.min.js?cacheKey=gantry-1788343052:46
[   29647ms] [INFO] Sep-02 17:02:53.431 [API-Q] (T0285LK1G) noversion-1788346973.428 Flannel channels/info is ACTIVE @ https://a.slack-edge.com/bv1-13-br/gantry-v2-shared.306d799b6c8c1794.min.js?cacheKey=gantry-1788343052:46
[   29648ms] [INFO] Sep-02 17:02:53.432 [API-Q] (T0285LK1G) noversion-1788346972.542 Flannel users/info is RESOLVED @ https://a.slack-edge.com/bv1-13-br/gantry-v2-shared.306d799b6c8c1794.min.js?cacheKey=gantry-1788343052:46
[   29649ms] [INFO] Sep-02 17:02:53.432 [API-Q] (T0285LK1G) noversion-1788346972.987 Flannel users/counts is ACTIVE @ https://a.slack-edge.com/bv1-13-br/gantry-v2-shared.306d799b6c8c1794.min.js?cacheKey=gantry-1788343052:46
[   29653ms] [INFO] Sep-02 17:02:53.436 [API-Q] (T0285LK1G) noversion-1788346972.546 Flannel users/info is RESOLVED @ https://a.slack-edge.com/bv1-13-br/gantry-v2-shared.306d799b6c8c1794.min.js?cacheKey=gantry-1788343052:46
[   29654ms] [INFO] Sep-02 17:02:53.438 [API-Q] (T0285LK1G) d3c33b54-1788346972.481 calendar.getInstalledCalendars is ACTIVE @ https://a.slack-edge.com/bv1-13-br/gantry-v2-shared.306d799b6c8c1794.min.js?cacheKey=gantry-1788343052:46
[   29656ms] [INFO] Sep-02 17:02:53.440 [UFM-MEMBERS] (T0285LK1G) received USLACKBOT,U06CGT7VDH6,UHSF3EQGP,U08QL0GKG5N,U09QK5KMT0E,USLACK,U17BARAUW,U0199LPK2Q3,U02J843NUTH,U0GCK9NSZ,U0GEA2K16,U02JNPRUCJF,U0GD9LQR1,U02NW1DEH55,U035SP9LQF7,U03JDE4Q6RW,U03ME5CJ4LA,U03NBAV9197,U02QW81FRL7,U03J5FMQRAA,UJEBNRTFY,U02NZ499W7M,U035VLHFBV0,U03H260JW95,U03JUGCMEU8,U03NJNB0ADD,U03GM3KQV6Y,U0DEW434P,UPFD9L18E,U026LKJVDB9,U01LJKVDQ4C,U02GG1BDD36,U0302SLUTLN,U03HADV5GCB,U03HCTLV5FW,U01Q8U5KR16,UEWMQPX3P,UPCNWV8BW,U02HAB9FSA3,U034ZT7R0E9,U0GDDSVCZ,U1DJZS57Y,U02NDKV53AP,U0GCQ1HFC,U0GBVQ5KJ,U04C4MSAWTT,U2K9JTARK,U048Q1Z46N7,U047E4ZB0E7,U038XS3AC4A,U04N3NSNT2N,U03RE5H0ETY,UGFKSGG8K,U04HPQGB614,U0GETPADC,U04A9KESN31,U02TZ74K6DD,U01RF2EG58S,U03EBG6BLBF,U0GETKDSN,URET71F2T,UEPTQEZEE,U03NY7LQF4G,U0655RBJE7J,U068F3BPQ2F,U068HKK2CVA,U05Q33XEG1Z,U039WKU8HFY,U05ULK9K3DJ,U05CX354ZGW,U05NDE971DF,U04MW31R98D,U7F6STK96,U018HGZGMRB,UH4NLLL69,U06PXSST9GD,U01T15RN6RZ,U029A5TGH0S,U057361P7N3,U06NV55ASP7,U0499EQEBN2,U05N343RE5A,U077NNJAGLD,U06SUK1EXPS,U07AA0GRSNB,U07AT1LR25S,U07BEUXMMBL,UUHR6GXCP,U07EVSP002F,U073CR5TYMA,UM5DC75J5,U07H4HL99EC,U035Q0DM03V,U0799QTR5RC,U07AM2JNMV2,U07M94YFG56,U2KM2DN3C,U084FG0542K,U074BL7SUKT,U02NWCW3D5J,U078M5JSU03,U04BAF01MT3,U02H3T64Y5C,U09TW6VSMLZ,U0A53BM0BN1,U0A24ANQ59R,U076ZNUL48M,UUQQW3RFW,U023DF4G1TL,UQLMXLGV6,U06GSPAEB8B,U06RV6VL7AN,UDC0TTRPF,U0FULB5P1,U0GEMU7U4,UEZ9BTF7G,U07A20FF2JJ,U07A5MWLMQD,U0FSXK8F4 (1) @ https://a.slack-edge.com/bv1-13-br/gantry-v2-shared.306d799b6c8c1794.min.js?cacheKey=gantry-1788343052:46
[   29821ms] [INFO] Sep-02 17:02:53.604 [API-Q] (T0285LK1G) d3c33b54-1788346972.452 megaphone.notifications.list is RESOLVED @ https://a.slack-edge.com/bv1-13-br/gantry-v2-shared.306d799b6c8c1794.min.js?cacheKey=gantry-1788343052:46
[   29829ms] [INFO] Sep-02 17:02:53.612 [API-Q] (T0285LK1G) d3c33b54-1788346972.552 dnd.info is ACTIVE @ https://a.slack-edge.com/bv1-13-br/gantry-v2-shared.306d799b6c8c1794.min.js?cacheKey=gantry-1788343052:46
[   29834ms] [INFO] Sep-02 17:02:53.618 [API-Q] (T0285LK1G) d3c33b54-1788346972.453 megaphone.notifications.list is RESOLVED @ https://a.slack-edge.com/bv1-13-br/gantry-v2-shared.306d799b6c8c1794.min.js?cacheKey=gantry-1788343052:46
[   29843ms] [INFO] Sep-02 17:02:53.627 [API-Q] (T0285LK1G) d3c33b54-1788346972.555 help.issues.ticketStats is ACTIVE @ https://a.slack-edge.com/bv1-13-br/gantry-v2-shared.306d799b6c8c1794.min.js?cacheKey=gantry-1788343052:46
[   29845ms] [INFO] Sep-02 17:02:53.628 [API-Q] (T0285LK1G) d3c33b54-1788346973.628 onboarding.fetch called with reason: vacation_emoji_pack @ https://a.slack-edge.com/bv1-13-br/gantry-v2-shared.306d799b6c8c1794.min.js?cacheKey=gantry-1788343052:46
[   29845ms] [INFO] Sep-02 17:02:53.629 [API-Q] (T0285LK1G) d3c33b54-1788346973.628 onboarding.fetch is ENQUEUED @ https://a.slack-edge.com/bv1-13-br/gantry-v2-shared.306d799b6c8c1794.min.js?cacheKey=gantry-1788343052:46
[   29848ms] [INFO] Sep-02 17:02:53.631 [API-Q] (T0285LK1G) d3c33b54-1788346972.455 users.prefs.get is RESOLVED @ https://a.slack-edge.com/bv1-13-br/gantry-v2-shared.306d799b6c8c1794.min.js?cacheKey=gantry-1788343052:46
[   29849ms] [INFO] Sep-02 17:02:53.632 [API-Q] (T0285LK1G) d3c33b54-1788346972.563 team.targetingCriteria is ACTIVE @ https://a.slack-edge.com/bv1-13-br/gantry-v2-shared.306d799b6c8c1794.min.js?cacheKey=gantry-1788343052:46
[   29851ms] [INFO] Sep-02 17:02:53.634 [API-Q] (T0285LK1G) noversion-1788346973.350 Flannel permissions/info is RESOLVED @ https://a.slack-edge.com/bv1-13-br/gantry-v2-shared.306d799b6c8c1794.min.js?cacheKey=gantry-1788343052:46
[   29851ms] [INFO] Sep-02 17:02:53.635 [API-Q] (T0285LK1G) d3c33b54-1788346972.810 users.customStatus.list is ACTIVE @ https://a.slack-edge.com/bv1-13-br/gantry-v2-shared.306d799b6c8c1794.min.js?cacheKey=gantry-1788343052:46
[   29854ms] [INFO] Sep-02 17:02:53.638 [API-Q] (T0285LK1G) noversion-1788346973.637 Flannel users/info called with reason: flannel-call:users/info @ https://a.slack-edge.com/bv1-13-br/gantry-v2-shared.306d799b6c8c1794.min.js?cacheKey=gantry-1788343052:46
[   29854ms] [INFO] Sep-02 17:02:53.638 [API-Q] (T0285LK1G) noversion-1788346973.637 Flannel users/info is ENQUEUED @ https://a.slack-edge.com/bv1-13-br/gantry-v2-shared.306d799b6c8c1794.min.js?cacheKey=gantry-1788343052:46
[   29857ms] [INFO] Sep-02 17:02:53.640 [UFM-MEMBERS] (T0285LK1G) requesting U0AEAFX4NM8,U0BBQJT5JJX,U0APKJYT3K4,U0BTVGTBH1Q (1) @ https://a.slack-edge.com/bv1-13-br/gantry-v2-shared.306d799b6c8c1794.min.js?cacheKey=gantry-1788343052:46
[   29858ms] [INFO] Sep-02 17:02:53.641 [API-Q] (T0285LK1G) noversion-1788346973.641 Flannel users/info called with reason: flannel-call:users/info @ https://a.slack-edge.com/bv1-13-br/gantry-v2-shared.306d799b6c8c1794.min.js?cacheKey=gantry-1788343052:46
[   29858ms] [INFO] Sep-02 17:02:53.641 [API-Q] (T0285LK1G) noversion-1788346973.641 Flannel users/info is ENQUEUED @ https://a.slack-edge.com/bv1-13-br/gantry-v2-shared.306d799b6c8c1794.min.js?cacheKey=gantry-1788343052:46
[   29962ms] [WARNING] Sep-02 17:02:53.745 AVDeviceService [AVDeviceService] [HEALTH] [avds_1788346972302] Invalid device list on attempt 2 (3 devices, none with valid IDs) @ https://a.slack-edge.com/bv1-13-br/gantry-v2-shared.306d799b6c8c1794.min.js?cacheKey=gantry-1788343052:46
[   29962ms] [INFO] Sep-02 17:02:53.745 [AVDEVICESERVICE] [AVDeviceService] [ACQUISITION] [avds_1788346972302] Retry attempt 2 for enumerateDevices with 750ms delay @ https://a.slack-edge.com/bv1-13-br/gantry-v2-shared.306d799b6c8c1794.min.js?cacheKey=gantry-1788343052:46
[   29963ms] [INFO] Sep-02 17:02:53.746 [API-Q] (T0285LK1G) noversion-1788346973.350 Flannel users/list is RESOLVED @ https://a.slack-edge.com/bv1-13-br/gantry-v2-shared.306d799b6c8c1794.min.js?cacheKey=gantry-1788343052:46
[   29964ms] [INFO] Sep-02 17:02:53.747 [API-Q] (T0285LK1G) noversion-1788346973.641 Flannel users/info is ACTIVE @ https://a.slack-edge.com/bv1-13-br/gantry-v2-shared.306d799b6c8c1794.min.js?cacheKey=gantry-1788343052:46
[   29969ms] [INFO] Sep-02 17:02:53.752 [API-Q] (T0285LK1G) noversion-1788346973.036 Flannel permissions/info is RESOLVED @ https://a.slack-edge.com/bv1-13-br/gantry-v2-shared.306d799b6c8c1794.min.js?cacheKey=gantry-1788343052:46
[   29970ms] [INFO] Sep-02 17:02:53.753 [API-Q] (T0285LK1G) noversion-1788346973.637 Flannel users/info is ACTIVE @ https://a.slack-edge.com/bv1-13-br/gantry-v2-shared.306d799b6c8c1794.min.js?cacheKey=gantry-1788343052:46
[   29970ms] [INFO] Sep-02 17:02:53.753 [UFM-PERMISSIONS] (T0285LK1G) received CAN_AT_CHANNEL,CAN_AT_EVERYONE,ARCHIVE_CHANNEL (1) @ https://a.slack-edge.com/bv1-13-br/gantry-v2-shared.306d799b6c8c1794.min.js?cacheKey=gantry-1788343052:46
[   29972ms] [INFO] Sep-02 17:02:53.755 [API-Q] (T0285LK1G) noversion-1788346973.418 Flannel huddles/info is RESOLVED @ https://a.slack-edge.com/bv1-13-br/gantry-v2-shared.306d799b6c8c1794.min.js?cacheKey=gantry-1788343052:46
[   29973ms] [INFO] Sep-02 17:02:53.756 [API-Q] (T0285LK1G) d3c33b54-1788346972.897 feature.usage.info is ACTIVE @ https://a.slack-edge.com/bv1-13-br/gantry-v2-shared.306d799b6c8c1794.min.js?cacheKey=gantry-1788343052:46
[   29973ms] [INFO] Sep-02 17:02:53.757 [UFM] (T0285LK1G) received G7ELUQV45,G01JX07USUQ,GS3M9CTGB,GA461EP6X,C05NP0J7NBY,G0HHNRE2X,G6G9YMN1E,C07D9GQGHTJ,C0BES5FDJV8,C03FDN293PB,C0525NE8B9N,G0HHL2Y12,C0285LK20,D03KPL09N3Z,D03QXFB33PB,D044KT4PKEV,D04HS2EA18B,D04UKSFH473,D06DLBNQAH5,D06Q4QJV421,D07LS73HF8E,D083954A98C,D08GQ8VCK5J,D0ASCCL2UDN,D097C20369Z,D03JNJKJFAN (1) @ https://a.slack-edge.com/bv1-13-br/gantry-v2-shared.306d799b6c8c1794.min.js?cacheKey=gantry-1788343052:46
[   29975ms] [INFO] Sep-02 17:02:53.759 [API-Q] (T0285LK1G) noversion-1788346973.428 Flannel channels/info is RESOLVED @ https://a.slack-edge.com/bv1-13-br/gantry-v2-shared.306d799b6c8c1794.min.js?cacheKey=gantry-1788343052:46
[   29977ms] [INFO] Sep-02 17:02:53.760 [API-Q] (T0285LK1G) d3c33b54-1788346972.901 slackbot.mcp.list is ACTIVE @ https://a.slack-edge.com/bv1-13-br/gantry-v2-shared.306d799b6c8c1794.min.js?cacheKey=gantry-1788343052:46
[   29979ms] [INFO] Sep-02 17:02:53.762 [API-Q] (T0285LK1G) d3c33b54-1788346973.762 conversations.genericInfo called with reason: fallback:fetchAndUpsertChannelsById @ https://a.slack-edge.com/bv1-13-br/gantry-v2-shared.306d799b6c8c1794.min.js?cacheKey=gantry-1788343052:46
[   29979ms] [INFO] Sep-02 17:02:53.762 [API-Q] (T0285LK1G) d3c33b54-1788346973.762 conversations.genericInfo is ENQUEUED @ https://a.slack-edge.com/bv1-13-br/gantry-v2-shared.306d799b6c8c1794.min.js?cacheKey=gantry-1788343052:46
[   29980ms] [INFO] Sep-02 17:02:53.763 [API-Q] (T0285LK1G) noversion-1788346972.987 Flannel users/counts is RESOLVED @ https://a.slack-edge.com/bv1-13-br/gantry-v2-shared.306d799b6c8c1794.min.js?cacheKey=gantry-1788343052:46
[   29981ms] [INFO] Sep-02 17:02:53.764 [API-Q] (T0285LK1G) d3c33b54-1788346972.912 workflows.triggers.list is ACTIVE @ https://a.slack-edge.com/bv1-13-br/gantry-v2-shared.306d799b6c8c1794.min.js?cacheKey=gantry-1788343052:46
[   29985ms] [INFO] Sep-02 17:02:53.769 [API-Q] (T0285LK1G) d3c33b54-1788346972.481 calendar.getInstalledCalendars is RESOLVED @ https://a.slack-edge.com/bv1-13-br/gantry-v2-shared.306d799b6c8c1794.min.js?cacheKey=gantry-1788343052:46
[   29988ms] [INFO] Sep-02 17:02:53.771 [API-Q] (T0285LK1G) d3c33b54-1788346972.986 conversations.listPrefs is ACTIVE @ https://a.slack-edge.com/bv1-13-br/gantry-v2-shared.306d799b6c8c1794.min.js?cacheKey=gantry-1788343052:46
[   30073ms] [INFO] Sep-02 17:02:53.857 [API-Q] (T0285LK1G) noversion-1788346973.641 Flannel users/info is RESOLVED @ https://a.slack-edge.com/bv1-13-br/gantry-v2-shared.306d799b6c8c1794.min.js?cacheKey=gantry-1788343052:46
[   30077ms] [INFO] Sep-02 17:02:53.860 [API-Q] (T0285LK1G) d3c33b54-1788346973.120 sharedInvites.canGetLink is ACTIVE @ https://a.slack-edge.com/bv1-13-br/gantry-v2-shared.306d799b6c8c1794.min.js?cacheKey=gantry-1788343052:46
[   30079ms] [INFO] Sep-02 17:02:53.862 [UFM-MEMBERS] (T0285LK1G) received U0AEAFX4NM8,U0BBQJT5JJX,U0APKJYT3K4,U0BTVGTBH1Q (1) @ https://a.slack-edge.com/bv1-13-br/gantry-v2-shared.306d799b6c8c1794.min.js?cacheKey=gantry-1788343052:46
[   30084ms] [INFO] Sep-02 17:02:53.867 [API-Q] (T0285LK1G) noversion-1788346973.637 Flannel users/info is RESOLVED @ https://a.slack-edge.com/bv1-13-br/gantry-v2-shared.306d799b6c8c1794.min.js?cacheKey=gantry-1788343052:46
[   30087ms] [INFO] Sep-02 17:02:53.871 [API-Q] (T0285LK1G) d3c33b54-1788346973.159 users.interactions.list is ACTIVE @ https://a.slack-edge.com/bv1-13-br/gantry-v2-shared.306d799b6c8c1794.min.js?cacheKey=gantry-1788343052:46
[   30115ms] [INFO] Sep-02 17:02:53.898 [API-Q] (T0285LK1G) d3c33b54-1788346972.563 team.targetingCriteria is RESOLVED @ https://a.slack-edge.com/bv1-13-br/gantry-v2-shared.306d799b6c8c1794.min.js?cacheKey=gantry-1788343052:46
[   30117ms] [INFO] Sep-02 17:02:53.901 [API-Q] (T0285LK1G) d3c33b54-1788346973.165 megaphone.notifications.list is ACTIVE @ https://a.slack-edge.com/bv1-13-br/gantry-v2-shared.306d799b6c8c1794.min.js?cacheKey=gantry-1788343052:46
[   30120ms] [INFO] Sep-02 17:02:53.904 [API-Q] (T0285LK1G) d3c33b54-1788346972.552 dnd.info is RESOLVED @ https://a.slack-edge.com/bv1-13-br/gantry-v2-shared.306d799b6c8c1794.min.js?cacheKey=gantry-1788343052:46
[   30121ms] [INFO] Sep-02 17:02:53.904 [DND] (T0285LK1G) Fetched DND info for the following member: U03JR0Q2AAG @ https://a.slack-edge.com/bv1-13-br/gantry-v2-shared.306d799b6c8c1794.min.js?cacheKey=gantry-1788343052:46
[   30122ms] [INFO] Sep-02 17:02:53.905 [API-Q] (T0285LK1G) d3c33b54-1788346973.326 conversations.history is ACTIVE @ https://a.slack-edge.com/bv1-13-br/gantry-v2-shared.306d799b6c8c1794.min.js?cacheKey=gantry-1788343052:46
[   30126ms] [INFO] Sep-02 17:02:53.910 [DND_V2] (T0285LK1G) Not setting a timer as all schedules are stale @ https://a.slack-edge.com/bv1-13-br/gantry-v2-shared.306d799b6c8c1794.min.js?cacheKey=gantry-1788343052:46
[   30136ms] [INFO] Sep-02 17:02:53.919 [API-Q] (T0285LK1G) d3c33b54-1788346972.555 help.issues.ticketStats is RESOLVED @ https://a.slack-edge.com/bv1-13-br/gantry-v2-shared.306d799b6c8c1794.min.js?cacheKey=gantry-1788343052:46
[   30137ms] [INFO] Sep-02 17:02:53.921 [API-Q] (T0285LK1G) d3c33b54-1788346973.403 bookmarks.list is ACTIVE @ https://a.slack-edge.com/bv1-13-br/gantry-v2-shared.306d799b6c8c1794.min.js?cacheKey=gantry-1788343052:46
[   30142ms] [INFO] Sep-02 17:02:53.925 [DND_V2] (T0285LK1G) fetchAndUpsertDndForUsers - Preparing to fetch DND times for the following members: U0GETKDSN,U0GCQ1HFC,UEZ9BTF7G,U0FSXK8F4,U04MW31R98D,U06CGT7VDH6,U06GSPAEB8B,U0799QTR5RC,U06RV6VL7AN,U084FG0542K,U09QK5KMT0E,U08QL0GKG5N @ https://a.slack-edge.com/bv1-13-br/gantry-v2-shared.306d799b6c8c1794.min.js?cacheKey=gantry-1788343052:46
[   30144ms] [INFO] Sep-02 17:02:53.927 [API-Q] (T0285LK1G) d3c33b54-1788346973.926 dnd.teamInfo called with reason: fetchAndUpsertDndForUsers-getDndTimesFor:others @ https://a.slack-edge.com/bv1-13-br/gantry-v2-shared.306d799b6c8c1794.min.js?cacheKey=gantry-1788343052:46
[   30144ms] [INFO] Sep-02 17:02:53.927 [API-Q] (T0285LK1G) d3c33b54-1788346973.926 dnd.teamInfo is ENQUEUED @ https://a.slack-edge.com/bv1-13-br/gantry-v2-shared.306d799b6c8c1794.min.js?cacheKey=gantry-1788343052:46
[   30145ms] [INFO] Sep-02 17:02:53.929 [API-Q] (T0285LK1G) d3c33b54-1788346972.810 users.customStatus.list is RESOLVED @ https://a.slack-edge.com/bv1-13-br/gantry-v2-shared.306d799b6c8c1794.min.js?cacheKey=gantry-1788343052:46
[   30148ms] [INFO] Sep-02 17:02:53.931 [API-Q] (T0285LK1G) d3c33b54-1788346973.413 messages.list is ACTIVE @ https://a.slack-edge.com/bv1-13-br/gantry-v2-shared.306d799b6c8c1794.min.js?cacheKey=gantry-1788343052:46
[   30171ms] [INFO] Sep-02 17:02:53.955 [API-Q] (T0285LK1G) noversion-1788346973.954 Flannel channels/membership called with reason: flannel-call:channels/membership @ https://a.slack-edge.com/bv1-13-br/gantry-v2-shared.306d799b6c8c1794.min.js?cacheKey=gantry-1788343052:46
[   30172ms] [INFO] Sep-02 17:02:53.955 [API-Q] (T0285LK1G) noversion-1788346973.954 Flannel channels/membership is ENQUEUED @ https://a.slack-edge.com/bv1-13-br/gantry-v2-shared.306d799b6c8c1794.min.js?cacheKey=gantry-1788343052:46
[   30181ms] [INFO] Sep-02 17:02:53.964 [PERSIST] (T0285LK1G) Successfully persisted state @ https://a.slack-edge.com/bv1-13-br/gantry-v2-shared.306d799b6c8c1794.min.js?cacheKey=gantry-1788343052:46
[   30247ms] [INFO] Sep-02 17:02:54.031 [API-Q] (T0285LK1G) d3c33b54-1788346972.897 feature.usage.info is RESOLVED @ https://a.slack-edge.com/bv1-13-br/gantry-v2-shared.306d799b6c8c1794.min.js?cacheKey=gantry-1788343052:46
[   30249ms] [INFO] Sep-02 17:02:54.032 [API-Q] (T0285LK1G) noversion-1788346973.954 Flannel channels/membership is ACTIVE @ https://a.slack-edge.com/bv1-13-br/gantry-v2-shared.306d799b6c8c1794.min.js?cacheKey=gantry-1788343052:46
[   30252ms] [INFO] Sep-02 17:02:54.035 [API-Q] (T0285LK1G) d3c33b54-1788346972.912 workflows.triggers.list is RESOLVED @ https://a.slack-edge.com/bv1-13-br/gantry-v2-shared.306d799b6c8c1794.min.js?cacheKey=gantry-1788343052:46
[   30253ms] [INFO] Sep-02 17:02:54.037 [API-Q] (T0285LK1G) d3c33b54-1788346973.628 onboarding.fetch is ACTIVE @ https://a.slack-edge.com/bv1-13-br/gantry-v2-shared.306d799b6c8c1794.min.js?cacheKey=gantry-1788343052:46
[   30257ms] [INFO] Sep-02 17:02:54.041 [API-Q] (T0285LK1G) d3c33b54-1788346972.986 conversations.listPrefs is RESOLVED @ https://a.slack-edge.com/bv1-13-br/gantry-v2-shared.306d799b6c8c1794.min.js?cacheKey=gantry-1788343052:46
[   30260ms] [INFO] Sep-02 17:02:54.043 [API-Q] (T0285LK1G) d3c33b54-1788346973.762 conversations.genericInfo is ACTIVE @ https://a.slack-edge.com/bv1-13-br/gantry-v2-shared.306d799b6c8c1794.min.js?cacheKey=gantry-1788343052:46
[   30261ms] [INFO] Sep-02 17:02:54.045 [API-Q] (T0285LK1G) d3c33b54-1788346972.901 slackbot.mcp.list is RESOLVED @ https://a.slack-edge.com/bv1-13-br/gantry-v2-shared.306d799b6c8c1794.min.js?cacheKey=gantry-1788343052:46
[   30263ms] [INFO] Sep-02 17:02:54.046 [API-Q] (T0285LK1G) d3c33b54-1788346973.926 dnd.teamInfo is ACTIVE @ https://a.slack-edge.com/bv1-13-br/gantry-v2-shared.306d799b6c8c1794.min.js?cacheKey=gantry-1788343052:46
[   30296ms] [INFO] Sep-02 17:02:54.079 [API-Q] (T0285LK1G) noversion-1788346973.954 Flannel channels/membership is RESOLVED @ https://a.slack-edge.com/bv1-13-br/gantry-v2-shared.306d799b6c8c1794.min.js?cacheKey=gantry-1788343052:46
[   30338ms] [INFO] Sep-02 17:02:54.122 [API-Q] (T0285LK1G) d3c33b54-1788346973.120 sharedInvites.canGetLink is RESOLVED @ https://a.slack-edge.com/bv1-13-br/gantry-v2-shared.306d799b6c8c1794.min.js?cacheKey=gantry-1788343052:46
[   30376ms] [INFO] Sep-02 17:02:54.159 [API-Q] (T0285LK1G) d3c33b54-1788346973.159 users.interactions.list is RESOLVED @ https://a.slack-edge.com/bv1-13-br/gantry-v2-shared.306d799b6c8c1794.min.js?cacheKey=gantry-1788343052:46
[   30397ms] [INFO] Sep-02 17:02:54.180 [API-Q] (T0285LK1G) d3c33b54-1788346973.165 megaphone.notifications.list is RESOLVED @ https://a.slack-edge.com/bv1-13-br/gantry-v2-shared.306d799b6c8c1794.min.js?cacheKey=gantry-1788343052:46
[   30412ms] [INFO] Sep-02 17:02:54.196 [API-Q] (T0285LK1G) d3c33b54-1788346973.413 messages.list is RESOLVED @ https://a.slack-edge.com/bv1-13-br/gantry-v2-shared.306d799b6c8c1794.min.js?cacheKey=gantry-1788343052:46
[   30413ms] [INFO] Sep-02 17:02:54.196 [UFM-MESSAGES] (T0285LK1G) received GGWTSNWTC-1748861619.392559,C07D9GQGHTJ-1747637519.394729 (1) @ https://a.slack-edge.com/bv1-13-br/gantry-v2-shared.306d799b6c8c1794.min.js?cacheKey=gantry-1788343052:46
[   30413ms] [WARNING] Sep-02 17:02:54.196 UFM-messages (T0285LK1G) UnknownFetchManager requested 2 objects but received 0. Missing objects: GGWTSNWTC-1748861619.392559,C07D9GQGHTJ-1747637519.394729 @ https://a.slack-edge.com/bv1-13-br/gantry-v2-shared.306d799b6c8c1794.min.js?cacheKey=gantry-1788343052:46
[   30434ms] [INFO] Sep-02 17:02:54.217 [API-Q] (T0285LK1G) d3c33b54-1788346973.403 bookmarks.list is RESOLVED @ https://a.slack-edge.com/bv1-13-br/gantry-v2-shared.306d799b6c8c1794.min.js?cacheKey=gantry-1788343052:46
[   30451ms] [INFO] Sep-02 17:02:54.234 [API-Q] (T0285LK1G) d3c33b54-1788346973.326 conversations.history is RESOLVED @ https://a.slack-edge.com/bv1-13-br/gantry-v2-shared.306d799b6c8c1794.min.js?cacheKey=gantry-1788343052:46
[   30459ms] [INFO] Sep-02 17:02:54.242 [PLATFORM-CHANNEL-ACTI] (T0285LK1G) setting count for channel GGWTSNWTC to 0, and marking channel as stale. @ https://a.slack-edge.com/bv1-13-br/gantry-v2-shared.306d799b6c8c1794.min.js?cacheKey=gantry-1788343052:46
[   30463ms] [INFO] Sep-02 17:02:54.246 [PINS] (T0285LK1G) Pins count updated for channel GGWTSNWTC: 43 @ https://a.slack-edge.com/bv1-13-br/gantry-v2-shared.306d799b6c8c1794.min.js?cacheKey=gantry-1788343052:46
[   30502ms] [INFO] Sep-02 17:02:54.285 [MESSAGE-LIST] (T0285LK1G) componentWillReceiveProps isLoading: false isLoadingOlder: false timestamps: 28 @ https://a.slack-edge.com/bv1-13-br/gantry-v2-shared.306d799b6c8c1794.min.js?cacheKey=gantry-1788343052:46
[   30634ms] [INFO] Sep-02 17:02:54.417 [CHECK-UNREADS] (T0285LK1G) unreadLineVisible updated in main window container primary: false -> true @ https://a.slack-edge.com/bv1-13-br/gantry-v2-shared.306d799b6c8c1794.min.js?cacheKey=gantry-1788343052:46
[   30686ms] [INFO] Sep-02 17:02:54.470 [API-Q] (T0285LK1G) noversion-1788346974.470 Flannel users/list called with reason: flannel-call:users/list @ https://a.slack-edge.com/bv1-13-br/gantry-v2-shared.306d799b6c8c1794.min.js?cacheKey=gantry-1788343052:46
[   30687ms] [INFO] Sep-02 17:02:54.470 [API-Q] (T0285LK1G) noversion-1788346974.470 Flannel users/list is ENQUEUED @ https://a.slack-edge.com/bv1-13-br/gantry-v2-shared.306d799b6c8c1794.min.js?cacheKey=gantry-1788343052:46
[   30687ms] [INFO] Sep-02 17:02:54.471 [API-Q] (T0285LK1G) noversion-1788346974.470 Flannel users/list is ACTIVE @ https://a.slack-edge.com/bv1-13-br/gantry-v2-shared.306d799b6c8c1794.min.js?cacheKey=gantry-1788343052:46
[   30689ms] [INFO] Sep-02 17:02:54.473 [API-Q] (T0285LK1G) d3c33b54-1788346973.762 conversations.genericInfo is RESOLVED @ https://a.slack-edge.com/bv1-13-br/gantry-v2-shared.306d799b6c8c1794.min.js?cacheKey=gantry-1788343052:46
[   30695ms] [INFO] Sep-02 17:02:54.478 [UFM-REACJITRIGGERS] (T0285LK1G) requesting GGWTSNWTC (1) @ https://a.slack-edge.com/bv1-13-br/gantry-v2-shared.306d799b6c8c1794.min.js?cacheKey=gantry-1788343052:46
[   30696ms] [INFO] Sep-02 17:02:54.479 [API-Q] (T0285LK1G) d3c33b54-1788346974.479 conversations.bulkReacjiTriggers called with reason: reacji_triggers_ufm @ https://a.slack-edge.com/bv1-13-br/gantry-v2-shared.306d799b6c8c1794.min.js?cacheKey=gantry-1788343052:46
[   30696ms] [INFO] Sep-02 17:02:54.480 [API-Q] (T0285LK1G) d3c33b54-1788346974.479 conversations.bulkReacjiTriggers is ENQUEUED @ https://a.slack-edge.com/bv1-13-br/gantry-v2-shared.306d799b6c8c1794.min.js?cacheKey=gantry-1788343052:46
[   30698ms] [INFO] Sep-02 17:02:54.481 [API-Q] (T0285LK1G) d3c33b54-1788346974.479 conversations.bulkReacjiTriggers is ACTIVE @ https://a.slack-edge.com/bv1-13-br/gantry-v2-shared.306d799b6c8c1794.min.js?cacheKey=gantry-1788343052:46
[   30699ms] [INFO] Sep-02 17:02:54.483 [API-Q] (T0285LK1G) d3c33b54-1788346973.926 dnd.teamInfo is RESOLVED @ https://a.slack-edge.com/bv1-13-br/gantry-v2-shared.306d799b6c8c1794.min.js?cacheKey=gantry-1788343052:46
[   30700ms] [INFO] Sep-02 17:02:54.483 [DND] (T0285LK1G) Fetched DND info for the following members: U0GETKDSN,U0GCQ1HFC,UEZ9BTF7G,U0FSXK8F4,U04MW31R98D,U06CGT7VDH6,U06GSPAEB8B,U0799QTR5RC,U06RV6VL7AN,U084FG0542K,U09QK5KMT0E,U08QL0GKG5N @ https://a.slack-edge.com/bv1-13-br/gantry-v2-shared.306d799b6c8c1794.min.js?cacheKey=gantry-1788343052:46
[   30704ms] [INFO] Sep-02 17:02:54.487 [DND_V2] (T0285LK1G) Will check for changes in DND status again in 5 minutes @ https://a.slack-edge.com/bv1-13-br/gantry-v2-shared.306d799b6c8c1794.min.js?cacheKey=gantry-1788343052:46
[   30708ms] [INFO] Sep-02 17:02:54.491 [API-Q] (T0285LK1G) d3c33b54-1788346974.491 files.channelSettingsAllowDownloads called with reason: file-download-allowed-store.ConditionalFetchManager.fetch @ https://a.slack-edge.com/bv1-13-br/gantry-v2-shared.306d799b6c8c1794.min.js?cacheKey=gantry-1788343052:46
[   30708ms] [INFO] Sep-02 17:02:54.491 [API-Q] (T0285LK1G) d3c33b54-1788346974.491 files.channelSettingsAllowDownloads is ENQUEUED @ https://a.slack-edge.com/bv1-13-br/gantry-v2-shared.306d799b6c8c1794.min.js?cacheKey=gantry-1788343052:46
[   30709ms] [INFO] Sep-02 17:02:54.492 [API-Q] (T0285LK1G) d3c33b54-1788346974.491 files.channelSettingsAllowDownloads is ACTIVE @ https://a.slack-edge.com/bv1-13-br/gantry-v2-shared.306d799b6c8c1794.min.js?cacheKey=gantry-1788343052:46
[   30762ms] [INFO] Sep-02 17:02:54.545 [API-Q] (T0285LK1G) d3c33b54-1788346973.628 onboarding.fetch is RESOLVED @ https://a.slack-edge.com/bv1-13-br/gantry-v2-shared.306d799b6c8c1794.min.js?cacheKey=gantry-1788343052:46
[   30766ms] [INFO] Sep-02 17:02:54.550 [DND_V2] (T0285LK1G) fetchAndUpsertDndForUsers - Preparing to fetch DND times for the following members: X00000000 @ https://a.slack-edge.com/bv1-13-br/gantry-v2-shared.306d799b6c8c1794.min.js?cacheKey=gantry-1788343052:46
[   30769ms] [INFO] Sep-02 17:02:54.552 [API-Q] (T0285LK1G) d3c33b54-1788346974.551 dnd.teamInfo called with reason: fetchAndUpsertDndForUsers-getDndTimesFor:others @ https://a.slack-edge.com/bv1-13-br/gantry-v2-shared.306d799b6c8c1794.min.js?cacheKey=gantry-1788343052:46
[   30770ms] [INFO] Sep-02 17:02:54.553 [API-Q] (T0285LK1G) d3c33b54-1788346974.551 dnd.teamInfo is ENQUEUED @ https://a.slack-edge.com/bv1-13-br/gantry-v2-shared.306d799b6c8c1794.min.js?cacheKey=gantry-1788343052:46
[   30771ms] [INFO] Sep-02 17:02:54.555 [API-Q] (T0285LK1G) d3c33b54-1788346974.551 dnd.teamInfo is ACTIVE @ https://a.slack-edge.com/bv1-13-br/gantry-v2-shared.306d799b6c8c1794.min.js?cacheKey=gantry-1788343052:46
[   30774ms] [INFO] Sep-02 17:02:54.557 [API-Q] (T0285LK1G) noversion-1788346974.470 Flannel users/list is RESOLVED @ https://a.slack-edge.com/bv1-13-br/gantry-v2-shared.306d799b6c8c1794.min.js?cacheKey=gantry-1788343052:46
[   30786ms] [INFO] Sep-02 17:02:54.569 [API-Q] (T0285LK1G) d3c33b54-1788346974.569 saved.list called with reason: saved-api/savedList @ https://a.slack-edge.com/bv1-13-br/gantry-v2-shared.306d799b6c8c1794.min.js?cacheKey=gantry-1788343052:46
[   30786ms] [INFO] Sep-02 17:02:54.570 [API-Q] (T0285LK1G) d3c33b54-1788346974.569 saved.list is ENQUEUED @ https://a.slack-edge.com/bv1-13-br/gantry-v2-shared.306d799b6c8c1794.min.js?cacheKey=gantry-1788343052:46
[   30787ms] [INFO] Sep-02 17:02:54.571 [API-Q] (T0285LK1G) d3c33b54-1788346974.569 saved.list is ACTIVE @ https://a.slack-edge.com/bv1-13-br/gantry-v2-shared.306d799b6c8c1794.min.js?cacheKey=gantry-1788343052:46
[   30788ms] [INFO] Sep-02 17:02:54.571 [UFM-PERMISSIONS] (T0285LK1G) requesting DELETE_OWN_MESSAGE (1) @ https://a.slack-edge.com/bv1-13-br/gantry-v2-shared.306d799b6c8c1794.min.js?cacheKey=gantry-1788343052:46
[   30789ms] [INFO] Sep-02 17:02:54.572 [API-Q] (T0285LK1G) noversion-1788346974.572 Flannel permissions/info called with reason: flannel-call:permissions/info @ https://a.slack-edge.com/bv1-13-br/gantry-v2-shared.306d799b6c8c1794.min.js?cacheKey=gantry-1788343052:46
[   30789ms] [INFO] Sep-02 17:02:54.572 [API-Q] (T0285LK1G) noversion-1788346974.572 Flannel permissions/info is ENQUEUED @ https://a.slack-edge.com/bv1-13-br/gantry-v2-shared.306d799b6c8c1794.min.js?cacheKey=gantry-1788343052:46
[   30790ms] [INFO] Sep-02 17:02:54.574 [API-Q] (T0285LK1G) noversion-1788346974.572 Flannel permissions/info is ACTIVE @ https://a.slack-edge.com/bv1-13-br/gantry-v2-shared.306d799b6c8c1794.min.js?cacheKey=gantry-1788343052:46
[   30833ms] [WARNING] Sep-02 17:02:54.616 AVDeviceService [AVDeviceService] [HEALTH] [avds_1788346972302] Invalid device list on attempt 3 (3 devices, none with valid IDs) @ https://a.slack-edge.com/bv1-13-br/gantry-v2-shared.306d799b6c8c1794.min.js?cacheKey=gantry-1788343052:46
[   30833ms] [INFO] Sep-02 17:02:54.617 [AVDEVICESERVICE] [AVDeviceService] [ACQUISITION] [avds_1788346972302] Retry attempt 3 for enumerateDevices with 1000ms delay @ https://a.slack-edge.com/bv1-13-br/gantry-v2-shared.306d799b6c8c1794.min.js?cacheKey=gantry-1788343052:46
[   30886ms] [INFO] Sep-02 17:02:54.670 [API-Q] (T0285LK1G) noversion-1788346974.572 Flannel permissions/info is RESOLVED @ https://a.slack-edge.com/bv1-13-br/gantry-v2-shared.306d799b6c8c1794.min.js?cacheKey=gantry-1788343052:46
[   30886ms] [INFO] Sep-02 17:02:54.670 [UFM-PERMISSIONS] (T0285LK1G) received DELETE_OWN_MESSAGE (1) @ https://a.slack-edge.com/bv1-13-br/gantry-v2-shared.306d799b6c8c1794.min.js?cacheKey=gantry-1788343052:46
[   30921ms] [INFO] Sep-02 17:02:54.704 [API-Q] (T0285LK1G) noversion-1788346974.704 Flannel users/info called with reason: flannel-call:users/info @ https://a.slack-edge.com/bv1-13-br/gantry-v2-shared.306d799b6c8c1794.min.js?cacheKey=gantry-1788343052:46
[   30921ms] [INFO] Sep-02 17:02:54.704 [API-Q] (T0285LK1G) noversion-1788346974.704 Flannel users/info is ENQUEUED @ https://a.slack-edge.com/bv1-13-br/gantry-v2-shared.306d799b6c8c1794.min.js?cacheKey=gantry-1788343052:46
[   30922ms] [INFO] Sep-02 17:02:54.706 [API-Q] (T0285LK1G) noversion-1788346974.704 Flannel users/info is ACTIVE @ https://a.slack-edge.com/bv1-13-br/gantry-v2-shared.306d799b6c8c1794.min.js?cacheKey=gantry-1788343052:46
[   30957ms] [INFO] Sep-02 17:02:54.741 [API-Q] (T0285LK1G) d3c33b54-1788346974.479 conversations.bulkReacjiTriggers is RESOLVED @ https://a.slack-edge.com/bv1-13-br/gantry-v2-shared.306d799b6c8c1794.min.js?cacheKey=gantry-1788343052:46
[   30958ms] [INFO] Sep-02 17:02:54.741 [UFM-REACJITRIGGERS] (T0285LK1G) received GGWTSNWTC (1) @ https://a.slack-edge.com/bv1-13-br/gantry-v2-shared.306d799b6c8c1794.min.js?cacheKey=gantry-1788343052:46
[   30969ms] [INFO] Sep-02 17:02:54.752 [API-Q] (T0285LK1G) noversion-1788346974.704 Flannel users/info is RESOLVED @ https://a.slack-edge.com/bv1-13-br/gantry-v2-shared.306d799b6c8c1794.min.js?cacheKey=gantry-1788343052:46
[   30972ms] [INFO] Sep-02 17:02:54.755 [API-Q] (T0285LK1G) d3c33b54-1788346974.491 files.channelSettingsAllowDownloads is RESOLVED @ https://a.slack-edge.com/bv1-13-br/gantry-v2-shared.306d799b6c8c1794.min.js?cacheKey=gantry-1788343052:46
[   31040ms] [INFO] Sep-02 17:02:54.823 [API-Q] (T0285LK1G) d3c33b54-1788346974.551 dnd.teamInfo is REJECTED: API not ok user_not_found @ https://a.slack-edge.com/bv1-13-br/gantry-v2-shared.306d799b6c8c1794.min.js?cacheKey=gantry-1788343052:46
[   31041ms] [WARNING] Sep-02 17:02:54.825 DND (T0285LK1G) Failed to fetch DND info for the following members: X00000000 @ https://a.slack-edge.com/bv1-13-br/gantry-v2-shared.306d799b6c8c1794.min.js?cacheKey=gantry-1788343052:46
[   31075ms] [INFO] Sep-02 17:02:54.859 [API-Q] (T0285LK1G) d3c33b54-1788346974.569 saved.list is RESOLVED @ https://a.slack-edge.com/bv1-13-br/gantry-v2-shared.306d799b6c8c1794.min.js?cacheKey=gantry-1788343052:46
[   31836ms] [WARNING] Sep-02 17:02:55.620 AVDeviceService [AVDeviceService] [HEALTH] [avds_1788346972302] Invalid device list on attempt 4 (3 devices, none with valid IDs) @ https://a.slack-edge.com/bv1-13-br/gantry-v2-shared.306d799b6c8c1794.min.js?cacheKey=gantry-1788343052:46
[   31837ms] [ERROR] Sep-02 17:02:55.620 AVDeviceService (?) [AVDeviceService] [ACQUISITION] [avds_1788346972302] Failed to get valid device list after 4 attempts @ https://a.slack-edge.com/bv1-13-br/gantry-v2-shared.306d799b6c8c1794.min.js?cacheKey=gantry-1788343052:46
[   31838ms] [INFO] Sep-02 17:02:55.622 [AVDEVICESERVICE] [AVDeviceService] [DEVICE_LIST] [avds_1788346972302] Enumerated 3 devices (deviceCount=3, devices=audioinput: "", videoinput: "", audiooutput: "") @ https://a.slack-edge.com/bv1-13-br/gantry-v2-shared.306d799b6c8c1794.min.js?cacheKey=gantry-1788343052:46
[   31839ms] [INFO] Sep-02 17:02:55.622 [DEVICE-PREFS] Device list validation result: false @ https://a.slack-edge.com/bv1-13-br/gantry-v2-shared.306d799b6c8c1794.min.js?cacheKey=gantry-1788343052:46
[   31839ms] [INFO] Sep-02 17:02:55.622 [DEVICE-PREFS] Device list updated [Object, Object, Object] @ https://a.slack-edge.com/bv1-13-br/gantry-v2-shared.306d799b6c8c1794.min.js?cacheKey=gantry-1788343052:46
[   31839ms] [INFO] Sep-02 17:02:55.622 [DEVICE-PREFS] Processing device list [Object, Object, Object] @ https://a.slack-edge.com/bv1-13-br/gantry-v2-shared.306d799b6c8c1794.min.js?cacheKey=gantry-1788343052:46
[   31839ms] [WARNING] Sep-02 17:02:55.623 DEVICE-PREFS Preferred audioinput device (default) not found. Resetting to OS default. @ https://a.slack-edge.com/bv1-13-br/gantry-v2-shared.306d799b6c8c1794.min.js?cacheKey=gantry-1788343052:46
[   31840ms] [WARNING] Sep-02 17:02:55.623 DEVICE-PREFS Preferred audiooutput device (default) not found. Resetting to OS default. @ https://a.slack-edge.com/bv1-13-br/gantry-v2-shared.306d799b6c8c1794.min.js?cacheKey=gantry-1788343052:46
[   31840ms] [INFO] Sep-02 17:02:55.623 [DEVICE-PREFS] Device list processing complete @ https://a.slack-edge.com/bv1-13-br/gantry-v2-shared.306d799b6c8c1794.min.js?cacheKey=gantry-1788343052:46
[   31840ms] [INFO] Sep-02 17:02:55.624 [DEVICE-PREFS] Device list change handler updated @ https://a.slack-edge.com/bv1-13-br/gantry-v2-shared.306d799b6c8c1794.min.js?cacheKey=gantry-1788343052:46
[   31840ms] [INFO] Sep-02 17:02:55.624 [DEVICE-PREFS] Device preferences manager initialized @ https://a.slack-edge.com/bv1-13-br/gantry-v2-shared.306d799b6c8c1794.min.js?cacheKey=gantry-1788343052:46
[   31840ms] [INFO] Sep-02 17:02:55.624 [DEVICE-PREFS] Analyzing stored device records @ https://a.slack-edge.com/bv1-13-br/gantry-v2-shared.306d799b6c8c1794.min.js?cacheKey=gantry-1788343052:46
[   31840ms] [INFO] Sep-02 17:02:55.624 [DEVICE-PREFS] Returning all records for initialization analyses @ https://a.slack-edge.com/bv1-13-br/gantry-v2-shared.306d799b6c8c1794.min.js?cacheKey=gantry-1788343052:46
[   31841ms] [INFO] Sep-02 17:02:55.624 [DEVICE-PREFS] Device selection records analysis: {totalRecords: 0, webAudioDevices: 0, webAudioSelectedDevices: 0, webAudioUsedDevices: 0, microphoneCount: 0} @ https://a.slack-edge.com/bv1-13-br/gantry-v2-shared.306d799b6c8c1794.min.js?cacheKey=gantry-1788343052:46
[   31841ms] [INFO] Sep-02 17:02:55.624 [(?)] Device preferences manager initialized @ https://a.slack-edge.com/bv1-13-br/gantry-v2-shared.306d799b6c8c1794.min.js?cacheKey=gantry-1788343052:46
[   31981ms] [INFO] Sep-02 17:02:55.764 [API-Q] (T0285LK1G) noversion-1788346975.764 Flannel users/info called with reason: flannel-call:users/info @ https://a.slack-edge.com/bv1-13-br/gantry-v2-shared.306d799b6c8c1794.min.js?cacheKey=gantry-1788343052:46
[   31981ms] [INFO] Sep-02 17:02:55.764 [API-Q] (T0285LK1G) noversion-1788346975.764 Flannel users/info is ENQUEUED @ https://a.slack-edge.com/bv1-13-br/gantry-v2-shared.306d799b6c8c1794.min.js?cacheKey=gantry-1788343052:46
[   31981ms] [INFO] Sep-02 17:02:55.765 [API-Q] (T0285LK1G) noversion-1788346975.764 Flannel users/info is ACTIVE @ https://a.slack-edge.com/bv1-13-br/gantry-v2-shared.306d799b6c8c1794.min.js?cacheKey=gantry-1788343052:46
[   32060ms] [INFO] Sep-02 17:02:55.843 [API-Q] (T0285LK1G) noversion-1788346975.764 Flannel users/info is RESOLVED @ https://a.slack-edge.com/bv1-13-br/gantry-v2-shared.306d799b6c8c1794.min.js?cacheKey=gantry-1788343052:46
[   32146ms] [INFO] Sep-02 17:02:55.929 [DEVICE-PREFS] Propagating device selection history update @ https://a.slack-edge.com/bv1-13-br/gantry-v2-shared.306d799b6c8c1794.min.js?cacheKey=gantry-1788343052:46
[   32147ms] [WARNING] Sep-02 17:02:55.930 (?) preferred device for audioinput does not exist skipping setting preferred device in huddle @ https://a.slack-edge.com/bv1-13-br/gantry-v2-shared.306d799b6c8c1794.min.js?cacheKey=gantry-1788343052:46
[   32147ms] [WARNING] Sep-02 17:02:55.930 (?) preferred device for audiooutput does not exist skipping setting preferred device in huddle @ https://a.slack-edge.com/bv1-13-br/gantry-v2-shared.306d799b6c8c1794.min.js?cacheKey=gantry-1788343052:46
[   32147ms] [WARNING] Sep-02 17:02:55.930 (?) preferred device for videoinput does not exist skipping setting preferred device in huddle @ https://a.slack-edge.com/bv1-13-br/gantry-v2-shared.306d799b6c8c1794.min.js?cacheKey=gantry-1788343052:46
[   33528ms] [INFO] Sep-02 17:02:57.312 [DEVICE-PERMISSIONS-MA] Refreshing all permissions @ https://a.slack-edge.com/bv1-13-br/gantry-v2-shared.306d799b6c8c1794.min.js?cacheKey=gantry-1788343052:46
[   33529ms] [WARNING] Sep-02 17:02:57.313 AVDeviceService [AVDeviceService] [HEALTH] [avds_1788346972302] Invalid device list on attempt 1 (3 devices, none with valid IDs) @ https://a.slack-edge.com/bv1-13-br/gantry-v2-shared.306d799b6c8c1794.min.js?cacheKey=gantry-1788343052:46
[   33529ms] [INFO] Sep-02 17:02:57.313 [AVDEVICESERVICE] [AVDeviceService] [ACQUISITION] [avds_1788346972302] Retry attempt 1 for enumerateDevices with 500ms delay @ https://a.slack-edge.com/bv1-13-br/gantry-v2-shared.306d799b6c8c1794.min.js?cacheKey=gantry-1788343052:46
[   34040ms] [WARNING] Sep-02 17:02:57.824 AVDeviceService [AVDeviceService] [HEALTH] [avds_1788346972302] Invalid device list on attempt 2 (3 devices, none with valid IDs) @ https://a.slack-edge.com/bv1-13-br/gantry-v2-shared.306d799b6c8c1794.min.js?cacheKey=gantry-1788343052:46
[   34040ms] [INFO] Sep-02 17:02:57.824 [AVDEVICESERVICE] [AVDeviceService] [ACQUISITION] [avds_1788346972302] Retry attempt 2 for enumerateDevices with 750ms delay @ https://a.slack-edge.com/bv1-13-br/gantry-v2-shared.306d799b6c8c1794.min.js?cacheKey=gantry-1788343052:46
[   34804ms] [WARNING] Sep-02 17:02:58.588 AVDeviceService [AVDeviceService] [HEALTH] [avds_1788346972302] Invalid device list on attempt 3 (3 devices, none with valid IDs) @ https://a.slack-edge.com/bv1-13-br/gantry-v2-shared.306d799b6c8c1794.min.js?cacheKey=gantry-1788343052:46
[   34804ms] [INFO] Sep-02 17:02:58.588 [AVDEVICESERVICE] [AVDeviceService] [ACQUISITION] [avds_1788346972302] Retry attempt 3 for enumerateDevices with 1000ms delay @ https://a.slack-edge.com/bv1-13-br/gantry-v2-shared.306d799b6c8c1794.min.js?cacheKey=gantry-1788343052:46
[   35816ms] [WARNING] Sep-02 17:02:59.600 AVDeviceService [AVDeviceService] [HEALTH] [avds_1788346972302] Invalid device list on attempt 4 (3 devices, none with valid IDs) @ https://a.slack-edge.com/bv1-13-br/gantry-v2-shared.306d799b6c8c1794.min.js?cacheKey=gantry-1788343052:46
[   35816ms] [ERROR] Sep-02 17:02:59.600 AVDeviceService (?) [AVDeviceService] [ACQUISITION] [avds_1788346972302] Failed to get valid device list after 4 attempts @ https://a.slack-edge.com/bv1-13-br/gantry-v2-shared.306d799b6c8c1794.min.js?cacheKey=gantry-1788343052:46
[   35817ms] [INFO] Sep-02 17:02:59.601 [AVDEVICESERVICE] [AVDeviceService] [DEVICE_LIST] [avds_1788346972302] Enumerated 3 devices (deviceCount=3, devices=audioinput: "", videoinput: "", audiooutput: "") @ https://a.slack-edge.com/bv1-13-br/gantry-v2-shared.306d799b6c8c1794.min.js?cacheKey=gantry-1788343052:46
[   35818ms] [INFO] Sep-02 17:02:59.602 [DEVICE-PERMISSIONS-MA] Received microphone access status for browser: prompt @ https://a.slack-edge.com/bv1-13-br/gantry-v2-shared.306d799b6c8c1794.min.js?cacheKey=gantry-1788343052:46
[   35819ms] [INFO] Sep-02 17:02:59.602 [DEVICE-PERMISSIONS-MA] Received camera access status for browser: prompt @ https://a.slack-edge.com/bv1-13-br/gantry-v2-shared.306d799b6c8c1794.min.js?cacheKey=gantry-1788343052:46
[   35819ms] [INFO] Sep-02 17:02:59.602 [DEVICE-PERMISSIONS-MA] Received screen access status for browser: prompt @ https://a.slack-edge.com/bv1-13-br/gantry-v2-shared.306d799b6c8c1794.min.js?cacheKey=gantry-1788343052:46
[   65602ms] [INFO] Sep-02 17:03:29.385 [QUIP] (T0285LK1G) Initializing Collab SDK client: preload @ https://a.slack-edge.com/bv1-13-br/gantry-v2-shared.306d799b6c8c1794.min.js?cacheKey=gantry-1788343052:46
[   65841ms] [INFO] [Diagnostics] Adding window recorder 81a26f8d067343d3a9387bdf9 @ https://a.slack-edge.com/bv1-13-br/gantry-v2-async-quip-collab-webapp.78da9a4defb5ac10.min.js?cacheKey=gantry-1788343052:3
[   66003ms] [LOG] [WD] All assets have reported back; s: 18; f: 0 @ https://app.slack.com/client:0
[   66609ms] [INFO] Sep-02 17:03:30.392 [QUIP] (T0285LK1G) {type: set_current_user_id, timestamp_ms: 1788347010386, user_id: XHU9EAOOD4r} @ https://a.slack-edge.com/bv1-13-br/gantry-v2-shared.306d799b6c8c1794.min.js?cacheKey=gantry-1788343052:46
[   66612ms] [WARNING] Sep-02 17:03:30.396 TRACER (T0285LK1G) (canvas:collab-init) was forced closed and marked with the _flush=true tag. @ https://a.slack-edge.com/bv1-13-br/gantry-v2-shared.306d799b6c8c1794.min.js?cacheKey=gantry-1788343052:46
[   81884ms] [INFO] Sep-02 17:03:45.668 [API-Q] (T0285LK1G) noversion-1788347025.667 Flannel emojis/search called with reason: flannel-call:emojis/search @ https://a.slack-edge.com/bv1-13-br/gantry-v2-shared.306d799b6c8c1794.min.js?cacheKey=gantry-1788343052:46
[   81885ms] [INFO] Sep-02 17:03:45.668 [API-Q] (T0285LK1G) noversion-1788347025.667 Flannel emojis/search is ENQUEUED @ https://a.slack-edge.com/bv1-13-br/gantry-v2-shared.306d799b6c8c1794.min.js?cacheKey=gantry-1788343052:46
[   81887ms] [INFO] Sep-02 17:03:45.671 [API-Q] (T0285LK1G) noversion-1788347025.667 Flannel emojis/search is ACTIVE @ https://a.slack-edge.com/bv1-13-br/gantry-v2-shared.306d799b6c8c1794.min.js?cacheKey=gantry-1788343052:46
[   81892ms] [INFO] Sep-02 17:03:45.674 [API-Q] (T0285LK1G) d3c33b54-1788347025.673 search.autocomplete.offlineFeatures called with reason: search-offline-features @ https://a.slack-edge.com/bv1-13-br/gantry-v2-shared.306d799b6c8c1794.min.js?cacheKey=gantry-1788343052:46
[   81893ms] [INFO] Sep-02 17:03:45.676 [API-Q] (T0285LK1G) d3c33b54-1788347025.673 search.autocomplete.offlineFeatures is ENQUEUED @ https://a.slack-edge.com/bv1-13-br/gantry-v2-shared.306d799b6c8c1794.min.js?cacheKey=gantry-1788343052:46
[   81897ms] [INFO] Sep-02 17:03:45.680 [API-Q] (T0285LK1G) d3c33b54-1788347025.673 search.autocomplete.offlineFeatures is ACTIVE @ https://a.slack-edge.com/bv1-13-br/gantry-v2-shared.306d799b6c8c1794.min.js?cacheKey=gantry-1788343052:46
[   81900ms] [INFO] Sep-02 17:03:45.683 [API-Q] (T0285LK1G) d3c33b54-1788347025.683 search.autocomplete.model called with reason: AutocompleteModelCache @ https://a.slack-edge.com/bv1-13-br/gantry-v2-shared.306d799b6c8c1794.min.js?cacheKey=gantry-1788343052:46
[   81901ms] [INFO] Sep-02 17:03:45.684 [API-Q] (T0285LK1G) d3c33b54-1788347025.683 search.autocomplete.model is ENQUEUED @ https://a.slack-edge.com/bv1-13-br/gantry-v2-shared.306d799b6c8c1794.min.js?cacheKey=gantry-1788343052:46
[   81907ms] [INFO] Sep-02 17:03:45.690 [API-Q] (T0285LK1G) d3c33b54-1788347025.690 search.autocomplete.intentModel called with reason: AutocompleteModelCache @ https://a.slack-edge.com/bv1-13-br/gantry-v2-shared.306d799b6c8c1794.min.js?cacheKey=gantry-1788343052:46
[   81908ms] [INFO] Sep-02 17:03:45.691 [API-Q] (T0285LK1G) d3c33b54-1788347025.690 search.autocomplete.intentModel is ENQUEUED @ https://a.slack-edge.com/bv1-13-br/gantry-v2-shared.306d799b6c8c1794.min.js?cacheKey=gantry-1788343052:46
[   81912ms] [INFO] Sep-02 17:03:45.696 [API-Q] (T0285LK1G) d3c33b54-1788347025.683 search.autocomplete.model is ACTIVE @ https://a.slack-edge.com/bv1-13-br/gantry-v2-shared.306d799b6c8c1794.min.js?cacheKey=gantry-1788343052:46
[   81914ms] [INFO] Sep-02 17:03:45.697 [API-Q] (T0285LK1G) d3c33b54-1788347025.690 search.autocomplete.intentModel is ACTIVE @ https://a.slack-edge.com/bv1-13-br/gantry-v2-shared.306d799b6c8c1794.min.js?cacheKey=gantry-1788343052:46
[   81994ms] [INFO] Sep-02 17:03:45.777 [API-Q] (T0285LK1G) noversion-1788347025.667 Flannel emojis/search is RESOLVED @ https://a.slack-edge.com/bv1-13-br/gantry-v2-shared.306d799b6c8c1794.min.js?cacheKey=gantry-1788343052:46
[   82167ms] [INFO] Sep-02 17:03:45.951 [API-Q] (T0285LK1G) d3c33b54-1788347025.683 search.autocomplete.model is RESOLVED @ https://a.slack-edge.com/bv1-13-br/gantry-v2-shared.306d799b6c8c1794.min.js?cacheKey=gantry-1788343052:46
[   82189ms] [INFO] Sep-02 17:03:45.972 [API-Q] (T0285LK1G) d3c33b54-1788347025.690 search.autocomplete.intentModel is RESOLVED @ https://a.slack-edge.com/bv1-13-br/gantry-v2-shared.306d799b6c8c1794.min.js?cacheKey=gantry-1788343052:46
[   82206ms] [INFO] Sep-02 17:03:45.989 [API-Q] (T0285LK1G) d3c33b54-1788347025.673 search.autocomplete.offlineFeatures is RESOLVED @ https://a.slack-edge.com/bv1-13-br/gantry-v2-shared.306d799b6c8c1794.min.js?cacheKey=gantry-1788343052:46
[   82742ms] [INFO] Sep-02 17:03:46.525 [DRAFTS] (T0285LK1G) Storing draft changes locally - GGWTSNWTC @ https://a.slack-edge.com/bv1-13-br/gantry-v2-shared.306d799b6c8c1794.min.js?cacheKey=gantry-1788343052:46
[   92756ms] [INFO] Sep-02 17:03:56.539 [DRAFTS] Firing debounced draft sync - GGWTSNWTC @ https://a.slack-edge.com/bv1-13-br/gantry-v2-shared.306d799b6c8c1794.min.js?cacheKey=gantry-1788343052:46
[   92756ms] [INFO] Sep-02 17:03:56.540 [DRAFTS] (T0285LK1G) Syncing a new draft - GGWTSNWTC @ https://a.slack-edge.com/bv1-13-br/gantry-v2-shared.306d799b6c8c1794.min.js?cacheKey=gantry-1788343052:46
[   92764ms] [INFO] Sep-02 17:03:56.547 [API-Q] (T0285LK1G) d3c33b54-1788347036.547 drafts.create called with reason: MessageInput:updateDraft @ https://a.slack-edge.com/bv1-13-br/gantry-v2-shared.306d799b6c8c1794.min.js?cacheKey=gantry-1788343052:46
[   92764ms] [INFO] Sep-02 17:03:56.548 [API-Q] (T0285LK1G) d3c33b54-1788347036.547 drafts.create is ENQUEUED @ https://a.slack-edge.com/bv1-13-br/gantry-v2-shared.306d799b6c8c1794.min.js?cacheKey=gantry-1788343052:46
[   92765ms] [INFO] Sep-02 17:03:56.548 [API-Q] (T0285LK1G) d3c33b54-1788347036.547 drafts.create is ACTIVE @ https://a.slack-edge.com/bv1-13-br/gantry-v2-shared.306d799b6c8c1794.min.js?cacheKey=gantry-1788343052:46
[   93049ms] [INFO] Sep-02 17:03:56.832 [DRAFTS] (T0285LK1G) RTM: draft_create - Dr0BUEFFH6RY @ https://a.slack-edge.com/bv1-13-br/gantry-v2-shared.306d799b6c8c1794.min.js?cacheKey=gantry-1788343052:46
[   93049ms] [INFO] Sep-02 17:03:56.832 [DRAFTS] (T0285LK1G) Ignoring a 'draft_create' event triggered by a local change: GGWTSNWTC @ https://a.slack-edge.com/bv1-13-br/gantry-v2-shared.306d799b6c8c1794.min.js?cacheKey=gantry-1788343052:46
[   93053ms] [INFO] Sep-02 17:03:56.837 [API-Q] (T0285LK1G) d3c33b54-1788347036.547 drafts.create is RESOLVED @ https://a.slack-edge.com/bv1-13-br/gantry-v2-shared.306d799b6c8c1794.min.js?cacheKey=gantry-1788343052:46
[   93053ms] [INFO] Sep-02 17:03:56.837 [DRAFTS] (T0285LK1G) New draft synced - GGWTSNWTC @ https://a.slack-edge.com/bv1-13-br/gantry-v2-shared.306d799b6c8c1794.min.js?cacheKey=gantry-1788343052:46
[   96749ms] [INFO] Sep-02 17:04:00.532 [API-Q] (T0285LK1G) d3c33b54-1788347040.532 client.counts called with reason: pollClientCountsAfterTimeout @ https://a.slack-edge.com/bv1-13-br/gantry-v2-shared.306d799b6c8c1794.min.js?cacheKey=gantry-1788343052:46
[   96749ms] [INFO] Sep-02 17:04:00.533 [API-Q] (T0285LK1G) d3c33b54-1788347040.532 client.counts is ENQUEUED @ https://a.slack-edge.com/bv1-13-br/gantry-v2-shared.306d799b6c8c1794.min.js?cacheKey=gantry-1788343052:46
[   96750ms] [INFO] Sep-02 17:04:00.533 [API-Q] (T0285LK1G) d3c33b54-1788347040.532 client.counts is ACTIVE @ https://a.slack-edge.com/bv1-13-br/gantry-v2-shared.306d799b6c8c1794.min.js?cacheKey=gantry-1788343052:46
[   97980ms] [INFO] Sep-02 17:04:01.763 [API-Q] (T0285LK1G) d3c33b54-1788347040.532 client.counts is RESOLVED @ https://a.slack-edge.com/bv1-13-br/gantry-v2-shared.306d799b6c8c1794.min.js?cacheKey=gantry-1788343052:46
[   97981ms] [INFO] Sep-02 17:04:01.765 [COUNTS] (T0285LK1G) Applying counts to channels. wasLastConnectFast: false isConnected: true applying: 33 out of total: 33 @ https://a.slack-edge.com/bv1-13-br/gantry-v2-shared.306d799b6c8c1794.min.js?cacheKey=gantry-1788343052:46
[   97983ms] [INFO] Sep-02 17:04:01.766 [COUNTS] (T0285LK1G) Threads has_unreads:false mention_count:0 @ https://a.slack-edge.com/bv1-13-br/gantry-v2-shared.306d799b6c8c1794.min.js?cacheKey=gantry-1788343052:46
[   97984ms] [INFO] Sep-02 17:04:01.767 [COUNTS] (T0285LK1G) Completed counts processing @ https://a.slack-edge.com/bv1-13-br/gantry-v2-shared.306d799b6c8c1794.min.js?cacheKey=gantry-1788343052:46
[   97999ms] [INFO] Sep-02 17:04:01.783 [ALLTHREADSROWELEMENT] (T0285LK1G) From channel badges count, has unreads: false with badge count: 0 @ https://a.slack-edge.com/bv1-13-br/gantry-v2-shared.306d799b6c8c1794.min.js?cacheKey=gantry-1788343052:46
[  115807ms] [INFO] Sep-02 17:04:19.591 [MESSAGEPANEINPUT] (T0285LK1G) Initiating message sending @ https://a.slack-edge.com/bv1-13-br/gantry-v2-shared.306d799b6c8c1794.min.js?cacheKey=gantry-1788343052:46
[  115809ms] [INFO] Sep-02 17:04:19.592 [DRAFTS] (T0285LK1G) Clearing a local draft - GGWTSNWTC (reason: MessagePaneInput:sendMessage) @ https://a.slack-edge.com/bv1-13-br/gantry-v2-shared.306d799b6c8c1794.min.js?cacheKey=gantry-1788343052:46
[  115825ms] [INFO] Sep-02 17:04:19.608 [ACTION:MESSAGE] (T0285LK1G) Sent a message to GGWTSNWTC via HTTP, clientMsgId: c7b034e1-d48a-4112-b4c2-639859b1a02e @ https://a.slack-edge.com/bv1-13-br/gantry-v2-shared.306d799b6c8c1794.min.js?cacheKey=gantry-1788343052:46
[  115826ms] [INFO] Sep-02 17:04:19.609 [ACTION:MESSAGE-Q] (T0285LK1G) Enqueueing message with clientMsgId c7b034e1-d48a-4112-b4c2-639859b1a02e, queue has 1 messages @ https://a.slack-edge.com/bv1-13-br/gantry-v2-shared.306d799b6c8c1794.min.js?cacheKey=gantry-1788343052:46
[  115826ms] [INFO] Sep-02 17:04:19.610 [ACTION:MESSAGE-Q] (T0285LK1G) Sending message with clientMsgId c7b034e1-d48a-4112-b4c2-639859b1a02e @ https://a.slack-edge.com/bv1-13-br/gantry-v2-shared.306d799b6c8c1794.min.js?cacheKey=gantry-1788343052:46
[  115827ms] [INFO] Sep-02 17:04:19.610 [API-Q] (T0285LK1G) d3c33b54-1788347059.610 chat.postMessage called with reason: webapp_message_send @ https://a.slack-edge.com/bv1-13-br/gantry-v2-shared.306d799b6c8c1794.min.js?cacheKey=gantry-1788343052:46
[  115827ms] [INFO] Sep-02 17:04:19.611 [API-Q] (T0285LK1G) d3c33b54-1788347059.610 chat.postMessage is ENQUEUED @ https://a.slack-edge.com/bv1-13-br/gantry-v2-shared.306d799b6c8c1794.min.js?cacheKey=gantry-1788343052:46
[  115828ms] [INFO] Sep-02 17:04:19.611 [ACTION:MESSAGE-Q] (T0285LK1G) Shifting queue, now has 0 messages @ https://a.slack-edge.com/bv1-13-br/gantry-v2-shared.306d799b6c8c1794.min.js?cacheKey=gantry-1788343052:46
[  115836ms] [INFO] Sep-02 17:04:19.619 [COUNTS] (T0285LK1G) Updated counts for GGWTSNWTC: unreadCnt 0, unreadHighlightCnt 0, unreadVIPMentionCnt 0 @ https://a.slack-edge.com/bv1-13-br/gantry-v2-shared.306d799b6c8c1794.min.js?cacheKey=gantry-1788343052:46
[  115837ms] [INFO] Sep-02 17:04:19.620 [CHECK-UNREADS] (T0285LK1G) Not marking GGWTSNWTC because it is not in an active view @ https://a.slack-edge.com/bv1-13-br/gantry-v2-shared.306d799b6c8c1794.min.js?cacheKey=gantry-1788343052:46
[  115837ms] [INFO] Sep-02 17:04:19.620 [API-Q] (T0285LK1G) d3c33b54-1788347059.610 chat.postMessage is ACTIVE @ https://a.slack-edge.com/bv1-13-br/gantry-v2-shared.306d799b6c8c1794.min.js?cacheKey=gantry-1788343052:46
[  115887ms] [INFO] Sep-02 17:04:19.670 [CHECK-UNREADS] (T0285LK1G) unreadLineVisible updated in main window container primary: true -> false @ https://a.slack-edge.com/bv1-13-br/gantry-v2-shared.306d799b6c8c1794.min.js?cacheKey=gantry-1788343052:46
[  116168ms] [INFO] Sep-02 17:04:19.951 [ACTION:MESSAGE] (T0285LK1G) Resolved a message with clientMsgId c7b034e1-d48a-4112-b4c2-639859b1a02e in GGWTSNWTC with ts 1788347059.654189 @ https://a.slack-edge.com/bv1-13-br/gantry-v2-shared.306d799b6c8c1794.min.js?cacheKey=gantry-1788343052:46
[  116170ms] [INFO] Sep-02 17:04:19.954 [ACTION:MESSAGE-Q] (T0285LK1G) Resolving active request with clientMsgId c7b034e1-d48a-4112-b4c2-639859b1a02e @ https://a.slack-edge.com/bv1-13-br/gantry-v2-shared.306d799b6c8c1794.min.js?cacheKey=gantry-1788343052:46
[  116171ms] [INFO] Sep-02 17:04:19.954 [NOTIFICATIONS] (T0285LK1G) Skip pref-disabled push notification @ https://a.slack-edge.com/bv1-13-br/gantry-v2-shared.306d799b6c8c1794.min.js?cacheKey=gantry-1788343052:46
[  116173ms] [INFO] Sep-02 17:04:19.957 [UNREAD-COUNTS] (T0285LK1G) Counting unreads in GGWTSNWTC because message removed @ https://a.slack-edge.com/bv1-13-br/gantry-v2-shared.306d799b6c8c1794.min.js?cacheKey=gantry-1788343052:46
[  116201ms] [INFO] Sep-02 17:04:19.984 [UFM-MEMBERS] (T0285LK1G) requesting UCHANNELEXPERT (1) @ https://a.slack-edge.com/bv1-13-br/gantry-v2-shared.306d799b6c8c1794.min.js?cacheKey=gantry-1788343052:46
[  116204ms] [INFO] Sep-02 17:04:19.987 [API-Q] (T0285LK1G) noversion-1788347059.985 Flannel users/info called with reason: flannel-call:users/info @ https://a.slack-edge.com/bv1-13-br/gantry-v2-shared.306d799b6c8c1794.min.js?cacheKey=gantry-1788343052:46
[  116204ms] [INFO] Sep-02 17:04:19.987 [API-Q] (T0285LK1G) noversion-1788347059.985 Flannel users/info is ENQUEUED @ https://a.slack-edge.com/bv1-13-br/gantry-v2-shared.306d799b6c8c1794.min.js?cacheKey=gantry-1788343052:46
[  116204ms] [INFO] Sep-02 17:04:19.988 [API-Q] (T0285LK1G) noversion-1788347059.985 Flannel users/info is ACTIVE @ https://a.slack-edge.com/bv1-13-br/gantry-v2-shared.306d799b6c8c1794.min.js?cacheKey=gantry-1788343052:46
[  116273ms] [INFO] Sep-02 17:04:20.057 [UNREAD-COUNTS] (T0285LK1G) Counting unreads in GGWTSNWTC because last_read changed to 1788347059.654189 @ https://a.slack-edge.com/bv1-13-br/gantry-v2-shared.306d799b6c8c1794.min.js?cacheKey=gantry-1788343052:46
[  116275ms] [INFO] Sep-02 17:04:20.058 [API-Q] (T0285LK1G) d3c33b54-1788347059.610 chat.postMessage is RESOLVED @ https://a.slack-edge.com/bv1-13-br/gantry-v2-shared.306d799b6c8c1794.min.js?cacheKey=gantry-1788343052:46
[  116336ms] [INFO] Sep-02 17:04:20.119 [CHECK-UNREADS] (T0285LK1G) Not marking GGWTSNWTC because it is not in an active view @ https://a.slack-edge.com/bv1-13-br/gantry-v2-shared.306d799b6c8c1794.min.js?cacheKey=gantry-1788343052:46
[  116374ms] [INFO] Sep-02 17:04:20.157 [DRAFTS] (T0285LK1G) RTM: draft_delete/draft_send - Dr0BUEFFH6RY - d0a98175-f8af-49db-a92b-234392a943ad @ https://a.slack-edge.com/bv1-13-br/gantry-v2-shared.306d799b6c8c1794.min.js?cacheKey=gantry-1788343052:46
[  116394ms] [INFO] Sep-02 17:04:20.178 [API-Q] (T0285LK1G) noversion-1788347059.985 Flannel users/info is RESOLVED @ https://a.slack-edge.com/bv1-13-br/gantry-v2-shared.306d799b6c8c1794.min.js?cacheKey=gantry-1788343052:46
[  116395ms] [INFO] Sep-02 17:04:20.178 [UFM-MEMBERS] (T0285LK1G) received UCHANNELEXPERT (1) @ https://a.slack-edge.com/bv1-13-br/gantry-v2-shared.306d799b6c8c1794.min.js?cacheKey=gantry-1788343052:46
[  116395ms] [WARNING] Sep-02 17:04:20.178 UFM-members (T0285LK1G) UnknownFetchManager requested 1 objects but received 0. Missing objects: UCHANNELEXPERT @ https://a.slack-edge.com/bv1-13-br/gantry-v2-shared.306d799b6c8c1794.min.js?cacheKey=gantry-1788343052:46
[  116401ms] [INFO] Sep-02 17:04:20.185 [API-Q] (T0285LK1G) noversion-1788347060.185 Flannel users/info called with reason: flannel-call:users/info @ https://a.slack-edge.com/bv1-13-br/gantry-v2-shared.306d799b6c8c1794.min.js?cacheKey=gantry-1788343052:46
[  116402ms] [INFO] Sep-02 17:04:20.185 [API-Q] (T0285LK1G) noversion-1788347060.185 Flannel users/info is ENQUEUED @ https://a.slack-edge.com/bv1-13-br/gantry-v2-shared.306d799b6c8c1794.min.js?cacheKey=gantry-1788343052:46
[  116402ms] [INFO] Sep-02 17:04:20.186 [API-Q] (T0285LK1G) noversion-1788347060.185 Flannel users/info is ACTIVE @ https://a.slack-edge.com/bv1-13-br/gantry-v2-shared.306d799b6c8c1794.min.js?cacheKey=gantry-1788343052:46
[  116444ms] [INFO] Sep-02 17:04:20.228 [API-Q] (T0285LK1G) noversion-1788347060.185 Flannel users/info is RESOLVED @ https://a.slack-edge.com/bv1-13-br/gantry-v2-shared.306d799b6c8c1794.min.js?cacheKey=gantry-1788343052:46
[  122126ms] [INFO] Sep-02 17:04:25.909 [NOTIFICATIONS] (T0285LK1G) Skip pref-disabled push notification @ https://a.slack-edge.com/bv1-13-br/gantry-v2-shared.306d799b6c8c1794.min.js?cacheKey=gantry-1788343052:46
[  122130ms] [INFO] Sep-02 17:04:25.914 [UNREAD-COUNTS] (T0285LK1G) Short-circuiting re-count in G7ELUQV45 because channel is already unread @ https://a.slack-edge.com/bv1-13-br/gantry-v2-shared.306d799b6c8c1794.min.js?cacheKey=gantry-1788343052:46
[  122807ms] [INFO] Sep-02 17:04:26.590 [CHECK-UNREADS] (T0285LK1G) unreadLineVisible updated in main window container primary: false -> true @ https://a.slack-edge.com/bv1-13-br/gantry-v2-shared.306d799b6c8c1794.min.js?cacheKey=gantry-1788343052:46
[  124255ms] [INFO] Sep-02 17:04:28.038 [CHECK-UNREADS] (T0285LK1G) unreadLineVisible updated in main window container primary: true -> false @ https://a.slack-edge.com/bv1-13-br/gantry-v2-shared.306d799b6c8c1794.min.js?cacheKey=gantry-1788343052:46
[  149046ms] [INFO] Sep-02 17:04:52.829 [CHECK-FOR-OLD-CHANNEL] (T0285LK1G) Start cleaning up DMs/MPDMs — starting with 186 entries. @ https://a.slack-edge.com/bv1-13-br/gantry-v2-shared.306d799b6c8c1794.min.js?cacheKey=gantry-1788343052:46
[  149047ms] [INFO] Sep-02 17:04:52.830 [CHECK-FOR-OLD-CHANNEL] (T0285LK1G) Eligible DMs/MPDMs for cleanup — [external DMs]:0, [internal DMs]: 14, [app DMs]: 2 @ https://a.slack-edge.com/bv1-13-br/gantry-v2-shared.306d799b6c8c1794.min.js?cacheKey=gantry-1788343052:46
[  149048ms] [INFO] Sep-02 17:04:52.831 [CHECK-FOR-OLD-CHANNEL] (T0285LK1G) Identified 0 DMs/MPDMs of externalDMs type for closure @ https://a.slack-edge.com/bv1-13-br/gantry-v2-shared.306d799b6c8c1794.min.js?cacheKey=gantry-1788343052:46
[  149049ms] [INFO] Sep-02 17:04:52.832 [CHECK-FOR-OLD-CHANNEL] (T0285LK1G) Not eligible D03JNJKJFAN: Self DM @ https://a.slack-edge.com/bv1-13-br/gantry-v2-shared.306d799b6c8c1794.min.js?cacheKey=gantry-1788343052:46
[  149049ms] [INFO] Sep-02 17:04:52.833 [CHECK-FOR-OLD-CHANNEL] (T0285LK1G) Not eligible D03K189F1R7: Slackbot @ https://a.slack-edge.com/bv1-13-br/gantry-v2-shared.306d799b6c8c1794.min.js?cacheKey=gantry-1788343052:46
[  149051ms] [INFO] Sep-02 17:04:52.834 [CHECK-FOR-OLD-CHANNEL] (T0285LK1G) Not eligible D06DLBNQAH5: Not idle @ https://a.slack-edge.com/bv1-13-br/gantry-v2-shared.306d799b6c8c1794.min.js?cacheKey=gantry-1788343052:46
[  149052ms] [INFO] Sep-02 17:04:52.835 [CHECK-FOR-OLD-CHANNEL] (T0285LK1G) Not eligible D097C20369Z: Not idle @ https://a.slack-edge.com/bv1-13-br/gantry-v2-shared.306d799b6c8c1794.min.js?cacheKey=gantry-1788343052:46
[  149052ms] [INFO] Sep-02 17:04:52.836 [CHECK-FOR-OLD-CHANNEL] (T0285LK1G) Not eligible D0ASCCL2UDN: Not idle @ https://a.slack-edge.com/bv1-13-br/gantry-v2-shared.306d799b6c8c1794.min.js?cacheKey=gantry-1788343052:46
[  149053ms] [INFO] Sep-02 17:04:52.836 [CHECK-FOR-OLD-CHANNEL] (T0285LK1G) Identified 3 DMs/MPDMs of internalDMs type for closure @ https://a.slack-edge.com/bv1-13-br/gantry-v2-shared.306d799b6c8c1794.min.js?cacheKey=gantry-1788343052:46
[  149053ms] [INFO] Sep-02 17:04:52.836 [CHECK-FOR-OLD-CHANNEL] (T0285LK1G) Closing D03KPL09N3Z @ https://a.slack-edge.com/bv1-13-br/gantry-v2-shared.306d799b6c8c1794.min.js?cacheKey=gantry-1788343052:46
[  149062ms] [INFO] Sep-02 17:04:52.845 [API-Q] (T0285LK1G) d3c33b54-1788347092.844 conversations.close called with reason: checkForOldChannelsToClose @ https://a.slack-edge.com/bv1-13-br/gantry-v2-shared.306d799b6c8c1794.min.js?cacheKey=gantry-1788343052:46
[  149063ms] [INFO] Sep-02 17:04:52.846 [API-Q] (T0285LK1G) d3c33b54-1788347092.844 conversations.close is ENQUEUED @ https://a.slack-edge.com/bv1-13-br/gantry-v2-shared.306d799b6c8c1794.min.js?cacheKey=gantry-1788343052:46
[  149063ms] [INFO] Sep-02 17:04:52.847 [CHECK-FOR-OLD-CHANNEL] (T0285LK1G) Closing D03QXFB33PB @ https://a.slack-edge.com/bv1-13-br/gantry-v2-shared.306d799b6c8c1794.min.js?cacheKey=gantry-1788343052:46
[  149066ms] [INFO] Sep-02 17:04:52.850 [API-Q] (T0285LK1G) d3c33b54-1788347092.849 conversations.close called with reason: checkForOldChannelsToClose @ https://a.slack-edge.com/bv1-13-br/gantry-v2-shared.306d799b6c8c1794.min.js?cacheKey=gantry-1788343052:46
[  149067ms] [INFO] Sep-02 17:04:52.850 [API-Q] (T0285LK1G) d3c33b54-1788347092.849 conversations.close is ENQUEUED @ https://a.slack-edge.com/bv1-13-br/gantry-v2-shared.306d799b6c8c1794.min.js?cacheKey=gantry-1788343052:46
[  149067ms] [INFO] Sep-02 17:04:52.851 [CHECK-FOR-OLD-CHANNEL] (T0285LK1G) Closing D044KT4PKEV @ https://a.slack-edge.com/bv1-13-br/gantry-v2-shared.306d799b6c8c1794.min.js?cacheKey=gantry-1788343052:46
[  149070ms] [INFO] Sep-02 17:04:52.853 [API-Q] (T0285LK1G) d3c33b54-1788347092.853 conversations.close called with reason: checkForOldChannelsToClose @ https://a.slack-edge.com/bv1-13-br/gantry-v2-shared.306d799b6c8c1794.min.js?cacheKey=gantry-1788343052:46
[  149070ms] [INFO] Sep-02 17:04:52.853 [API-Q] (T0285LK1G) d3c33b54-1788347092.853 conversations.close is ENQUEUED @ https://a.slack-edge.com/bv1-13-br/gantry-v2-shared.306d799b6c8c1794.min.js?cacheKey=gantry-1788343052:46
[  149070ms] [INFO] Sep-02 17:04:52.854 [CHECK-FOR-OLD-CHANNEL] (T0285LK1G) Identified 0 DMs/MPDMs of appDMs type for closure @ https://a.slack-edge.com/bv1-13-br/gantry-v2-shared.306d799b6c8c1794.min.js?cacheKey=gantry-1788343052:46
[  149072ms] [INFO] Sep-02 17:04:52.855 [API-Q] (T0285LK1G) d3c33b54-1788347092.844 conversations.close is ACTIVE @ https://a.slack-edge.com/bv1-13-br/gantry-v2-shared.306d799b6c8c1794.min.js?cacheKey=gantry-1788343052:46
[  149073ms] [INFO] Sep-02 17:04:52.857 [API-Q] (T0285LK1G) d3c33b54-1788347092.849 conversations.close is ACTIVE @ https://a.slack-edge.com/bv1-13-br/gantry-v2-shared.306d799b6c8c1794.min.js?cacheKey=gantry-1788343052:46
[  149074ms] [INFO] Sep-02 17:04:52.858 [API-Q] (T0285LK1G) d3c33b54-1788347092.853 conversations.close is ACTIVE @ https://a.slack-edge.com/bv1-13-br/gantry-v2-shared.306d799b6c8c1794.min.js?cacheKey=gantry-1788343052:46
[  149087ms] [INFO] Sep-02 17:04:52.870 [CHECK-FOR-OLD-CODE-CH] (T0285LK1G) Start checking code channels — 0 open code channels. @ https://a.slack-edge.com/bv1-13-br/gantry-v2-shared.306d799b6c8c1794.min.js?cacheKey=gantry-1788343052:46
[  150547ms] [INFO] Sep-02 17:04:54.330 [API-Q] (T0285LK1G) d3c33b54-1788347092.844 conversations.close is RESOLVED @ https://a.slack-edge.com/bv1-13-br/gantry-v2-shared.306d799b6c8c1794.min.js?cacheKey=gantry-1788343052:46
[  150573ms] [INFO] Sep-02 17:04:54.357 [API-Q] (T0285LK1G) d3c33b54-1788347092.849 conversations.close is RESOLVED @ https://a.slack-edge.com/bv1-13-br/gantry-v2-shared.306d799b6c8c1794.min.js?cacheKey=gantry-1788343052:46
[  150834ms] [INFO] Sep-02 17:04:54.618 [API-Q] (T0285LK1G) d3c33b54-1788347092.853 conversations.close is RESOLVED @ https://a.slack-edge.com/bv1-13-br/gantry-v2-shared.306d799b6c8c1794.min.js?cacheKey=gantry-1788343052:46
[  329036ms] [INFO] Sep-02 17:07:52.819 [SIDEBAR-NOISE-METRICS] (T0285LK1G) Logging sidebar noise metrics @ https://a.slack-edge.com/bv1-13-br/gantry-v2-shared.306d799b6c8c1794.min.js?cacheKey=gantry-1788343052:46
[  329037ms] [INFO] Sep-02 17:07:52.820 [SIDEBAR-STATS] (T0285LK1G) Begin gathering sidebar stats @ https://a.slack-edge.com/bv1-13-br/gantry-v2-shared.306d799b6c8c1794.min.js?cacheKey=gantry-1788343052:46
[  329041ms] [INFO] Sep-02 17:07:52.824 [SIDEBAR-NOISE-METRICS] (T0285LK1G) Stored first sidebar metrics (no previous data) @ https://a.slack-edge.com/bv1-13-br/gantry-v2-shared.306d799b6c8c1794.min.js?cacheKey=gantry-1788343052:46
[  330714ms] [INFO] Sep-02 17:07:54.497 [DND_V2] (T0285LK1G) Checking for changes in DND status for the following members: U03JR0Q2AAG,U0GETKDSN,U0GCQ1HFC,UEZ9BTF7G,U0FSXK8F4,U04MW31R98D,U06CGT7VDH6,U06GSPAEB8B,U0799QTR5RC,U06RV6VL7AN,U084FG0542K,U09QK5KMT0E,U08QL0GKG5N @ https://a.slack-edge.com/bv1-13-br/gantry-v2-shared.306d799b6c8c1794.min.js?cacheKey=gantry-1788343052:46
[  330715ms] [INFO] Sep-02 17:07:54.499 [DND_V2] (T0285LK1G) Will check for changes in DND status again in 5 minutes @ https://a.slack-edge.com/bv1-13-br/gantry-v2-shared.306d799b6c8c1794.min.js?cacheKey=gantry-1788343052:46
[  628822ms] [INFO] Sep-02 17:12:52.605 [RTM-EVENT-METRICS] Metrics collection sampling has been reset. @ https://a.slack-edge.com/bv1-13-br/gantry-v2-shared.306d799b6c8c1794.min.js?cacheKey=gantry-1788343052:46
[  630722ms] [INFO] Sep-02 17:12:54.505 [DND_V2] (T0285LK1G) Checking for changes in DND status for the following members: U03JR0Q2AAG,U0GETKDSN,U0GCQ1HFC,UEZ9BTF7G,U0FSXK8F4,U04MW31R98D,U06CGT7VDH6,U06GSPAEB8B,U0799QTR5RC,U06RV6VL7AN,U084FG0542K,U09QK5KMT0E,U08QL0GKG5N @ https://a.slack-edge.com/bv1-13-br/gantry-v2-shared.306d799b6c8c1794.min.js?cacheKey=gantry-1788343052:46
[  630722ms] [INFO] Sep-02 17:12:54.506 [DND_V2] (T0285LK1G) Will check for changes in DND status again in 5 minutes @ https://a.slack-edge.com/bv1-13-br/gantry-v2-shared.306d799b6c8c1794.min.js?cacheKey=gantry-1788343052:46
[  930724ms] [INFO] Sep-02 17:17:54.507 [DND_V2] (T0285LK1G) Checking for changes in DND status for the following members: U03JR0Q2AAG,U0GETKDSN,U0GCQ1HFC,UEZ9BTF7G,U0FSXK8F4,U04MW31R98D,U06CGT7VDH6,U06GSPAEB8B,U0799QTR5RC,U06RV6VL7AN,U084FG0542K,U09QK5KMT0E,U08QL0GKG5N @ https://a.slack-edge.com/bv1-13-br/gantry-v2-shared.306d799b6c8c1794.min.js?cacheKey=gantry-1788343052:46
[  930727ms] [INFO] Sep-02 17:17:54.510 [DND_V2] (T0285LK1G) Will check for changes in DND status again in 5 minutes @ https://a.slack-edge.com/bv1-13-br/gantry-v2-shared.306d799b6c8c1794.min.js?cacheKey=gantry-1788343052:46
[ 1049072ms] [INFO] Sep-02 17:19:52.855 [CHECK-FOR-OLD-CHANNEL] (T0285LK1G) Start cleaning up DMs/MPDMs — starting with 186 entries. @ https://a.slack-edge.com/bv1-13-br/gantry-v2-shared.306d799b6c8c1794.min.js?cacheKey=gantry-1788343052:46
[ 1049073ms] [INFO] Sep-02 17:19:52.857 [CHECK-FOR-OLD-CHANNEL] (T0285LK1G) Eligible DMs/MPDMs for cleanup — [external DMs]:0, [internal DMs]: 11, [app DMs]: 2 @ https://a.slack-edge.com/bv1-13-br/gantry-v2-shared.306d799b6c8c1794.min.js?cacheKey=gantry-1788343052:46
[ 1049073ms] [INFO] Sep-02 17:19:52.857 [CHECK-FOR-OLD-CHANNEL] (T0285LK1G) Identified 0 DMs/MPDMs of externalDMs type for closure @ https://a.slack-edge.com/bv1-13-br/gantry-v2-shared.306d799b6c8c1794.min.js?cacheKey=gantry-1788343052:46
[ 1049074ms] [INFO] Sep-02 17:19:52.857 [CHECK-FOR-OLD-CHANNEL] (T0285LK1G) Not eligible D03JNJKJFAN: Self DM @ https://a.slack-edge.com/bv1-13-br/gantry-v2-shared.306d799b6c8c1794.min.js?cacheKey=gantry-1788343052:46
[ 1049074ms] [INFO] Sep-02 17:19:52.857 [CHECK-FOR-OLD-CHANNEL] (T0285LK1G) Not eligible D03K189F1R7: Slackbot @ https://a.slack-edge.com/bv1-13-br/gantry-v2-shared.306d799b6c8c1794.min.js?cacheKey=gantry-1788343052:46
[ 1049074ms] [INFO] Sep-02 17:19:52.857 [CHECK-FOR-OLD-CHANNEL] (T0285LK1G) Not eligible D06DLBNQAH5: Not idle @ https://a.slack-edge.com/bv1-13-br/gantry-v2-shared.306d799b6c8c1794.min.js?cacheKey=gantry-1788343052:46
[ 1049074ms] [INFO] Sep-02 17:19:52.858 [CHECK-FOR-OLD-CHANNEL] (T0285LK1G) Not eligible D097C20369Z: Not idle @ https://a.slack-edge.com/bv1-13-br/gantry-v2-shared.306d799b6c8c1794.min.js?cacheKey=gantry-1788343052:46
[ 1049074ms] [INFO] Sep-02 17:19:52.858 [CHECK-FOR-OLD-CHANNEL] (T0285LK1G) Not eligible D0ASCCL2UDN: Not idle @ https://a.slack-edge.com/bv1-13-br/gantry-v2-shared.306d799b6c8c1794.min.js?cacheKey=gantry-1788343052:46
[ 1049075ms] [INFO] Sep-02 17:19:52.858 [CHECK-FOR-OLD-CHANNEL] (T0285LK1G) Identified 0 DMs/MPDMs of internalDMs type for closure @ https://a.slack-edge.com/bv1-13-br/gantry-v2-shared.306d799b6c8c1794.min.js?cacheKey=gantry-1788343052:46
[ 1049075ms] [INFO] Sep-02 17:19:52.858 [CHECK-FOR-OLD-CHANNEL] (T0285LK1G) Identified 0 DMs/MPDMs of appDMs type for closure @ https://a.slack-edge.com/bv1-13-br/gantry-v2-shared.306d799b6c8c1794.min.js?cacheKey=gantry-1788343052:46
[ 1049104ms] [INFO] Sep-02 17:19:52.887 [CHECK-FOR-OLD-CODE-CH] (T0285LK1G) Start checking code channels — 0 open code channels. @ https://a.slack-edge.com/bv1-13-br/gantry-v2-shared.306d799b6c8c1794.min.js?cacheKey=gantry-1788343052:46
[ 1228822ms] [INFO] Sep-02 17:22:52.605 [RTM-EVENT-METRICS] Metrics collection sampling has been reset. @ https://a.slack-edge.com/bv1-13-br/gantry-v2-shared.306d799b6c8c1794.min.js?cacheKey=gantry-1788343052:46
[ 1230739ms] [INFO] Sep-02 17:22:54.522 [DND_V2] (T0285LK1G) Checking for changes in DND status for the following members: U03JR0Q2AAG,U0GETKDSN,U0GCQ1HFC,UEZ9BTF7G,U0FSXK8F4,U04MW31R98D,U06CGT7VDH6,U06GSPAEB8B,U0799QTR5RC,U06RV6VL7AN,U084FG0542K,U09QK5KMT0E,U08QL0GKG5N @ https://a.slack-edge.com/bv1-13-br/gantry-v2-shared.306d799b6c8c1794.min.js?cacheKey=gantry-1788343052:46
[ 1230741ms] [INFO] Sep-02 17:22:54.524 [DND_V2] (T0285LK1G) Will check for changes in DND status again in 5 minutes @ https://a.slack-edge.com/bv1-13-br/gantry-v2-shared.306d799b6c8c1794.min.js?cacheKey=gantry-1788343052:46
[ 1530749ms] [INFO] Sep-02 17:27:54.532 [DND_V2] (T0285LK1G) Checking for changes in DND status for the following members: U03JR0Q2AAG,U0GETKDSN,U0GCQ1HFC,UEZ9BTF7G,U0FSXK8F4,U04MW31R98D,U06CGT7VDH6,U06GSPAEB8B,U0799QTR5RC,U06RV6VL7AN,U084FG0542K,U09QK5KMT0E,U08QL0GKG5N @ https://a.slack-edge.com/bv1-13-br/gantry-v2-shared.306d799b6c8c1794.min.js?cacheKey=gantry-1788343052:46
[ 1530751ms] [INFO] Sep-02 17:27:54.534 [DND_V2] (T0285LK1G) Will check for changes in DND status again in 5 minutes @ https://a.slack-edge.com/bv1-13-br/gantry-v2-shared.306d799b6c8c1794.min.js?cacheKey=gantry-1788343052:46
[ 1828822ms] [INFO] Sep-02 17:32:52.606 [RTM-EVENT-METRICS] Metrics collection sampling has been reset. @ https://a.slack-edge.com/bv1-13-br/gantry-v2-shared.306d799b6c8c1794.min.js?cacheKey=gantry-1788343052:46
[ 1830764ms] [INFO] Sep-02 17:32:54.548 [DND_V2] (T0285LK1G) Checking for changes in DND status for the following members: U03JR0Q2AAG,U0GETKDSN,U0GCQ1HFC,UEZ9BTF7G,U0FSXK8F4,U04MW31R98D,U06CGT7VDH6,U06GSPAEB8B,U0799QTR5RC,U06RV6VL7AN,U084FG0542K,U09QK5KMT0E,U08QL0GKG5N @ https://a.slack-edge.com/bv1-13-br/gantry-v2-shared.306d799b6c8c1794.min.js?cacheKey=gantry-1788343052:46
[ 1830765ms] [INFO] Sep-02 17:32:54.549 [DND_V2] (T0285LK1G) Will check for changes in DND status again in 5 minutes @ https://a.slack-edge.com/bv1-13-br/gantry-v2-shared.306d799b6c8c1794.min.js?cacheKey=gantry-1788343052:46
[ 1949074ms] [INFO] Sep-02 17:34:52.858 [CHECK-FOR-OLD-CHANNEL] (T0285LK1G) Start cleaning up DMs/MPDMs — starting with 186 entries. @ https://a.slack-edge.com/bv1-13-br/gantry-v2-shared.306d799b6c8c1794.min.js?cacheKey=gantry-1788343052:46
[ 1949075ms] [INFO] Sep-02 17:34:52.858 [CHECK-FOR-OLD-CHANNEL] (T0285LK1G) Eligible DMs/MPDMs for cleanup — [external DMs]:0, [internal DMs]: 11, [app DMs]: 2 @ https://a.slack-edge.com/bv1-13-br/gantry-v2-shared.306d799b6c8c1794.min.js?cacheKey=gantry-1788343052:46
[ 1949075ms] [INFO] Sep-02 17:34:52.858 [CHECK-FOR-OLD-CHANNEL] (T0285LK1G) Identified 0 DMs/MPDMs of externalDMs type for closure @ https://a.slack-edge.com/bv1-13-br/gantry-v2-shared.306d799b6c8c1794.min.js?cacheKey=gantry-1788343052:46
[ 1949075ms] [INFO] Sep-02 17:34:52.858 [CHECK-FOR-OLD-CHANNEL] (T0285LK1G) Not eligible D03JNJKJFAN: Self DM @ https://a.slack-edge.com/bv1-13-br/gantry-v2-shared.306d799b6c8c1794.min.js?cacheKey=gantry-1788343052:46
[ 1949075ms] [INFO] Sep-02 17:34:52.858 [CHECK-FOR-OLD-CHANNEL] (T0285LK1G) Not eligible D03K189F1R7: Slackbot @ https://a.slack-edge.com/bv1-13-br/gantry-v2-shared.306d799b6c8c1794.min.js?cacheKey=gantry-1788343052:46
[ 1949075ms] [INFO] Sep-02 17:34:52.859 [CHECK-FOR-OLD-CHANNEL] (T0285LK1G) Not eligible D06DLBNQAH5: Not idle @ https://a.slack-edge.com/bv1-13-br/gantry-v2-shared.306d799b6c8c1794.min.js?cacheKey=gantry-1788343052:46
[ 1949075ms] [INFO] Sep-02 17:34:52.859 [CHECK-FOR-OLD-CHANNEL] (T0285LK1G) Not eligible D097C20369Z: Not idle @ https://a.slack-edge.com/bv1-13-br/gantry-v2-shared.306d799b6c8c1794.min.js?cacheKey=gantry-1788343052:46
[ 1949075ms] [INFO] Sep-02 17:34:52.859 [CHECK-FOR-OLD-CHANNEL] (T0285LK1G) Not eligible D0ASCCL2UDN: Not idle @ https://a.slack-edge.com/bv1-13-br/gantry-v2-shared.306d799b6c8c1794.min.js?cacheKey=gantry-1788343052:46
[ 1949075ms] [INFO] Sep-02 17:34:52.859 [CHECK-FOR-OLD-CHANNEL] (T0285LK1G) Identified 0 DMs/MPDMs of internalDMs type for closure @ https://a.slack-edge.com/bv1-13-br/gantry-v2-shared.306d799b6c8c1794.min.js?cacheKey=gantry-1788343052:46
[ 1949076ms] [INFO] Sep-02 17:34:52.859 [CHECK-FOR-OLD-CHANNEL] (T0285LK1G) Identified 0 DMs/MPDMs of appDMs type for closure @ https://a.slack-edge.com/bv1-13-br/gantry-v2-shared.306d799b6c8c1794.min.js?cacheKey=gantry-1788343052:46
[ 1949090ms] [INFO] Sep-02 17:34:52.873 [CHECK-FOR-OLD-CODE-CH] (T0285LK1G) Start checking code channels — 0 open code channels. @ https://a.slack-edge.com/bv1-13-br/gantry-v2-shared.306d799b6c8c1794.min.js?cacheKey=gantry-1788343052:46
[ 1977608ms] [INFO] Sep-02 17:35:21.391 [UNREAD-COUNTS] (T0285LK1G) Short-circuiting re-count in G6G9YMN1E because channel is already unread @ https://a.slack-edge.com/bv1-13-br/gantry-v2-shared.306d799b6c8c1794.min.js?cacheKey=gantry-1788343052:46
