[     710ms] [LOG] [ExpLoader] Getting things ready... @ https://teams.microsoft.com/v2/:54
[     718ms] [WARNING] [ExpLoader] ExperienceLoader: OCDI redirect: Not redirecting - not enabled @ https://teams.microsoft.com/v2/:54
[     741ms] [WARNING] A preload for 'https://teams.public.onecdn.static.microsoft/teams-modular-packages/hashed-assets/462748-07d8fb6516d15b3a.js' is found, but is not used because it is a cross-world service worker resource mismatch. @ https://teams.microsoft.com/v2/:54
[     741ms] [WARNING] A preload for 'https://teams.public.onecdn.static.microsoft/teams-modular-packages/hashed-assets/315228-451814f0f9215598.js' is found, but is not used because it is a cross-world service worker resource mismatch. @ https://teams.microsoft.com/v2/:54
[     742ms] [WARNING] A preload for 'https://teams.public.onecdn.static.microsoft/teams-modular-packages/hashed-assets/435678-d1bdf03cb0afb625.js' is found, but is not used because it is a cross-world service worker resource mismatch. @ https://teams.microsoft.com/v2/:54
[     742ms] [WARNING] A preload for 'https://teams.public.onecdn.static.microsoft/teams-modular-packages/hashed-assets/249566-274523e882e43004.js' is found, but is not used because it is a cross-world service worker resource mismatch. @ https://teams.microsoft.com/v2/:54
[     742ms] [WARNING] A preload for 'https://teams.public.onecdn.static.microsoft/teams-modular-packages/hashed-assets/376190-643ba6bb5012b8c2.js' is found, but is not used because it is a cross-world service worker resource mismatch. @ https://teams.microsoft.com/v2/:54
[     743ms] [WARNING] A preload for 'https://teams.public.onecdn.static.microsoft/teams-modular-packages/hashed-assets/54365-bfef35ea66ac127d.js' is found, but is not used because it is a cross-world service worker resource mismatch. @ https://teams.microsoft.com/v2/:54
[     744ms] [WARNING] A preload for 'https://teams.public.onecdn.static.microsoft/teams-modular-packages/hashed-assets/638055-8639409976087493.js' is found, but is not used because it is a cross-world service worker resource mismatch. @ https://teams.microsoft.com/v2/:54
[     744ms] [WARNING] A preload for 'https://teams.public.onecdn.static.microsoft/teams-modular-packages/hashed-assets/158884-70f571c7e70b86a5.js' is found, but is not used because it is a cross-world service worker resource mismatch. @ https://teams.microsoft.com/v2/:54
[     744ms] [WARNING] A preload for 'https://teams.public.onecdn.static.microsoft/teams-modular-packages/hashed-assets/234995-0c3f3235fc6b66bd.js' is found, but is not used because it is a cross-world service worker resource mismatch. @ https://teams.microsoft.com/v2/:54
[     745ms] [WARNING] A preload for 'https://teams.public.onecdn.static.microsoft/teams-modular-packages/hashed-assets/496830-b9bc15da63f131f0.js' is found, but is not used because it is a cross-world service worker resource mismatch. @ https://teams.microsoft.com/v2/:54
[     745ms] [WARNING] A preload for 'https://teams.public.onecdn.static.microsoft/teams-modular-packages/hashed-assets/341350-43f8cb4c1df179e4.js' is found, but is not used because it is a cross-world service worker resource mismatch. @ https://teams.microsoft.com/v2/:54
[     767ms] [WARNING] Manifest: property 'url' ignored, should be within scope of the manifest. @ https://teams.microsoft.com/v2/manifest.json:0
[     767ms] [WARNING] Manifest: protocol_handlers entry ignored, required property 'url' is invalid. @ https://teams.microsoft.com/v2/manifest.json:0
[     904ms] [WARNING] A preload for 'https://teams.public.onecdn.static.microsoft/teams-modular-packages/hashed-assets/integrities-bfbabbe1abccd849f5fb.js' is found, but is not used because it is a cross-world service worker resource mismatch. @ https://teams.microsoft.com/v2/:54
[     904ms] [WARNING] A preload for 'https://teams.public.onecdn.static.microsoft/teams-modular-packages/hashed-assets/runtime-7c35b76840f75b0a.js' is found, but is not used because it is a cross-world service worker resource mismatch. @ https://teams.microsoft.com/v2/:54
[     904ms] [WARNING] A preload for 'https://teams.public.onecdn.static.microsoft/teams-modular-packages/hashed-assets/main-bf92f430a18ec91b.js' is found, but is not used because it is a cross-world service worker resource mismatch. @ https://teams.microsoft.com/v2/:54
[    2257ms] [LOG] [Auth]: auth_cache initialized @ https://teams.microsoft.com/v2/:54
[    2258ms] [LOG] [Auth]: authTelemetryProvider initialized @ https://teams.microsoft.com/v2/:54
[    2260ms] [LOG] [Auth]: [Telemetry][c176721a-788e-44cd-a508-ff6562b7f908][auth_web_initialization] [start] - telemetry provider created for createAuthenticationServiceInstance, source: core-auth-tasks::init with shouldCreateScenario: [true] @ https://teams.microsoft.com/v2/:54
[    2282ms] [INFO] Banner not shown: beforeinstallpromptevent.preventDefault() called. The page must call beforeinstallpromptevent.prompt() to show the banner. @ https://teams.microsoft.com/v2/:0
[    2481ms] [ERROR] Unhandled error/rejection {"isTrusted":true} @ https://teams.microsoft.com/v2/:54
[    2629ms] [WARNING] An iframe which has both allow-scripts and allow-same-origin for its sandbox attribute can escape its sandboxing. @ https://teams.public.onecdn.static.microsoft/teams-modular-packages/hashed-assets/32990-231644c8e56b0850.js:0
[    4058ms] [INFO] BSSO Telemetry: {"result":"Error","error":"NoExtension","type":"ChromeSsoTelemetry","data":{},"traces":["BrowserSSO Initialized","Creating ChromeBrowserCore provider","Sending message for method CreateProviderAsync","Received message for method CreateProviderAsync","Error: ChromeBrowserCore error NoExtension: Extension is not installed."]} @ https://aadcdn.msftauth.net/shared/1.0/content/js/BssoInterrupt_Core_ErpvjItU9msAGXoFTg5Icg2.js:17
[    4369ms] [WARNING] An iframe which has both allow-scripts and allow-same-origin for its sandbox attribute can escape its sandboxing. @ https://teams.microsoft.com/v2/authv2#error=login_required&error_description=AADSTS50058%3a+A+silent+sign-in+request+was+sent+but+no+user+is+signed+in.+The+cookies+used+to+represent+the+user%27s+session+were+not+sent+in+the+request+to+Azure+AD.+This+can+happen+if+the+user+is+using+Internet+Explorer+or+Edge%2c+and+the+web+app+sending+the+silent+sign-in+request+is+in+different+IE+security+zone+than+the+Azure+AD+endpoint+(login.microsoftonline.com).+Trace+ID%3a+ca7e995e-b04e-4384-88d2-0f89fc361800+Correlation+ID%3a+47820bd9-885a-46c8-9ea0-462cdfba34bf+Timestamp%3a+2026-09-02+10%3a26%3a03Z&error_uri=https%3a%2f%2flogin.microsoftonline.com%2ferror%3fcode%3d50058&state=eyJpZCI6IjAxYTA2MWE3LTgwNzQtNzZmZS1iZDE0LTMyOGI1NTIzNjVkMSIsIm1ldGEiOnsiaW50ZXJhY3Rpb25UeXBlIjoic2lsZW50In19&clientdata=e%7c50058%7c%7cmicrosoftonline.com%7cnone:0
[    5520ms] [LOG] true @ https://login.live.com/Me.htm?v=3:0
[    7320ms] [LOG] [ExpLoader] Getting things ready... @ https://teams.microsoft.com/v2/:54
[    7327ms] [WARNING] [ExpLoader] ExperienceLoader: OCDI redirect: Not redirecting - not enabled @ https://teams.microsoft.com/v2/:54
[    7349ms] [WARNING] A preload for 'https://teams.public.onecdn.static.microsoft/teams-modular-packages/hashed-assets/462748-07d8fb6516d15b3a.js' is found, but is not used because it is a cross-world service worker resource mismatch. @ https://teams.microsoft.com/v2/:54
[    7349ms] [WARNING] A preload for 'https://teams.public.onecdn.static.microsoft/teams-modular-packages/hashed-assets/315228-451814f0f9215598.js' is found, but is not used because it is a cross-world service worker resource mismatch. @ https://teams.microsoft.com/v2/:54
[    7350ms] [WARNING] A preload for 'https://teams.public.onecdn.static.microsoft/teams-modular-packages/hashed-assets/435678-d1bdf03cb0afb625.js' is found, but is not used because it is a cross-world service worker resource mismatch. @ https://teams.microsoft.com/v2/:54
[    7350ms] [WARNING] A preload for 'https://teams.public.onecdn.static.microsoft/teams-modular-packages/hashed-assets/249566-274523e882e43004.js' is found, but is not used because it is a cross-world service worker resource mismatch. @ https://teams.microsoft.com/v2/:54
[    7350ms] [WARNING] A preload for 'https://teams.public.onecdn.static.microsoft/teams-modular-packages/hashed-assets/376190-643ba6bb5012b8c2.js' is found, but is not used because it is a cross-world service worker resource mismatch. @ https://teams.microsoft.com/v2/:54
[    7351ms] [WARNING] A preload for 'https://teams.public.onecdn.static.microsoft/teams-modular-packages/hashed-assets/54365-bfef35ea66ac127d.js' is found, but is not used because it is a cross-world service worker resource mismatch. @ https://teams.microsoft.com/v2/:54
[    7352ms] [WARNING] A preload for 'https://teams.public.onecdn.static.microsoft/teams-modular-packages/hashed-assets/638055-8639409976087493.js' is found, but is not used because it is a cross-world service worker resource mismatch. @ https://teams.microsoft.com/v2/:54
[    7352ms] [WARNING] A preload for 'https://teams.public.onecdn.static.microsoft/teams-modular-packages/hashed-assets/158884-70f571c7e70b86a5.js' is found, but is not used because it is a cross-world service worker resource mismatch. @ https://teams.microsoft.com/v2/:54
[    7353ms] [WARNING] A preload for 'https://teams.public.onecdn.static.microsoft/teams-modular-packages/hashed-assets/234995-0c3f3235fc6b66bd.js' is found, but is not used because it is a cross-world service worker resource mismatch. @ https://teams.microsoft.com/v2/:54
[    7354ms] [WARNING] A preload for 'https://teams.public.onecdn.static.microsoft/teams-modular-packages/hashed-assets/496830-b9bc15da63f131f0.js' is found, but is not used because it is a cross-world service worker resource mismatch. @ https://teams.microsoft.com/v2/:54
[    7354ms] [WARNING] A preload for 'https://teams.public.onecdn.static.microsoft/teams-modular-packages/hashed-assets/523694-6ef29870d61d8a6d.js' is found, but is not used because it is a cross-world service worker resource mismatch. @ https://teams.microsoft.com/v2/:54
[    7354ms] [WARNING] A preload for 'https://teams.public.onecdn.static.microsoft/teams-modular-packages/hashed-assets/341350-43f8cb4c1df179e4.js' is found, but is not used because it is a cross-world service worker resource mismatch. @ https://teams.microsoft.com/v2/:54
[    7363ms] [WARNING] Manifest: property 'url' ignored, should be within scope of the manifest. @ https://teams.microsoft.com/v2/manifest.json:0
[    7363ms] [WARNING] Manifest: protocol_handlers entry ignored, required property 'url' is invalid. @ https://teams.microsoft.com/v2/manifest.json:0
[    7432ms] [WARNING] A preload for 'https://teams.public.onecdn.static.microsoft/teams-modular-packages/hashed-assets/integrities-bfbabbe1abccd849f5fb.js' is found, but is not used because it is a cross-world service worker resource mismatch. @ https://teams.microsoft.com/v2/:54
[    7432ms] [WARNING] A preload for 'https://teams.public.onecdn.static.microsoft/teams-modular-packages/hashed-assets/runtime-7c35b76840f75b0a.js' is found, but is not used because it is a cross-world service worker resource mismatch. @ https://teams.microsoft.com/v2/:54
[    7432ms] [WARNING] A preload for 'https://teams.public.onecdn.static.microsoft/teams-modular-packages/hashed-assets/main-bf92f430a18ec91b.js' is found, but is not used because it is a cross-world service worker resource mismatch. @ https://teams.microsoft.com/v2/:54
[    8446ms] [INFO] Banner not shown: beforeinstallpromptevent.preventDefault() called. The page must call beforeinstallpromptevent.prompt() to show the banner. @ https://teams.microsoft.com/v2/:0
[    9626ms] [LOG] [Auth]: auth_cache initialized @ https://teams.microsoft.com/v2/:54
[    9626ms] [LOG] [Auth]: authTelemetryProvider initialized @ https://teams.microsoft.com/v2/:54
[    9628ms] [LOG] [Auth]: [Telemetry][1a1ff845-7f8e-441d-b641-f0ba0e025672][auth_web_initialization] [start] - telemetry provider created for createAuthenticationServiceInstance, source: core-auth-tasks::init with shouldCreateScenario: [true] @ https://teams.microsoft.com/v2/:54
[    9720ms] [ERROR] Unhandled error/rejection {"isTrusted":true} @ https://teams.microsoft.com/v2/:54
[   11045ms] [ERROR] Unhandled error/rejection {"isTrusted":true} @ https://teams.microsoft.com/v2/:54
[   11790ms] [ERROR] Unhandled error/rejection {"isTrusted":true} @ https://teams.microsoft.com/v2/:54
[   12163ms] [WARNING] A preload for 'https://teams.public.onecdn.static.microsoft/teams-modular-packages/hashed-assets/griffel-35c4b6c6ca9f299f.css' is found, but is not used because it is a cross-world service worker resource mismatch. @ https://teams.public.onecdn.static.microsoft/teams-modular-packages/hashed-assets/async-entry-dbaae1491b8d3b31.js:1238
[   12308ms] [LOG] [ExpLoader] Getting things ready... @ https://teams.live.com/v2/?tenantId=9188040d-6c67-4c5b-b112-36a304b66dad&loginHint=tamzida.azad@sjinnovation.com:54
[   12317ms] [WARNING] [ExpLoader] ExperienceLoader: OCDI redirect: Not redirecting - not enabled @ https://teams.live.com/v2/?tenantId=9188040d-6c67-4c5b-b112-36a304b66dad&loginHint=tamzida.azad@sjinnovation.com:54
[   12338ms] [WARNING] A preload for 'https://tflteams.public.onecdn.static.microsoft/teams-modular-packages/hashed-assets/462748-07d8fb6516d15b3a.js' is found, but is not used because it is a cross-world service worker resource mismatch. @ https://teams.live.com/v2/?tenantId=9188040d-6c67-4c5b-b112-36a304b66dad&loginHint=tamzida.azad@sjinnovation.com:54
[   12339ms] [WARNING] A preload for 'https://tflteams.public.onecdn.static.microsoft/teams-modular-packages/hashed-assets/435678-d1bdf03cb0afb625.js' is found, but is not used because it is a cross-world service worker resource mismatch. @ https://teams.live.com/v2/?tenantId=9188040d-6c67-4c5b-b112-36a304b66dad&loginHint=tamzida.azad@sjinnovation.com:54
[   12340ms] [WARNING] A preload for 'https://tflteams.public.onecdn.static.microsoft/teams-modular-packages/hashed-assets/249566-274523e882e43004.js' is found, but is not used because it is a cross-world service worker resource mismatch. @ https://teams.live.com/v2/?tenantId=9188040d-6c67-4c5b-b112-36a304b66dad&loginHint=tamzida.azad@sjinnovation.com:54
[   12341ms] [WARNING] A preload for 'https://tflteams.public.onecdn.static.microsoft/teams-modular-packages/hashed-assets/376190-643ba6bb5012b8c2.js' is found, but is not used because it is a cross-world service worker resource mismatch. @ https://teams.live.com/v2/?tenantId=9188040d-6c67-4c5b-b112-36a304b66dad&loginHint=tamzida.azad@sjinnovation.com:54
[   12341ms] [WARNING] A preload for 'https://tflteams.public.onecdn.static.microsoft/teams-modular-packages/hashed-assets/54365-bfef35ea66ac127d.js' is found, but is not used because it is a cross-world service worker resource mismatch. @ https://teams.live.com/v2/?tenantId=9188040d-6c67-4c5b-b112-36a304b66dad&loginHint=tamzida.azad@sjinnovation.com:54
[   12342ms] [WARNING] A preload for 'https://tflteams.public.onecdn.static.microsoft/teams-modular-packages/hashed-assets/638055-8639409976087493.js' is found, but is not used because it is a cross-world service worker resource mismatch. @ https://teams.live.com/v2/?tenantId=9188040d-6c67-4c5b-b112-36a304b66dad&loginHint=tamzida.azad@sjinnovation.com:54
[   12343ms] [WARNING] A preload for 'https://tflteams.public.onecdn.static.microsoft/teams-modular-packages/hashed-assets/158884-70f571c7e70b86a5.js' is found, but is not used because it is a cross-world service worker resource mismatch. @ https://teams.live.com/v2/?tenantId=9188040d-6c67-4c5b-b112-36a304b66dad&loginHint=tamzida.azad@sjinnovation.com:54
[   12343ms] [WARNING] A preload for 'https://tflteams.public.onecdn.static.microsoft/teams-modular-packages/hashed-assets/234995-0c3f3235fc6b66bd.js' is found, but is not used because it is a cross-world service worker resource mismatch. @ https://teams.live.com/v2/?tenantId=9188040d-6c67-4c5b-b112-36a304b66dad&loginHint=tamzida.azad@sjinnovation.com:54
[   12344ms] [WARNING] A preload for 'https://tflteams.public.onecdn.static.microsoft/teams-modular-packages/hashed-assets/496830-b9bc15da63f131f0.js' is found, but is not used because it is a cross-world service worker resource mismatch. @ https://teams.live.com/v2/?tenantId=9188040d-6c67-4c5b-b112-36a304b66dad&loginHint=tamzida.azad@sjinnovation.com:54
[   12344ms] [WARNING] A preload for 'https://tflteams.public.onecdn.static.microsoft/teams-modular-packages/hashed-assets/341350-43f8cb4c1df179e4.js' is found, but is not used because it is a cross-world service worker resource mismatch. @ https://teams.live.com/v2/?tenantId=9188040d-6c67-4c5b-b112-36a304b66dad&loginHint=tamzida.azad@sjinnovation.com:54
[   12411ms] [WARNING] Manifest: property 'id' ignored, should be same origin as document. @ https://teams.live.com/v2/manifest.json:0
[   12411ms] [WARNING] Manifest: property 'url' ignored, should be within scope of the manifest. @ https://teams.live.com/v2/manifest.json:0
[   12411ms] [WARNING] Manifest: protocol_handlers entry ignored, required property 'url' is invalid. @ https://teams.live.com/v2/manifest.json:0
[   12555ms] [WARNING] A preload for 'https://tflteams.public.onecdn.static.microsoft/teams-modular-packages/hashed-assets/integrities-ee314ca94868d28c4db2.js' is found, but is not used because it is a cross-world service worker resource mismatch. @ https://teams.live.com/v2/?tenantId=9188040d-6c67-4c5b-b112-36a304b66dad&loginHint=tamzida.azad@sjinnovation.com:54
[   12556ms] [WARNING] A preload for 'https://tflteams.public.onecdn.static.microsoft/teams-modular-packages/hashed-assets/runtime-52e013a359f54ff5.js' is found, but is not used because it is a cross-world service worker resource mismatch. @ https://teams.live.com/v2/?tenantId=9188040d-6c67-4c5b-b112-36a304b66dad&loginHint=tamzida.azad@sjinnovation.com:54
[   12556ms] [WARNING] A preload for 'https://tflteams.public.onecdn.static.microsoft/teams-modular-packages/hashed-assets/main-bf92f430a18ec91b.js' is found, but is not used because it is a cross-world service worker resource mismatch. @ https://teams.live.com/v2/?tenantId=9188040d-6c67-4c5b-b112-36a304b66dad&loginHint=tamzida.azad@sjinnovation.com:54
[   13541ms] [INFO] Banner not shown: beforeinstallpromptevent.preventDefault() called. The page must call beforeinstallpromptevent.prompt() to show the banner. @ https://teams.live.com/v2/?tenantId=9188040d-6c67-4c5b-b112-36a304b66dad&loginHint=tamzida.azad@sjinnovation.com:0
[   13679ms] [LOG] [Auth]: auth_cache initialized @ https://teams.live.com/v2/?tenantId=9188040d-6c67-4c5b-b112-36a304b66dad&loginHint=tamzida.azad@sjinnovation.com:54
[   13679ms] [LOG] [Auth]: authTelemetryProvider initialized @ https://teams.live.com/v2/?tenantId=9188040d-6c67-4c5b-b112-36a304b66dad&loginHint=tamzida.azad@sjinnovation.com:54
[   13681ms] [LOG] [Auth]: [Telemetry][a7a908fb-5e08-4fd5-843a-221c25cd7087][auth_web_initialization] [start] - telemetry provider created for createAuthenticationServiceInstance, source: core-auth-tasks::init with shouldCreateScenario: [true] @ https://teams.live.com/v2/?tenantId=9188040d-6c67-4c5b-b112-36a304b66dad&loginHint=tamzida.azad@sjinnovation.com:54
[   13898ms] [LOG] [Auth]: authTelemetryProvider initialized @ https://tflteams.public.onecdn.static.microsoft/teams-modular-packages/hashed-assets/precompiled-web-worker-inner~services_i-0d404bdc8051e09c.worker.js:333
[   14180ms] [WARNING] An iframe which has both allow-scripts and allow-same-origin for its sandbox attribute can escape its sandboxing. @ https://tflteams.public.onecdn.static.microsoft/teams-modular-packages/hashed-assets/32990-231644c8e56b0850.js:0
[   14265ms] [WARNING] getSerializedKeyForKeypath returned undefined key in InMemoryIndex for table: replychains, with index: undefined @ https://tflteams.public.onecdn.static.microsoft/teams-modular-packages/hashed-assets/precompiled-web-worker-inner~f-eebc7dc95bcd3d1c.worker.js:43
[   14266ms] [WARNING] getSerializedKeyForKeypath returned undefined key in InMemoryIndex for table: replychains, with index: latestDeliveryTimeByConversationId @ https://tflteams.public.onecdn.static.microsoft/teams-modular-packages/hashed-assets/precompiled-web-worker-inner~f-eebc7dc95bcd3d1c.worker.js:43
[   14266ms] [WARNING] getSerializedKeyForKeypath returned undefined key in InMemoryIndex for table: replychains, with index: latestDeliveryTimeByConversationId @ https://tflteams.public.onecdn.static.microsoft/teams-modular-packages/hashed-assets/precompiled-web-worker-inner~f-eebc7dc95bcd3d1c.worker.js:43
[   14266ms] [WARNING] getSerializedKeyForKeypath returned undefined key in InMemoryIndex for table: replychains, with index: undefined @ https://tflteams.public.onecdn.static.microsoft/teams-modular-packages/hashed-assets/precompiled-web-worker-inner~f-eebc7dc95bcd3d1c.worker.js:43
[   14266ms] [WARNING] getSerializedKeyForKeypath returned undefined key in InMemoryIndex for table: replychains, with index: latestDeliveryTimeByConversationId @ https://tflteams.public.onecdn.static.microsoft/teams-modular-packages/hashed-assets/precompiled-web-worker-inner~f-eebc7dc95bcd3d1c.worker.js:43
[   14266ms] [WARNING] getSerializedKeyForKeypath returned undefined key in InMemoryIndex for table: replychains, with index: latestDeliveryTimeByConversationId @ https://tflteams.public.onecdn.static.microsoft/teams-modular-packages/hashed-assets/precompiled-web-worker-inner~f-eebc7dc95bcd3d1c.worker.js:43
[   14266ms] [WARNING] getSerializedKeyForKeypath returned undefined key in InMemoryIndex for table: replychains, with index: undefined @ https://tflteams.public.onecdn.static.microsoft/teams-modular-packages/hashed-assets/precompiled-web-worker-inner~f-eebc7dc95bcd3d1c.worker.js:43
[   14266ms] [WARNING] getSerializedKeyForKeypath returned undefined key in InMemoryIndex for table: replychains, with index: latestDeliveryTimeByConversationId @ https://tflteams.public.onecdn.static.microsoft/teams-modular-packages/hashed-assets/precompiled-web-worker-inner~f-eebc7dc95bcd3d1c.worker.js:43
[   14266ms] [WARNING] getSerializedKeyForKeypath returned undefined key in InMemoryIndex for table: replychains, with index: latestDeliveryTimeByConversationId @ https://tflteams.public.onecdn.static.microsoft/teams-modular-packages/hashed-assets/precompiled-web-worker-inner~f-eebc7dc95bcd3d1c.worker.js:43
[   14266ms] [WARNING] getSerializedKeyForKeypath returned undefined key in InMemoryIndex for table: replychains, with index: undefined @ https://tflteams.public.onecdn.static.microsoft/teams-modular-packages/hashed-assets/precompiled-web-worker-inner~f-eebc7dc95bcd3d1c.worker.js:43
[   14266ms] [WARNING] getSerializedKeyForKeypath returned undefined key in InMemoryIndex for table: replychains, with index: latestDeliveryTimeByConversationId @ https://tflteams.public.onecdn.static.microsoft/teams-modular-packages/hashed-assets/precompiled-web-worker-inner~f-eebc7dc95bcd3d1c.worker.js:43
[   14266ms] [WARNING] getSerializedKeyForKeypath returned undefined key in InMemoryIndex for table: replychains, with index: latestDeliveryTimeByConversationId @ https://tflteams.public.onecdn.static.microsoft/teams-modular-packages/hashed-assets/precompiled-web-worker-inner~f-eebc7dc95bcd3d1c.worker.js:43
[   14266ms] [WARNING] getSerializedKeyForKeypath returned undefined key in InMemoryIndex for table: replychains, with index: undefined @ https://tflteams.public.onecdn.static.microsoft/teams-modular-packages/hashed-assets/precompiled-web-worker-inner~f-eebc7dc95bcd3d1c.worker.js:43
[   14266ms] [WARNING] getSerializedKeyForKeypath returned undefined key in InMemoryIndex for table: replychains, with index: latestDeliveryTimeByConversationId @ https://tflteams.public.onecdn.static.microsoft/teams-modular-packages/hashed-assets/precompiled-web-worker-inner~f-eebc7dc95bcd3d1c.worker.js:43
[   14266ms] [WARNING] getSerializedKeyForKeypath returned undefined key in InMemoryIndex for table: replychains, with index: latestDeliveryTimeByConversationId @ https://tflteams.public.onecdn.static.microsoft/teams-modular-packages/hashed-assets/precompiled-web-worker-inner~f-eebc7dc95bcd3d1c.worker.js:43
[   14266ms] [WARNING] getSerializedKeyForKeypath returned undefined key in InMemoryIndex for table: replychains, with index: undefined @ https://tflteams.public.onecdn.static.microsoft/teams-modular-packages/hashed-assets/precompiled-web-worker-inner~f-eebc7dc95bcd3d1c.worker.js:43
[   14266ms] [WARNING] getSerializedKeyForKeypath returned undefined key in InMemoryIndex for table: replychains, with index: latestDeliveryTimeByConversationId @ https://tflteams.public.onecdn.static.microsoft/teams-modular-packages/hashed-assets/precompiled-web-worker-inner~f-eebc7dc95bcd3d1c.worker.js:43
[   14267ms] [WARNING] getSerializedKeyForKeypath returned undefined key in InMemoryIndex for table: replychains, with index: latestDeliveryTimeByConversationId @ https://tflteams.public.onecdn.static.microsoft/teams-modular-packages/hashed-assets/precompiled-web-worker-inner~f-eebc7dc95bcd3d1c.worker.js:43
[   14267ms] [WARNING] getSerializedKeyForKeypath returned undefined key in InMemoryIndex for table: replychains, with index: undefined @ https://tflteams.public.onecdn.static.microsoft/teams-modular-packages/hashed-assets/precompiled-web-worker-inner~f-eebc7dc95bcd3d1c.worker.js:43
[   14267ms] [WARNING] getSerializedKeyForKeypath returned undefined key in InMemoryIndex for table: replychains, with index: latestDeliveryTimeByConversationId @ https://tflteams.public.onecdn.static.microsoft/teams-modular-packages/hashed-assets/precompiled-web-worker-inner~f-eebc7dc95bcd3d1c.worker.js:43
[   14267ms] [WARNING] getSerializedKeyForKeypath returned undefined key in InMemoryIndex for table: replychains, with index: latestDeliveryTimeByConversationId @ https://tflteams.public.onecdn.static.microsoft/teams-modular-packages/hashed-assets/precompiled-web-worker-inner~f-eebc7dc95bcd3d1c.worker.js:43
[   14267ms] [WARNING] getSerializedKeyForKeypath returned undefined key in InMemoryIndex for table: replychains, with index: undefined @ https://tflteams.public.onecdn.static.microsoft/teams-modular-packages/hashed-assets/precompiled-web-worker-inner~f-eebc7dc95bcd3d1c.worker.js:43
[   14267ms] [WARNING] getSerializedKeyForKeypath returned undefined key in InMemoryIndex for table: replychains, with index: latestDeliveryTimeByConversationId @ https://tflteams.public.onecdn.static.microsoft/teams-modular-packages/hashed-assets/precompiled-web-worker-inner~f-eebc7dc95bcd3d1c.worker.js:43
[   14267ms] [WARNING] getSerializedKeyForKeypath returned undefined key in InMemoryIndex for table: replychains, with index: latestDeliveryTimeByConversationId @ https://tflteams.public.onecdn.static.microsoft/teams-modular-packages/hashed-assets/precompiled-web-worker-inner~f-eebc7dc95bcd3d1c.worker.js:43
[   14267ms] [WARNING] getSerializedKeyForKeypath returned undefined key in InMemoryIndex for table: replychains, with index: undefined @ https://tflteams.public.onecdn.static.microsoft/teams-modular-packages/hashed-assets/precompiled-web-worker-inner~f-eebc7dc95bcd3d1c.worker.js:43
[   14267ms] [WARNING] getSerializedKeyForKeypath returned undefined key in InMemoryIndex for table: replychains, with index: latestDeliveryTimeByConversationId @ https://tflteams.public.onecdn.static.microsoft/teams-modular-packages/hashed-assets/precompiled-web-worker-inner~f-eebc7dc95bcd3d1c.worker.js:43
[   14267ms] [WARNING] getSerializedKeyForKeypath returned undefined key in InMemoryIndex for table: replychains, with index: latestDeliveryTimeByConversationId @ https://tflteams.public.onecdn.static.microsoft/teams-modular-packages/hashed-assets/precompiled-web-worker-inner~f-eebc7dc95bcd3d1c.worker.js:43
[   14267ms] [WARNING] getSerializedKeyForKeypath returned undefined key in InMemoryIndex for table: replychains, with index: undefined @ https://tflteams.public.onecdn.static.microsoft/teams-modular-packages/hashed-assets/precompiled-web-worker-inner~f-eebc7dc95bcd3d1c.worker.js:43
[   14267ms] [WARNING] getSerializedKeyForKeypath returned undefined key in InMemoryIndex for table: replychains, with index: latestDeliveryTimeByConversationId @ https://tflteams.public.onecdn.static.microsoft/teams-modular-packages/hashed-assets/precompiled-web-worker-inner~f-eebc7dc95bcd3d1c.worker.js:43
[   14268ms] [WARNING] getSerializedKeyForKeypath returned undefined key in InMemoryIndex for table: replychains, with index: latestDeliveryTimeByConversationId @ https://tflteams.public.onecdn.static.microsoft/teams-modular-packages/hashed-assets/precompiled-web-worker-inner~f-eebc7dc95bcd3d1c.worker.js:43
[   14268ms] [WARNING] getSerializedKeyForKeypath returned undefined key in InMemoryIndex for table: replychains, with index: undefined @ https://tflteams.public.onecdn.static.microsoft/teams-modular-packages/hashed-assets/precompiled-web-worker-inner~f-eebc7dc95bcd3d1c.worker.js:43
[   14268ms] [WARNING] getSerializedKeyForKeypath returned undefined key in InMemoryIndex for table: replychains, with index: latestDeliveryTimeByConversationId @ https://tflteams.public.onecdn.static.microsoft/teams-modular-packages/hashed-assets/precompiled-web-worker-inner~f-eebc7dc95bcd3d1c.worker.js:43
[   14268ms] [WARNING] getSerializedKeyForKeypath returned undefined key in InMemoryIndex for table: replychains, with index: latestDeliveryTimeByConversationId @ https://tflteams.public.onecdn.static.microsoft/teams-modular-packages/hashed-assets/precompiled-web-worker-inner~f-eebc7dc95bcd3d1c.worker.js:43
[   14268ms] [WARNING] getSerializedKeyForKeypath returned undefined key in InMemoryIndex for table: replychains, with index: undefined @ https://tflteams.public.onecdn.static.microsoft/teams-modular-packages/hashed-assets/precompiled-web-worker-inner~f-eebc7dc95bcd3d1c.worker.js:43
[   14268ms] [WARNING] getSerializedKeyForKeypath returned undefined key in InMemoryIndex for table: replychains, with index: latestDeliveryTimeByConversationId @ https://tflteams.public.onecdn.static.microsoft/teams-modular-packages/hashed-assets/precompiled-web-worker-inner~f-eebc7dc95bcd3d1c.worker.js:43
[   14268ms] [WARNING] getSerializedKeyForKeypath returned undefined key in InMemoryIndex for table: replychains, with index: latestDeliveryTimeByConversationId @ https://tflteams.public.onecdn.static.microsoft/teams-modular-packages/hashed-assets/precompiled-web-worker-inner~f-eebc7dc95bcd3d1c.worker.js:43
[   14268ms] [WARNING] getSerializedKeyForKeypath returned undefined key in InMemoryIndex for table: replychains, with index: undefined @ https://tflteams.public.onecdn.static.microsoft/teams-modular-packages/hashed-assets/precompiled-web-worker-inner~f-eebc7dc95bcd3d1c.worker.js:43
[   14268ms] [WARNING] getSerializedKeyForKeypath returned undefined key in InMemoryIndex for table: replychains, with index: latestDeliveryTimeByConversationId @ https://tflteams.public.onecdn.static.microsoft/teams-modular-packages/hashed-assets/precompiled-web-worker-inner~f-eebc7dc95bcd3d1c.worker.js:43
[   14268ms] [WARNING] getSerializedKeyForKeypath returned undefined key in InMemoryIndex for table: replychains, with index: latestDeliveryTimeByConversationId @ https://tflteams.public.onecdn.static.microsoft/teams-modular-packages/hashed-assets/precompiled-web-worker-inner~f-eebc7dc95bcd3d1c.worker.js:43
[   14268ms] [WARNING] getSerializedKeyForKeypath returned undefined key in InMemoryIndex for table: replychains, with index: undefined @ https://tflteams.public.onecdn.static.microsoft/teams-modular-packages/hashed-assets/precompiled-web-worker-inner~f-eebc7dc95bcd3d1c.worker.js:43
[   14268ms] [WARNING] getSerializedKeyForKeypath returned undefined key in InMemoryIndex for table: replychains, with index: latestDeliveryTimeByConversationId @ https://tflteams.public.onecdn.static.microsoft/teams-modular-packages/hashed-assets/precompiled-web-worker-inner~f-eebc7dc95bcd3d1c.worker.js:43
[   14268ms] [WARNING] getSerializedKeyForKeypath returned undefined key in InMemoryIndex for table: replychains, with index: latestDeliveryTimeByConversationId @ https://tflteams.public.onecdn.static.microsoft/teams-modular-packages/hashed-assets/precompiled-web-worker-inner~f-eebc7dc95bcd3d1c.worker.js:43
[   14269ms] [WARNING] getSerializedKeyForKeypath returned undefined key in InMemoryIndex for table: replychains, with index: undefined @ https://tflteams.public.onecdn.static.microsoft/teams-modular-packages/hashed-assets/precompiled-web-worker-inner~f-eebc7dc95bcd3d1c.worker.js:43
[   14269ms] [WARNING] getSerializedKeyForKeypath returned undefined key in InMemoryIndex for table: replychains, with index: latestDeliveryTimeByConversationId @ https://tflteams.public.onecdn.static.microsoft/teams-modular-packages/hashed-assets/precompiled-web-worker-inner~f-eebc7dc95bcd3d1c.worker.js:43
[   14269ms] [WARNING] getSerializedKeyForKeypath returned undefined key in InMemoryIndex for table: replychains, with index: latestDeliveryTimeByConversationId @ https://tflteams.public.onecdn.static.microsoft/teams-modular-packages/hashed-assets/precompiled-web-worker-inner~f-eebc7dc95bcd3d1c.worker.js:43
[   14269ms] [WARNING] getSerializedKeyForKeypath returned undefined key in InMemoryIndex for table: replychains, with index: undefined @ https://tflteams.public.onecdn.static.microsoft/teams-modular-packages/hashed-assets/precompiled-web-worker-inner~f-eebc7dc95bcd3d1c.worker.js:43
[   14269ms] [WARNING] getSerializedKeyForKeypath returned undefined key in InMemoryIndex for table: replychains, with index: latestDeliveryTimeByConversationId @ https://tflteams.public.onecdn.static.microsoft/teams-modular-packages/hashed-assets/precompiled-web-worker-inner~f-eebc7dc95bcd3d1c.worker.js:43
[   14269ms] [WARNING] getSerializedKeyForKeypath returned undefined key in InMemoryIndex for table: replychains, with index: latestDeliveryTimeByConversationId @ https://tflteams.public.onecdn.static.microsoft/teams-modular-packages/hashed-assets/precompiled-web-worker-inner~f-eebc7dc95bcd3d1c.worker.js:43
[   14269ms] [WARNING] getSerializedKeyForKeypath returned undefined key in InMemoryIndex for table: replychains, with index: undefined @ https://tflteams.public.onecdn.static.microsoft/teams-modular-packages/hashed-assets/precompiled-web-worker-inner~f-eebc7dc95bcd3d1c.worker.js:43
[   14269ms] [WARNING] getSerializedKeyForKeypath returned undefined key in InMemoryIndex for table: replychains, with index: latestDeliveryTimeByConversationId @ https://tflteams.public.onecdn.static.microsoft/teams-modular-packages/hashed-assets/precompiled-web-worker-inner~f-eebc7dc95bcd3d1c.worker.js:43
[   14269ms] [WARNING] getSerializedKeyForKeypath returned undefined key in InMemoryIndex for table: replychains, with index: latestDeliveryTimeByConversationId @ https://tflteams.public.onecdn.static.microsoft/teams-modular-packages/hashed-assets/precompiled-web-worker-inner~f-eebc7dc95bcd3d1c.worker.js:43
[   14269ms] [WARNING] getSerializedKeyForKeypath returned undefined key in InMemoryIndex for table: replychains, with index: undefined @ https://tflteams.public.onecdn.static.microsoft/teams-modular-packages/hashed-assets/precompiled-web-worker-inner~f-eebc7dc95bcd3d1c.worker.js:43
[   14269ms] [WARNING] getSerializedKeyForKeypath returned undefined key in InMemoryIndex for table: replychains, with index: latestDeliveryTimeByConversationId @ https://tflteams.public.onecdn.static.microsoft/teams-modular-packages/hashed-assets/precompiled-web-worker-inner~f-eebc7dc95bcd3d1c.worker.js:43
[   14269ms] [WARNING] getSerializedKeyForKeypath returned undefined key in InMemoryIndex for table: replychains, with index: latestDeliveryTimeByConversationId @ https://tflteams.public.onecdn.static.microsoft/teams-modular-packages/hashed-assets/precompiled-web-worker-inner~f-eebc7dc95bcd3d1c.worker.js:43
[   14270ms] [WARNING] getSerializedKeyForKeypath returned undefined key in InMemoryIndex for table: replychains, with index: undefined @ https://tflteams.public.onecdn.static.microsoft/teams-modular-packages/hashed-assets/precompiled-web-worker-inner~f-eebc7dc95bcd3d1c.worker.js:43
[   14270ms] [WARNING] getSerializedKeyForKeypath returned undefined key in InMemoryIndex for table: replychains, with index: latestDeliveryTimeByConversationId @ https://tflteams.public.onecdn.static.microsoft/teams-modular-packages/hashed-assets/precompiled-web-worker-inner~f-eebc7dc95bcd3d1c.worker.js:43
[   14270ms] [WARNING] getSerializedKeyForKeypath returned undefined key in InMemoryIndex for table: replychains, with index: latestDeliveryTimeByConversationId @ https://tflteams.public.onecdn.static.microsoft/teams-modular-packages/hashed-assets/precompiled-web-worker-inner~f-eebc7dc95bcd3d1c.worker.js:43
[   14270ms] [WARNING] getSerializedKeyForKeypath returned undefined key in InMemoryIndex for table: replychains, with index: undefined @ https://tflteams.public.onecdn.static.microsoft/teams-modular-packages/hashed-assets/precompiled-web-worker-inner~f-eebc7dc95bcd3d1c.worker.js:43
[   14270ms] [WARNING] getSerializedKeyForKeypath returned undefined key in InMemoryIndex for table: replychains, with index: latestDeliveryTimeByConversationId @ https://tflteams.public.onecdn.static.microsoft/teams-modular-packages/hashed-assets/precompiled-web-worker-inner~f-eebc7dc95bcd3d1c.worker.js:43
[   14270ms] [WARNING] getSerializedKeyForKeypath returned undefined key in InMemoryIndex for table: replychains, with index: latestDeliveryTimeByConversationId @ https://tflteams.public.onecdn.static.microsoft/teams-modular-packages/hashed-assets/precompiled-web-worker-inner~f-eebc7dc95bcd3d1c.worker.js:43
[   14270ms] [WARNING] getSerializedKeyForKeypath returned undefined key in InMemoryIndex for table: replychains, with index: undefined @ https://tflteams.public.onecdn.static.microsoft/teams-modular-packages/hashed-assets/precompiled-web-worker-inner~f-eebc7dc95bcd3d1c.worker.js:43
[   14270ms] [WARNING] getSerializedKeyForKeypath returned undefined key in InMemoryIndex for table: replychains, with index: latestDeliveryTimeByConversationId @ https://tflteams.public.onecdn.static.microsoft/teams-modular-packages/hashed-assets/precompiled-web-worker-inner~f-eebc7dc95bcd3d1c.worker.js:43
[   14270ms] [WARNING] getSerializedKeyForKeypath returned undefined key in InMemoryIndex for table: replychains, with index: latestDeliveryTimeByConversationId @ https://tflteams.public.onecdn.static.microsoft/teams-modular-packages/hashed-assets/precompiled-web-worker-inner~f-eebc7dc95bcd3d1c.worker.js:43
[   14271ms] [WARNING] getSerializedKeyForKeypath returned undefined key in InMemoryIndex for table: replychains, with index: undefined @ https://tflteams.public.onecdn.static.microsoft/teams-modular-packages/hashed-assets/precompiled-web-worker-inner~f-eebc7dc95bcd3d1c.worker.js:43
[   14271ms] [WARNING] getSerializedKeyForKeypath returned undefined key in InMemoryIndex for table: replychains, with index: latestDeliveryTimeByConversationId @ https://tflteams.public.onecdn.static.microsoft/teams-modular-packages/hashed-assets/precompiled-web-worker-inner~f-eebc7dc95bcd3d1c.worker.js:43
[   14271ms] [WARNING] getSerializedKeyForKeypath returned undefined key in InMemoryIndex for table: replychains, with index: latestDeliveryTimeByConversationId @ https://tflteams.public.onecdn.static.microsoft/teams-modular-packages/hashed-assets/precompiled-web-worker-inner~f-eebc7dc95bcd3d1c.worker.js:43
[   14271ms] [WARNING] getSerializedKeyForKeypath returned undefined key in InMemoryIndex for table: replychains, with index: undefined @ https://tflteams.public.onecdn.static.microsoft/teams-modular-packages/hashed-assets/precompiled-web-worker-inner~f-eebc7dc95bcd3d1c.worker.js:43
[   14271ms] [WARNING] getSerializedKeyForKeypath returned undefined key in InMemoryIndex for table: replychains, with index: latestDeliveryTimeByConversationId @ https://tflteams.public.onecdn.static.microsoft/teams-modular-packages/hashed-assets/precompiled-web-worker-inner~f-eebc7dc95bcd3d1c.worker.js:43
[   14271ms] [WARNING] getSerializedKeyForKeypath returned undefined key in InMemoryIndex for table: replychains, with index: latestDeliveryTimeByConversationId @ https://tflteams.public.onecdn.static.microsoft/teams-modular-packages/hashed-assets/precompiled-web-worker-inner~f-eebc7dc95bcd3d1c.worker.js:43
[   14271ms] [WARNING] getSerializedKeyForKeypath returned undefined key in InMemoryIndex for table: replychains, with index: undefined @ https://tflteams.public.onecdn.static.microsoft/teams-modular-packages/hashed-assets/precompiled-web-worker-inner~f-eebc7dc95bcd3d1c.worker.js:43
[   14271ms] [WARNING] getSerializedKeyForKeypath returned undefined key in InMemoryIndex for table: replychains, with index: latestDeliveryTimeByConversationId @ https://tflteams.public.onecdn.static.microsoft/teams-modular-packages/hashed-assets/precompiled-web-worker-inner~f-eebc7dc95bcd3d1c.worker.js:43
[   14271ms] [WARNING] getSerializedKeyForKeypath returned undefined key in InMemoryIndex for table: replychains, with index: latestDeliveryTimeByConversationId @ https://tflteams.public.onecdn.static.microsoft/teams-modular-packages/hashed-assets/precompiled-web-worker-inner~f-eebc7dc95bcd3d1c.worker.js:43
[   14271ms] [WARNING] getSerializedKeyForKeypath returned undefined key in InMemoryIndex for table: replychains, with index: undefined @ https://tflteams.public.onecdn.static.microsoft/teams-modular-packages/hashed-assets/precompiled-web-worker-inner~f-eebc7dc95bcd3d1c.worker.js:43
[   14272ms] [WARNING] getSerializedKeyForKeypath returned undefined key in InMemoryIndex for table: replychains, with index: latestDeliveryTimeByConversationId @ https://tflteams.public.onecdn.static.microsoft/teams-modular-packages/hashed-assets/precompiled-web-worker-inner~f-eebc7dc95bcd3d1c.worker.js:43
[   14272ms] [WARNING] getSerializedKeyForKeypath returned undefined key in InMemoryIndex for table: replychains, with index: latestDeliveryTimeByConversationId @ https://tflteams.public.onecdn.static.microsoft/teams-modular-packages/hashed-assets/precompiled-web-worker-inner~f-eebc7dc95bcd3d1c.worker.js:43
[   14272ms] [WARNING] getSerializedKeyForKeypath returned undefined key in InMemoryIndex for table: replychains, with index: undefined @ https://tflteams.public.onecdn.static.microsoft/teams-modular-packages/hashed-assets/precompiled-web-worker-inner~f-eebc7dc95bcd3d1c.worker.js:43
[   14272ms] [WARNING] getSerializedKeyForKeypath returned undefined key in InMemoryIndex for table: replychains, with index: latestDeliveryTimeByConversationId @ https://tflteams.public.onecdn.static.microsoft/teams-modular-packages/hashed-assets/precompiled-web-worker-inner~f-eebc7dc95bcd3d1c.worker.js:43
[   14272ms] [WARNING] getSerializedKeyForKeypath returned undefined key in InMemoryIndex for table: replychains, with index: latestDeliveryTimeByConversationId @ https://tflteams.public.onecdn.static.microsoft/teams-modular-packages/hashed-assets/precompiled-web-worker-inner~f-eebc7dc95bcd3d1c.worker.js:43
[   14272ms] [WARNING] getSerializedKeyForKeypath returned undefined key in InMemoryIndex for table: replychains, with index: undefined @ https://tflteams.public.onecdn.static.microsoft/teams-modular-packages/hashed-assets/precompiled-web-worker-inner~f-eebc7dc95bcd3d1c.worker.js:43
[   14272ms] [WARNING] getSerializedKeyForKeypath returned undefined key in InMemoryIndex for table: replychains, with index: latestDeliveryTimeByConversationId @ https://tflteams.public.onecdn.static.microsoft/teams-modular-packages/hashed-assets/precompiled-web-worker-inner~f-eebc7dc95bcd3d1c.worker.js:43
[   14272ms] [WARNING] getSerializedKeyForKeypath returned undefined key in InMemoryIndex for table: replychains, with index: latestDeliveryTimeByConversationId @ https://tflteams.public.onecdn.static.microsoft/teams-modular-packages/hashed-assets/precompiled-web-worker-inner~f-eebc7dc95bcd3d1c.worker.js:43
[   14272ms] [WARNING] getSerializedKeyForKeypath returned undefined key in InMemoryIndex for table: replychains, with index: undefined @ https://tflteams.public.onecdn.static.microsoft/teams-modular-packages/hashed-assets/precompiled-web-worker-inner~f-eebc7dc95bcd3d1c.worker.js:43
[   14272ms] [WARNING] getSerializedKeyForKeypath returned undefined key in InMemoryIndex for table: replychains, with index: latestDeliveryTimeByConversationId @ https://tflteams.public.onecdn.static.microsoft/teams-modular-packages/hashed-assets/precompiled-web-worker-inner~f-eebc7dc95bcd3d1c.worker.js:43
[   14273ms] [WARNING] getSerializedKeyForKeypath returned undefined key in InMemoryIndex for table: replychains, with index: latestDeliveryTimeByConversationId @ https://tflteams.public.onecdn.static.microsoft/teams-modular-packages/hashed-assets/precompiled-web-worker-inner~f-eebc7dc95bcd3d1c.worker.js:43
[   14273ms] [WARNING] getSerializedKeyForKeypath returned undefined key in InMemoryIndex for table: replychains, with index: undefined @ https://tflteams.public.onecdn.static.microsoft/teams-modular-packages/hashed-assets/precompiled-web-worker-inner~f-eebc7dc95bcd3d1c.worker.js:43
[   14273ms] [WARNING] getSerializedKeyForKeypath returned undefined key in InMemoryIndex for table: replychains, with index: latestDeliveryTimeByConversationId @ https://tflteams.public.onecdn.static.microsoft/teams-modular-packages/hashed-assets/precompiled-web-worker-inner~f-eebc7dc95bcd3d1c.worker.js:43
[   14273ms] [WARNING] getSerializedKeyForKeypath returned undefined key in InMemoryIndex for table: replychains, with index: latestDeliveryTimeByConversationId @ https://tflteams.public.onecdn.static.microsoft/teams-modular-packages/hashed-assets/precompiled-web-worker-inner~f-eebc7dc95bcd3d1c.worker.js:43
[   14273ms] [WARNING] getSerializedKeyForKeypath returned undefined key in InMemoryIndex for table: replychains, with index: undefined @ https://tflteams.public.onecdn.static.microsoft/teams-modular-packages/hashed-assets/precompiled-web-worker-inner~f-eebc7dc95bcd3d1c.worker.js:43
[   14273ms] [WARNING] getSerializedKeyForKeypath returned undefined key in InMemoryIndex for table: replychains, with index: latestDeliveryTimeByConversationId @ https://tflteams.public.onecdn.static.microsoft/teams-modular-packages/hashed-assets/precompiled-web-worker-inner~f-eebc7dc95bcd3d1c.worker.js:43
[   14273ms] [WARNING] getSerializedKeyForKeypath returned undefined key in InMemoryIndex for table: replychains, with index: latestDeliveryTimeByConversationId @ https://tflteams.public.onecdn.static.microsoft/teams-modular-packages/hashed-assets/precompiled-web-worker-inner~f-eebc7dc95bcd3d1c.worker.js:43
[   14273ms] [WARNING] getSerializedKeyForKeypath returned undefined key in InMemoryIndex for table: replychains, with index: undefined @ https://tflteams.public.onecdn.static.microsoft/teams-modular-packages/hashed-assets/precompiled-web-worker-inner~f-eebc7dc95bcd3d1c.worker.js:43
[   14273ms] [WARNING] getSerializedKeyForKeypath returned undefined key in InMemoryIndex for table: replychains, with index: latestDeliveryTimeByConversationId @ https://tflteams.public.onecdn.static.microsoft/teams-modular-packages/hashed-assets/precompiled-web-worker-inner~f-eebc7dc95bcd3d1c.worker.js:43
[   14273ms] [WARNING] getSerializedKeyForKeypath returned undefined key in InMemoryIndex for table: replychains, with index: latestDeliveryTimeByConversationId @ https://tflteams.public.onecdn.static.microsoft/teams-modular-packages/hashed-assets/precompiled-web-worker-inner~f-eebc7dc95bcd3d1c.worker.js:43
[   14273ms] [WARNING] getSerializedKeyForKeypath returned undefined key in InMemoryIndex for table: replychains, with index: undefined @ https://tflteams.public.onecdn.static.microsoft/teams-modular-packages/hashed-assets/precompiled-web-worker-inner~f-eebc7dc95bcd3d1c.worker.js:43
[   14273ms] [WARNING] getSerializedKeyForKeypath returned undefined key in InMemoryIndex for table: replychains, with index: latestDeliveryTimeByConversationId @ https://tflteams.public.onecdn.static.microsoft/teams-modular-packages/hashed-assets/precompiled-web-worker-inner~f-eebc7dc95bcd3d1c.worker.js:43
[   14273ms] [WARNING] getSerializedKeyForKeypath returned undefined key in InMemoryIndex for table: replychains, with index: latestDeliveryTimeByConversationId @ https://tflteams.public.onecdn.static.microsoft/teams-modular-packages/hashed-assets/precompiled-web-worker-inner~f-eebc7dc95bcd3d1c.worker.js:43
[   14273ms] [WARNING] getSerializedKeyForKeypath returned undefined key in InMemoryIndex for table: replychains, with index: undefined @ https://tflteams.public.onecdn.static.microsoft/teams-modular-packages/hashed-assets/precompiled-web-worker-inner~f-eebc7dc95bcd3d1c.worker.js:43
[   14273ms] [WARNING] getSerializedKeyForKeypath returned undefined key in InMemoryIndex for table: replychains, with index: latestDeliveryTimeByConversationId @ https://tflteams.public.onecdn.static.microsoft/teams-modular-packages/hashed-assets/precompiled-web-worker-inner~f-eebc7dc95bcd3d1c.worker.js:43
[   14273ms] [WARNING] getSerializedKeyForKeypath returned undefined key in InMemoryIndex for table: replychains, with index: latestDeliveryTimeByConversationId @ https://tflteams.public.onecdn.static.microsoft/teams-modular-packages/hashed-assets/precompiled-web-worker-inner~f-eebc7dc95bcd3d1c.worker.js:43
[   14274ms] [WARNING] getSerializedKeyForKeypath returned undefined key in InMemoryIndex for table: replychains, with index: undefined @ https://tflteams.public.onecdn.static.microsoft/teams-modular-packages/hashed-assets/precompiled-web-worker-inner~f-eebc7dc95bcd3d1c.worker.js:43
[   14274ms] [WARNING] getSerializedKeyForKeypath returned undefined key in InMemoryIndex for table: replychains, with index: latestDeliveryTimeByConversationId @ https://tflteams.public.onecdn.static.microsoft/teams-modular-packages/hashed-assets/precompiled-web-worker-inner~f-eebc7dc95bcd3d1c.worker.js:43
[   14274ms] [WARNING] getSerializedKeyForKeypath returned undefined key in InMemoryIndex for table: replychains, with index: latestDeliveryTimeByConversationId @ https://tflteams.public.onecdn.static.microsoft/teams-modular-packages/hashed-assets/precompiled-web-worker-inner~f-eebc7dc95bcd3d1c.worker.js:43
[   14274ms] [WARNING] getSerializedKeyForKeypath returned undefined key in InMemoryIndex for table: replychains, with index: undefined @ https://tflteams.public.onecdn.static.microsoft/teams-modular-packages/hashed-assets/precompiled-web-worker-inner~f-eebc7dc95bcd3d1c.worker.js:43
[   14274ms] [WARNING] getSerializedKeyForKeypath returned undefined key in InMemoryIndex for table: replychains, with index: latestDeliveryTimeByConversationId @ https://tflteams.public.onecdn.static.microsoft/teams-modular-packages/hashed-assets/precompiled-web-worker-inner~f-eebc7dc95bcd3d1c.worker.js:43
[   14274ms] [WARNING] getSerializedKeyForKeypath returned undefined key in InMemoryIndex for table: replychains, with index: latestDeliveryTimeByConversationId @ https://tflteams.public.onecdn.static.microsoft/teams-modular-packages/hashed-assets/precompiled-web-worker-inner~f-eebc7dc95bcd3d1c.worker.js:43
[   14274ms] [WARNING] getSerializedKeyForKeypath returned undefined key in InMemoryIndex for table: replychains, with index: undefined @ https://tflteams.public.onecdn.static.microsoft/teams-modular-packages/hashed-assets/precompiled-web-worker-inner~f-eebc7dc95bcd3d1c.worker.js:43
[   14274ms] [WARNING] getSerializedKeyForKeypath returned undefined key in InMemoryIndex for table: replychains, with index: latestDeliveryTimeByConversationId @ https://tflteams.public.onecdn.static.microsoft/teams-modular-packages/hashed-assets/precompiled-web-worker-inner~f-eebc7dc95bcd3d1c.worker.js:43
[   14274ms] [WARNING] getSerializedKeyForKeypath returned undefined key in InMemoryIndex for table: replychains, with index: latestDeliveryTimeByConversationId @ https://tflteams.public.onecdn.static.microsoft/teams-modular-packages/hashed-assets/precompiled-web-worker-inner~f-eebc7dc95bcd3d1c.worker.js:43
[   14274ms] [WARNING] getSerializedKeyForKeypath returned undefined key in InMemoryIndex for table: replychains, with index: undefined @ https://tflteams.public.onecdn.static.microsoft/teams-modular-packages/hashed-assets/precompiled-web-worker-inner~f-eebc7dc95bcd3d1c.worker.js:43
[   14274ms] [WARNING] getSerializedKeyForKeypath returned undefined key in InMemoryIndex for table: replychains, with index: latestDeliveryTimeByConversationId @ https://tflteams.public.onecdn.static.microsoft/teams-modular-packages/hashed-assets/precompiled-web-worker-inner~f-eebc7dc95bcd3d1c.worker.js:43
[   14274ms] [WARNING] getSerializedKeyForKeypath returned undefined key in InMemoryIndex for table: replychains, with index: latestDeliveryTimeByConversationId @ https://tflteams.public.onecdn.static.microsoft/teams-modular-packages/hashed-assets/precompiled-web-worker-inner~f-eebc7dc95bcd3d1c.worker.js:43
[   14274ms] [WARNING] getSerializedKeyForKeypath returned undefined key in InMemoryIndex for table: replychains, with index: undefined @ https://tflteams.public.onecdn.static.microsoft/teams-modular-packages/hashed-assets/precompiled-web-worker-inner~f-eebc7dc95bcd3d1c.worker.js:43
[   14274ms] [WARNING] getSerializedKeyForKeypath returned undefined key in InMemoryIndex for table: replychains, with index: latestDeliveryTimeByConversationId @ https://tflteams.public.onecdn.static.microsoft/teams-modular-packages/hashed-assets/precompiled-web-worker-inner~f-eebc7dc95bcd3d1c.worker.js:43
[   14274ms] [WARNING] getSerializedKeyForKeypath returned undefined key in InMemoryIndex for table: replychains, with index: latestDeliveryTimeByConversationId @ https://tflteams.public.onecdn.static.microsoft/teams-modular-packages/hashed-assets/precompiled-web-worker-inner~f-eebc7dc95bcd3d1c.worker.js:43
[   14274ms] [WARNING] getSerializedKeyForKeypath returned undefined key in InMemoryIndex for table: replychains, with index: undefined @ https://tflteams.public.onecdn.static.microsoft/teams-modular-packages/hashed-assets/precompiled-web-worker-inner~f-eebc7dc95bcd3d1c.worker.js:43
[   14274ms] [WARNING] getSerializedKeyForKeypath returned undefined key in InMemoryIndex for table: replychains, with index: latestDeliveryTimeByConversationId @ https://tflteams.public.onecdn.static.microsoft/teams-modular-packages/hashed-assets/precompiled-web-worker-inner~f-eebc7dc95bcd3d1c.worker.js:43
[   14274ms] [WARNING] getSerializedKeyForKeypath returned undefined key in InMemoryIndex for table: replychains, with index: latestDeliveryTimeByConversationId @ https://tflteams.public.onecdn.static.microsoft/teams-modular-packages/hashed-assets/precompiled-web-worker-inner~f-eebc7dc95bcd3d1c.worker.js:43
[   14274ms] [WARNING] getSerializedKeyForKeypath returned undefined key in InMemoryIndex for table: replychains, with index: undefined @ https://tflteams.public.onecdn.static.microsoft/teams-modular-packages/hashed-assets/precompiled-web-worker-inner~f-eebc7dc95bcd3d1c.worker.js:43
[   14274ms] [WARNING] getSerializedKeyForKeypath returned undefined key in InMemoryIndex for table: replychains, with index: latestDeliveryTimeByConversationId @ https://tflteams.public.onecdn.static.microsoft/teams-modular-packages/hashed-assets/precompiled-web-worker-inner~f-eebc7dc95bcd3d1c.worker.js:43
[   14433ms] [WARNING] getSerializedKeyForKeypath returned undefined key in InMemoryIndex for table: profiles, with index: email @ https://tflteams.public.onecdn.static.microsoft/teams-modular-packages/hashed-assets/precompiled-web-worker-inner~f-eebc7dc95bcd3d1c.worker.js:43
[   14512ms] [WARNING] A preload for 'https://tflteams.public.onecdn.static.microsoft/teams-modular-packages/hashed-assets/griffel-35c4b6c6ca9f299f.css' is found, but is not used because it is a cross-world service worker resource mismatch. @ https://tflteams.public.onecdn.static.microsoft/teams-modular-packages/hashed-assets/async-entry-2577006816cccd81.js:1238
[   16265ms] [WARNING] An iframe which has both allow-scripts and allow-same-origin for its sandbox attribute can escape its sandboxing. @ https://teams.live.com/v2/authv2#code=M.C518_SN1.2.U.MsaArtifacts.DsYCyIKXOUv7ymSNtMOYtrvzgjMTejy9SsVamo1BWkOUGx4RyLFyfr7WufMrXmBURw1QkuH3fOSSjcVASdxUlwgR*DaTw*sG2mqdE5zj*4Hk8OQeWmE56A1z1Mb4W8fbz*syyyO7vGmrVzM70ovA0Zg990EaG0vnRtJf1lHcspcCY4LhPtyo06e840woBWPFKpq!exn6kIQ0JCtHnkrN!a6ffXiPS9X8QVOqXeLtAv45GEvVf3L!Lk12B7e1vpwSjQcZirzMPgDdm4lox6M6S0Ec0b2mAbe8Qwar886B3aM6hDK3EMu1fRlES0LqlOeF9gF46*VyeWbjEVtsd*egyQDDdCapQfV2Q6!1!kFLFF5KQgoeICL8RACqN0rXjLsqo5IwXMRT3iH4n5p0agJ8JiEBf4Iyv9hDrRkbPvdGjqI*WHtTHSISSk8yb89RP2gBUhWgbMTK5zZ9H*o0nc7BGjHhSKUGXG8HxkG2TnFPGVJlIcSjeRR6ZUP5aNmRqCiHM8LfNMzvqplY*IzQ9zZtPqG2xPtadEjfSEe!FI9Ryvkc3wH1J0P7nHqfjBqDvsdvKaREBSi3huNvPlB70bgy6L0LPxemr2pJN7xgzrp4*vpeXEaBFqes*VuHgsUBQEiQwiH*vFqDDYhzCh9VasV0gfCSjyX1OfSl6ikx54vRCLENnZOkrCgAVTWtIyXi5dGck0XRT41NTj*HZm4DjS6SQLY%24&client_info=eyJ2ZXIiOiIxLjAiLCJzdWIiOiJBQUFBQUFBQUFBQUFBQUFBQUFBQUFNME9hTVF5UGxMbFJ3WkZRcmsyUlZVIiwibmFtZSI6IlRhbXppZGEgQXphZCIsInByZWZlcnJlZF91c2VybmFtZSI6InRhbXppZGEuYXphZEBzamlubm92YXRpb24uY29tIiwib2lkIjoiMDAwMDAwMDAtMDAwMC0wMDAwLTY2MGUtNmYwMTVmZDgyNGY2IiwidGlkIjoiOTE4ODA0MGQtNmM2Ny00YzViLWIxMTItMzZhMzA0YjY2ZGFkIiwiaG9tZV9vaWQiOiIwMDAwMDAwMC0wMDAwLTAwMDAtNjYwZS02ZjAxNWZkODI0ZjYiLCJ1aWQiOiIwMDAwMDAwMC0wMDAwLTAwMDAtNjYwZS02ZjAxNWZkODI0ZjYiLCJ1dGlkIjoiOTE4ODA0MGQtNmM2Ny00YzViLWIxMTItMzZhMzA0YjY2ZGFkIn0&state=eyJpZCI6IjAxYTA2MWE3LWFkNWYtN2ZmZS1hM2NjLWM5MDFlOTRiN2U5MSIsIm1ldGEiOnsiaW50ZXJhY3Rpb25UeXBlIjoic2lsZW50In19:0
[   16557ms] [WARNING] getSerializedKeyForKeypath returned undefined key in InMemoryIndex for table: profiles, with index: email @ https://tflteams.public.onecdn.static.microsoft/teams-modular-packages/hashed-assets/precompiled-web-worker-inner~f-eebc7dc95bcd3d1c.worker.js:43
[   16557ms] [WARNING] getSerializedKeyForKeypath returned undefined key in InMemoryIndex for table: profiles, with index: email @ https://tflteams.public.onecdn.static.microsoft/teams-modular-packages/hashed-assets/precompiled-web-worker-inner~f-eebc7dc95bcd3d1c.worker.js:43
[   16557ms] [WARNING] getSerializedKeyForKeypath returned undefined key in InMemoryIndex for table: profiles, with index: email @ https://tflteams.public.onecdn.static.microsoft/teams-modular-packages/hashed-assets/precompiled-web-worker-inner~f-eebc7dc95bcd3d1c.worker.js:43
[   16558ms] [WARNING] getSerializedKeyForKeypath returned undefined key in InMemoryIndex for table: profiles, with index: email @ https://tflteams.public.onecdn.static.microsoft/teams-modular-packages/hashed-assets/precompiled-web-worker-inner~f-eebc7dc95bcd3d1c.worker.js:43
[   16558ms] [WARNING] getSerializedKeyForKeypath returned undefined key in InMemoryIndex for table: profiles, with index: email @ https://tflteams.public.onecdn.static.microsoft/teams-modular-packages/hashed-assets/precompiled-web-worker-inner~f-eebc7dc95bcd3d1c.worker.js:43
[   16558ms] [WARNING] getSerializedKeyForKeypath returned undefined key in InMemoryIndex for table: profiles, with index: email @ https://tflteams.public.onecdn.static.microsoft/teams-modular-packages/hashed-assets/precompiled-web-worker-inner~f-eebc7dc95bcd3d1c.worker.js:43
[   16558ms] [WARNING] getSerializedKeyForKeypath returned undefined key in InMemoryIndex for table: profiles, with index: email @ https://tflteams.public.onecdn.static.microsoft/teams-modular-packages/hashed-assets/precompiled-web-worker-inner~f-eebc7dc95bcd3d1c.worker.js:43
[   16558ms] [WARNING] getSerializedKeyForKeypath returned undefined key in InMemoryIndex for table: profiles, with index: email @ https://tflteams.public.onecdn.static.microsoft/teams-modular-packages/hashed-assets/precompiled-web-worker-inner~f-eebc7dc95bcd3d1c.worker.js:43
[   16558ms] [WARNING] getSerializedKeyForKeypath returned undefined key in InMemoryIndex for table: profiles, with index: email @ https://tflteams.public.onecdn.static.microsoft/teams-modular-packages/hashed-assets/precompiled-web-worker-inner~f-eebc7dc95bcd3d1c.worker.js:43
[   16558ms] [WARNING] getSerializedKeyForKeypath returned undefined key in InMemoryIndex for table: profiles, with index: email @ https://tflteams.public.onecdn.static.microsoft/teams-modular-packages/hashed-assets/precompiled-web-worker-inner~f-eebc7dc95bcd3d1c.worker.js:43
[   16558ms] [WARNING] getSerializedKeyForKeypath returned undefined key in InMemoryIndex for table: profiles, with index: email @ https://tflteams.public.onecdn.static.microsoft/teams-modular-packages/hashed-assets/precompiled-web-worker-inner~f-eebc7dc95bcd3d1c.worker.js:43
[   16558ms] [WARNING] getSerializedKeyForKeypath returned undefined key in InMemoryIndex for table: profiles, with index: email @ https://tflteams.public.onecdn.static.microsoft/teams-modular-packages/hashed-assets/precompiled-web-worker-inner~f-eebc7dc95bcd3d1c.worker.js:43
[   16558ms] [WARNING] getSerializedKeyForKeypath returned undefined key in InMemoryIndex for table: profiles, with index: email @ https://tflteams.public.onecdn.static.microsoft/teams-modular-packages/hashed-assets/precompiled-web-worker-inner~f-eebc7dc95bcd3d1c.worker.js:43
[   16558ms] [WARNING] getSerializedKeyForKeypath returned undefined key in InMemoryIndex for table: profiles, with index: email @ https://tflteams.public.onecdn.static.microsoft/teams-modular-packages/hashed-assets/precompiled-web-worker-inner~f-eebc7dc95bcd3d1c.worker.js:43
[   17553ms] [WARNING] The resource https://tflteams.public.onecdn.static.microsoft/teams-modular-packages/hashed-assets/496830-b9bc15da63f131f0.js was preloaded using link preload but not used within a few seconds from the window's load event. Please make sure it has an appropriate `as` value and it is preloaded intentionally. @ https://teams.live.com/v2/:0
[   17553ms] [WARNING] The resource https://tflteams.public.onecdn.static.microsoft/teams-modular-packages/hashed-assets/638055-8639409976087493.js was preloaded using link preload but not used within a few seconds from the window's load event. Please make sure it has an appropriate `as` value and it is preloaded intentionally. @ https://teams.live.com/v2/:0
[   17553ms] [WARNING] The resource https://tflteams.public.onecdn.static.microsoft/teams-modular-packages/hashed-assets/435678-d1bdf03cb0afb625.js was preloaded using link preload but not used within a few seconds from the window's load event. Please make sure it has an appropriate `as` value and it is preloaded intentionally. @ https://teams.live.com/v2/:0
[   17553ms] [WARNING] The resource https://tflteams.public.onecdn.static.microsoft/teams-modular-packages/hashed-assets/191837-bd981bd32c6ace8c.js was preloaded using link preload but not used within a few seconds from the window's load event. Please make sure it has an appropriate `as` value and it is preloaded intentionally. @ https://teams.live.com/v2/:0
[   17553ms] [WARNING] The resource https://tflteams.public.onecdn.static.microsoft/teams-modular-packages/hashed-assets/234995-0c3f3235fc6b66bd.js was preloaded using link preload but not used within a few seconds from the window's load event. Please make sure it has an appropriate `as` value and it is preloaded intentionally. @ https://teams.live.com/v2/:0
[   17553ms] [WARNING] The resource https://tflteams.public.onecdn.static.microsoft/teams-modular-packages/hashed-assets/341350-43f8cb4c1df179e4.js was preloaded using link preload but not used within a few seconds from the window's load event. Please make sure it has an appropriate `as` value and it is preloaded intentionally. @ https://teams.live.com/v2/:0
[   17553ms] [WARNING] The resource https://tflteams.public.onecdn.static.microsoft/teams-modular-packages/hashed-assets/integrities-ee314ca94868d28c4db2.js was preloaded using link preload but not used within a few seconds from the window's load event. Please make sure it has an appropriate `as` value and it is preloaded intentionally. @ https://teams.live.com/v2/:0
[   17553ms] [WARNING] The resource https://tflteams.public.onecdn.static.microsoft/teams-modular-packages/hashed-assets/391366-3f2d5bccbfa8c483.js was preloaded using link preload but not used within a few seconds from the window's load event. Please make sure it has an appropriate `as` value and it is preloaded intentionally. @ https://teams.live.com/v2/:0
[   17553ms] [WARNING] The resource https://tflteams.public.onecdn.static.microsoft/teams-modular-packages/hashed-assets/services-calling-service-adapters-73900cd6569fa36e.js was preloaded using link preload but not used within a few seconds from the window's load event. Please make sure it has an appropriate `as` value and it is preloaded intentionally. @ https://teams.live.com/v2/:0
[   17553ms] [WARNING] The resource https://tflteams.public.onecdn.static.microsoft/teams-modular-packages/hashed-assets/griffel-35c4b6c6ca9f299f.css was preloaded using link preload but not used within a few seconds from the window's load event. Please make sure it has an appropriate `as` value and it is preloaded intentionally. @ https://teams.live.com/v2/:0
[   17553ms] [WARNING] The resource https://tflteams.public.onecdn.static.microsoft/teams-modular-packages/hashed-assets/462748-07d8fb6516d15b3a.js was preloaded using link preload but not used within a few seconds from the window's load event. Please make sure it has an appropriate `as` value and it is preloaded intentionally. @ https://teams.live.com/v2/:0
[   17553ms] [WARNING] The resource https://tflteams.public.onecdn.static.microsoft/teams-modular-packages/hashed-assets/54365-bfef35ea66ac127d.js was preloaded using link preload but not used within a few seconds from the window's load event. Please make sure it has an appropriate `as` value and it is preloaded intentionally. @ https://teams.live.com/v2/:0
[   17553ms] [WARNING] The resource https://tflteams.public.onecdn.static.microsoft/teams-modular-packages/hashed-assets/376190-643ba6bb5012b8c2.js was preloaded using link preload but not used within a few seconds from the window's load event. Please make sure it has an appropriate `as` value and it is preloaded intentionally. @ https://teams.live.com/v2/:0
[   17553ms] [WARNING] The resource https://tflteams.public.onecdn.static.microsoft/teams-modular-packages/hashed-assets/249566-274523e882e43004.js was preloaded using link preload but not used within a few seconds from the window's load event. Please make sure it has an appropriate `as` value and it is preloaded intentionally. @ https://teams.live.com/v2/:0
[   17553ms] [WARNING] The resource https://tflteams.public.onecdn.static.microsoft/teams-modular-packages/hashed-assets/main-bf92f430a18ec91b.js was preloaded using link preload but not used within a few seconds from the window's load event. Please make sure it has an appropriate `as` value and it is preloaded intentionally. @ https://teams.live.com/v2/:0
[   17553ms] [WARNING] The resource https://tflteams.public.onecdn.static.microsoft/teams-modular-packages/hashed-assets/runtime-52e013a359f54ff5.js was preloaded using link preload but not used within a few seconds from the window's load event. Please make sure it has an appropriate `as` value and it is preloaded intentionally. @ https://teams.live.com/v2/:0
[   17553ms] [WARNING] The resource https://tflteams.public.onecdn.static.microsoft/teams-modular-packages/hashed-assets/158884-70f571c7e70b86a5.js was preloaded using link preload but not used within a few seconds from the window's load event. Please make sure it has an appropriate `as` value and it is preloaded intentionally. @ https://teams.live.com/v2/:0
[   17553ms] [WARNING] The resource https://tflteams.public.onecdn.static.microsoft/teams-modular-packages/hashed-assets/calling-cdl-calling-package-loader-fac6de6dccf4d650.js was preloaded using link preload but not used within a few seconds from the window's load event. Please make sure it has an appropriate `as` value and it is preloaded intentionally. @ https://teams.live.com/v2/:0
[   19909ms] [ERROR] Unhandled error/rejection {"isTrusted":true} @ https://teams.live.com/v2/?tenantId=9188040d-6c67-4c5b-b112-36a304b66dad&loginHint=tamzida.azad@sjinnovation.com:54
[   19913ms] [ERROR] Unhandled error/rejection {"isTrusted":true} @ https://teams.live.com/v2/?tenantId=9188040d-6c67-4c5b-b112-36a304b66dad&loginHint=tamzida.azad@sjinnovation.com:54
[   19915ms] [ERROR] Unhandled error/rejection {"isTrusted":true} @ https://teams.live.com/v2/?tenantId=9188040d-6c67-4c5b-b112-36a304b66dad&loginHint=tamzida.azad@sjinnovation.com:54
[   19916ms] [ERROR] Unhandled error/rejection {"isTrusted":true} @ https://teams.live.com/v2/?tenantId=9188040d-6c67-4c5b-b112-36a304b66dad&loginHint=tamzida.azad@sjinnovation.com:54
[   19917ms] [ERROR] Unhandled error/rejection {"isTrusted":true} @ https://teams.live.com/v2/?tenantId=9188040d-6c67-4c5b-b112-36a304b66dad&loginHint=tamzida.azad@sjinnovation.com:54
[   19919ms] [ERROR] Unhandled error/rejection {"isTrusted":true} @ https://teams.live.com/v2/?tenantId=9188040d-6c67-4c5b-b112-36a304b66dad&loginHint=tamzida.azad@sjinnovation.com:54
[   19920ms] [ERROR] Unhandled error/rejection {"isTrusted":true} @ https://teams.live.com/v2/?tenantId=9188040d-6c67-4c5b-b112-36a304b66dad&loginHint=tamzida.azad@sjinnovation.com:54
[   20402ms] [WARNING] getSerializedKeyForKeypath returned undefined key in InMemoryIndex for table: profiles, with index: email @ https://tflteams.public.onecdn.static.microsoft/teams-modular-packages/hashed-assets/precompiled-web-worker-inner~f-eebc7dc95bcd3d1c.worker.js:43
[   20403ms] [WARNING] getSerializedKeyForKeypath returned undefined key in InMemoryIndex for table: profiles, with index: email @ https://tflteams.public.onecdn.static.microsoft/teams-modular-packages/hashed-assets/precompiled-web-worker-inner~f-eebc7dc95bcd3d1c.worker.js:43
[   20403ms] [WARNING] getSerializedKeyForKeypath returned undefined key in InMemoryIndex for table: profiles, with index: email @ https://tflteams.public.onecdn.static.microsoft/teams-modular-packages/hashed-assets/precompiled-web-worker-inner~f-eebc7dc95bcd3d1c.worker.js:43
[   20403ms] [WARNING] getSerializedKeyForKeypath returned undefined key in InMemoryIndex for table: profiles, with index: email @ https://tflteams.public.onecdn.static.microsoft/teams-modular-packages/hashed-assets/precompiled-web-worker-inner~f-eebc7dc95bcd3d1c.worker.js:43
[   20403ms] [WARNING] getSerializedKeyForKeypath returned undefined key in InMemoryIndex for table: profiles, with index: email @ https://tflteams.public.onecdn.static.microsoft/teams-modular-packages/hashed-assets/precompiled-web-worker-inner~f-eebc7dc95bcd3d1c.worker.js:43
[   20403ms] [WARNING] getSerializedKeyForKeypath returned undefined key in InMemoryIndex for table: profiles, with index: email @ https://tflteams.public.onecdn.static.microsoft/teams-modular-packages/hashed-assets/precompiled-web-worker-inner~f-eebc7dc95bcd3d1c.worker.js:43
[   20403ms] [WARNING] getSerializedKeyForKeypath returned undefined key in InMemoryIndex for table: profiles, with index: email @ https://tflteams.public.onecdn.static.microsoft/teams-modular-packages/hashed-assets/precompiled-web-worker-inner~f-eebc7dc95bcd3d1c.worker.js:43
[   20403ms] [WARNING] getSerializedKeyForKeypath returned undefined key in InMemoryIndex for table: profiles, with index: email @ https://tflteams.public.onecdn.static.microsoft/teams-modular-packages/hashed-assets/precompiled-web-worker-inner~f-eebc7dc95bcd3d1c.worker.js:43
[   20404ms] [WARNING] getSerializedKeyForKeypath returned undefined key in InMemoryIndex for table: profiles, with index: email @ https://tflteams.public.onecdn.static.microsoft/teams-modular-packages/hashed-assets/precompiled-web-worker-inner~f-eebc7dc95bcd3d1c.worker.js:43
[   20404ms] [WARNING] getSerializedKeyForKeypath returned undefined key in InMemoryIndex for table: profiles, with index: email @ https://tflteams.public.onecdn.static.microsoft/teams-modular-packages/hashed-assets/precompiled-web-worker-inner~f-eebc7dc95bcd3d1c.worker.js:43
[   20404ms] [WARNING] getSerializedKeyForKeypath returned undefined key in InMemoryIndex for table: profiles, with index: email @ https://tflteams.public.onecdn.static.microsoft/teams-modular-packages/hashed-assets/precompiled-web-worker-inner~f-eebc7dc95bcd3d1c.worker.js:43
[   20404ms] [WARNING] getSerializedKeyForKeypath returned undefined key in InMemoryIndex for table: profiles, with index: email @ https://tflteams.public.onecdn.static.microsoft/teams-modular-packages/hashed-assets/precompiled-web-worker-inner~f-eebc7dc95bcd3d1c.worker.js:43
[   20404ms] [WARNING] getSerializedKeyForKeypath returned undefined key in InMemoryIndex for table: profiles, with index: email @ https://tflteams.public.onecdn.static.microsoft/teams-modular-packages/hashed-assets/precompiled-web-worker-inner~f-eebc7dc95bcd3d1c.worker.js:43
[   20404ms] [WARNING] getSerializedKeyForKeypath returned undefined key in InMemoryIndex for table: profiles, with index: email @ https://tflteams.public.onecdn.static.microsoft/teams-modular-packages/hashed-assets/precompiled-web-worker-inner~f-eebc7dc95bcd3d1c.worker.js:43
[   20404ms] [WARNING] getSerializedKeyForKeypath returned undefined key in InMemoryIndex for table: profiles, with index: email @ https://tflteams.public.onecdn.static.microsoft/teams-modular-packages/hashed-assets/precompiled-web-worker-inner~f-eebc7dc95bcd3d1c.worker.js:43
[   20404ms] [WARNING] getSerializedKeyForKeypath returned undefined key in InMemoryIndex for table: profiles, with index: email @ https://tflteams.public.onecdn.static.microsoft/teams-modular-packages/hashed-assets/precompiled-web-worker-inner~f-eebc7dc95bcd3d1c.worker.js:43
[   20404ms] [WARNING] getSerializedKeyForKeypath returned undefined key in InMemoryIndex for table: profiles, with index: email @ https://tflteams.public.onecdn.static.microsoft/teams-modular-packages/hashed-assets/precompiled-web-worker-inner~f-eebc7dc95bcd3d1c.worker.js:43
[   20404ms] [WARNING] getSerializedKeyForKeypath returned undefined key in InMemoryIndex for table: profiles, with index: email @ https://tflteams.public.onecdn.static.microsoft/teams-modular-packages/hashed-assets/precompiled-web-worker-inner~f-eebc7dc95bcd3d1c.worker.js:43
[   20405ms] [WARNING] getSerializedKeyForKeypath returned undefined key in InMemoryIndex for table: profiles, with index: email @ https://tflteams.public.onecdn.static.microsoft/teams-modular-packages/hashed-assets/precompiled-web-worker-inner~f-eebc7dc95bcd3d1c.worker.js:43
[   20405ms] [WARNING] getSerializedKeyForKeypath returned undefined key in InMemoryIndex for table: profiles, with index: email @ https://tflteams.public.onecdn.static.microsoft/teams-modular-packages/hashed-assets/precompiled-web-worker-inner~f-eebc7dc95bcd3d1c.worker.js:43
[   20405ms] [WARNING] getSerializedKeyForKeypath returned undefined key in InMemoryIndex for table: profiles, with index: email @ https://tflteams.public.onecdn.static.microsoft/teams-modular-packages/hashed-assets/precompiled-web-worker-inner~f-eebc7dc95bcd3d1c.worker.js:43
[   20405ms] [WARNING] getSerializedKeyForKeypath returned undefined key in InMemoryIndex for table: profiles, with index: email @ https://tflteams.public.onecdn.static.microsoft/teams-modular-packages/hashed-assets/precompiled-web-worker-inner~f-eebc7dc95bcd3d1c.worker.js:43
[   20405ms] [WARNING] getSerializedKeyForKeypath returned undefined key in InMemoryIndex for table: profiles, with index: email @ https://tflteams.public.onecdn.static.microsoft/teams-modular-packages/hashed-assets/precompiled-web-worker-inner~f-eebc7dc95bcd3d1c.worker.js:43
[   20405ms] [WARNING] getSerializedKeyForKeypath returned undefined key in InMemoryIndex for table: profiles, with index: email @ https://tflteams.public.onecdn.static.microsoft/teams-modular-packages/hashed-assets/precompiled-web-worker-inner~f-eebc7dc95bcd3d1c.worker.js:43
[   20405ms] [WARNING] getSerializedKeyForKeypath returned undefined key in InMemoryIndex for table: profiles, with index: email @ https://tflteams.public.onecdn.static.microsoft/teams-modular-packages/hashed-assets/precompiled-web-worker-inner~f-eebc7dc95bcd3d1c.worker.js:43
[   20405ms] [WARNING] getSerializedKeyForKeypath returned undefined key in InMemoryIndex for table: profiles, with index: email @ https://tflteams.public.onecdn.static.microsoft/teams-modular-packages/hashed-assets/precompiled-web-worker-inner~f-eebc7dc95bcd3d1c.worker.js:43
[   20405ms] [WARNING] getSerializedKeyForKeypath returned undefined key in InMemoryIndex for table: profiles, with index: email @ https://tflteams.public.onecdn.static.microsoft/teams-modular-packages/hashed-assets/precompiled-web-worker-inner~f-eebc7dc95bcd3d1c.worker.js:43
[   20405ms] [WARNING] getSerializedKeyForKeypath returned undefined key in InMemoryIndex for table: profiles, with index: email @ https://tflteams.public.onecdn.static.microsoft/teams-modular-packages/hashed-assets/precompiled-web-worker-inner~f-eebc7dc95bcd3d1c.worker.js:43
[   20406ms] [WARNING] getSerializedKeyForKeypath returned undefined key in InMemoryIndex for table: profiles, with index: email @ https://tflteams.public.onecdn.static.microsoft/teams-modular-packages/hashed-assets/precompiled-web-worker-inner~f-eebc7dc95bcd3d1c.worker.js:43
[   20406ms] [WARNING] getSerializedKeyForKeypath returned undefined key in InMemoryIndex for table: profiles, with index: email @ https://tflteams.public.onecdn.static.microsoft/teams-modular-packages/hashed-assets/precompiled-web-worker-inner~f-eebc7dc95bcd3d1c.worker.js:43
[   20406ms] [WARNING] getSerializedKeyForKeypath returned undefined key in InMemoryIndex for table: profiles, with index: email @ https://tflteams.public.onecdn.static.microsoft/teams-modular-packages/hashed-assets/precompiled-web-worker-inner~f-eebc7dc95bcd3d1c.worker.js:43
[   20406ms] [WARNING] getSerializedKeyForKeypath returned undefined key in InMemoryIndex for table: profiles, with index: email @ https://tflteams.public.onecdn.static.microsoft/teams-modular-packages/hashed-assets/precompiled-web-worker-inner~f-eebc7dc95bcd3d1c.worker.js:43
[   20406ms] [WARNING] getSerializedKeyForKeypath returned undefined key in InMemoryIndex for table: profiles, with index: email @ https://tflteams.public.onecdn.static.microsoft/teams-modular-packages/hashed-assets/precompiled-web-worker-inner~f-eebc7dc95bcd3d1c.worker.js:43
[   20406ms] [WARNING] getSerializedKeyForKeypath returned undefined key in InMemoryIndex for table: profiles, with index: email @ https://tflteams.public.onecdn.static.microsoft/teams-modular-packages/hashed-assets/precompiled-web-worker-inner~f-eebc7dc95bcd3d1c.worker.js:43
[   20406ms] [WARNING] getSerializedKeyForKeypath returned undefined key in InMemoryIndex for table: profiles, with index: email @ https://tflteams.public.onecdn.static.microsoft/teams-modular-packages/hashed-assets/precompiled-web-worker-inner~f-eebc7dc95bcd3d1c.worker.js:43
[   20406ms] [WARNING] getSerializedKeyForKeypath returned undefined key in InMemoryIndex for table: profiles, with index: email @ https://tflteams.public.onecdn.static.microsoft/teams-modular-packages/hashed-assets/precompiled-web-worker-inner~f-eebc7dc95bcd3d1c.worker.js:43
[   20406ms] [WARNING] getSerializedKeyForKeypath returned undefined key in InMemoryIndex for table: profiles, with index: email @ https://tflteams.public.onecdn.static.microsoft/teams-modular-packages/hashed-assets/precompiled-web-worker-inner~f-eebc7dc95bcd3d1c.worker.js:43
[   20406ms] [WARNING] getSerializedKeyForKeypath returned undefined key in InMemoryIndex for table: profiles, with index: email @ https://tflteams.public.onecdn.static.microsoft/teams-modular-packages/hashed-assets/precompiled-web-worker-inner~f-eebc7dc95bcd3d1c.worker.js:43
[   20406ms] [WARNING] getSerializedKeyForKeypath returned undefined key in InMemoryIndex for table: profiles, with index: email @ https://tflteams.public.onecdn.static.microsoft/teams-modular-packages/hashed-assets/precompiled-web-worker-inner~f-eebc7dc95bcd3d1c.worker.js:43
[   20407ms] [WARNING] getSerializedKeyForKeypath returned undefined key in InMemoryIndex for table: profiles, with index: email @ https://tflteams.public.onecdn.static.microsoft/teams-modular-packages/hashed-assets/precompiled-web-worker-inner~f-eebc7dc95bcd3d1c.worker.js:43
[   21042ms] [WARNING] getSerializedKeyForKeypath returned undefined key in InMemoryIndex for table: profiles, with index: email @ https://tflteams.public.onecdn.static.microsoft/teams-modular-packages/hashed-assets/precompiled-web-worker-inner~f-eebc7dc95bcd3d1c.worker.js:43
[   22411ms] [WARNING] The icon "vNextCancel" tried to unregister but was not registered. @ https://teams.live.com/v2/?tenantId=9188040d-6c67-4c5b-b112-36a304b66dad&loginHint=tamzida.azad@sjinnovation.com:54
[   22411ms] [WARNING] The icon "vNextChat" tried to unregister but was not registered. @ https://teams.live.com/v2/?tenantId=9188040d-6c67-4c5b-b112-36a304b66dad&loginHint=tamzida.azad@sjinnovation.com:54
[   22412ms] [WARNING] The icon "vNextCopy" tried to unregister but was not registered. @ https://teams.live.com/v2/?tenantId=9188040d-6c67-4c5b-b112-36a304b66dad&loginHint=tamzida.azad@sjinnovation.com:54
[   22412ms] [WARNING] The icon "vNextPhone" tried to unregister but was not registered. @ https://teams.live.com/v2/?tenantId=9188040d-6c67-4c5b-b112-36a304b66dad&loginHint=tamzida.azad@sjinnovation.com:54
[   22412ms] [WARNING] The icon "vNextAddFriend" tried to unregister but was not registered. @ https://teams.live.com/v2/?tenantId=9188040d-6c67-4c5b-b112-36a304b66dad&loginHint=tamzida.azad@sjinnovation.com:54
[   22412ms] [WARNING] The icon "vNextDocument" tried to unregister but was not registered. @ https://teams.live.com/v2/?tenantId=9188040d-6c67-4c5b-b112-36a304b66dad&loginHint=tamzida.azad@sjinnovation.com:54
[   22412ms] [WARNING] The icon "vNextEdit" tried to unregister but was not registered. @ https://teams.live.com/v2/?tenantId=9188040d-6c67-4c5b-b112-36a304b66dad&loginHint=tamzida.azad@sjinnovation.com:54
[   22412ms] [WARNING] The icon "vNextEmoji" tried to unregister but was not registered. @ https://teams.live.com/v2/?tenantId=9188040d-6c67-4c5b-b112-36a304b66dad&loginHint=tamzida.azad@sjinnovation.com:54
[   22412ms] [WARNING] The icon "vNextOrg" tried to unregister but was not registered. @ https://teams.live.com/v2/?tenantId=9188040d-6c67-4c5b-b112-36a304b66dad&loginHint=tamzida.azad@sjinnovation.com:54
[   22412ms] [WARNING] The icon "vNextSend" tried to unregister but was not registered. @ https://teams.live.com/v2/?tenantId=9188040d-6c67-4c5b-b112-36a304b66dad&loginHint=tamzida.azad@sjinnovation.com:54
[   22412ms] [WARNING] The icon "vNextVideo" tried to unregister but was not registered. @ https://teams.live.com/v2/?tenantId=9188040d-6c67-4c5b-b112-36a304b66dad&loginHint=tamzida.azad@sjinnovation.com:54
[   22412ms] [WARNING] The icon "vNextChevronDown" tried to unregister but was not registered. @ https://teams.live.com/v2/?tenantId=9188040d-6c67-4c5b-b112-36a304b66dad&loginHint=tamzida.azad@sjinnovation.com:54
[   22412ms] [WARNING] The icon "vNextChevronLeft" tried to unregister but was not registered. @ https://teams.live.com/v2/?tenantId=9188040d-6c67-4c5b-b112-36a304b66dad&loginHint=tamzida.azad@sjinnovation.com:54
[   22412ms] [WARNING] The icon "vNextChevronRight" tried to unregister but was not registered. @ https://teams.live.com/v2/?tenantId=9188040d-6c67-4c5b-b112-36a304b66dad&loginHint=tamzida.azad@sjinnovation.com:54
[   22412ms] [WARNING] The icon "vNextOpen" tried to unregister but was not registered. @ https://teams.live.com/v2/?tenantId=9188040d-6c67-4c5b-b112-36a304b66dad&loginHint=tamzida.azad@sjinnovation.com:54
[   22412ms] [WARNING] The icon "vNextAdd" tried to unregister but was not registered. @ https://teams.live.com/v2/?tenantId=9188040d-6c67-4c5b-b112-36a304b66dad&loginHint=tamzida.azad@sjinnovation.com:54
[   22412ms] [WARNING] The icon "vNextAttach" tried to unregister but was not registered. @ https://teams.live.com/v2/?tenantId=9188040d-6c67-4c5b-b112-36a304b66dad&loginHint=tamzida.azad@sjinnovation.com:54
[   22412ms] [WARNING] The icon "vNextBalloons" tried to unregister but was not registered. @ https://teams.live.com/v2/?tenantId=9188040d-6c67-4c5b-b112-36a304b66dad&loginHint=tamzida.azad@sjinnovation.com:54
[   22412ms] [WARNING] The icon "vNextCalendar" tried to unregister but was not registered. @ https://teams.live.com/v2/?tenantId=9188040d-6c67-4c5b-b112-36a304b66dad&loginHint=tamzida.azad@sjinnovation.com:54
[   22412ms] [WARNING] The icon "vNextCamera" tried to unregister but was not registered. @ https://teams.live.com/v2/?tenantId=9188040d-6c67-4c5b-b112-36a304b66dad&loginHint=tamzida.azad@sjinnovation.com:54
[   22412ms] [WARNING] The icon "vNextCheckMark" tried to unregister but was not registered. @ https://teams.live.com/v2/?tenantId=9188040d-6c67-4c5b-b112-36a304b66dad&loginHint=tamzida.azad@sjinnovation.com:54
[   22412ms] [WARNING] The icon "vNextCityNext" tried to unregister but was not registered. @ https://teams.live.com/v2/?tenantId=9188040d-6c67-4c5b-b112-36a304b66dad&loginHint=tamzida.azad@sjinnovation.com:54
[   22412ms] [WARNING] The icon "vNextContact" tried to unregister but was not registered. @ https://teams.live.com/v2/?tenantId=9188040d-6c67-4c5b-b112-36a304b66dad&loginHint=tamzida.azad@sjinnovation.com:54
[   22413ms] [WARNING] The icon "vNextContactCard" tried to unregister but was not registered. @ https://teams.live.com/v2/?tenantId=9188040d-6c67-4c5b-b112-36a304b66dad&loginHint=tamzida.azad@sjinnovation.com:54
[   22413ms] [WARNING] The icon "vNextGlobe" tried to unregister but was not registered. @ https://teams.live.com/v2/?tenantId=9188040d-6c67-4c5b-b112-36a304b66dad&loginHint=tamzida.azad@sjinnovation.com:54
[   22413ms] [WARNING] The icon "vNextGroup" tried to unregister but was not registered. @ https://teams.live.com/v2/?tenantId=9188040d-6c67-4c5b-b112-36a304b66dad&loginHint=tamzida.azad@sjinnovation.com:54
[   22413ms] [WARNING] The icon "vNextInfo" tried to unregister but was not registered. @ https://teams.live.com/v2/?tenantId=9188040d-6c67-4c5b-b112-36a304b66dad&loginHint=tamzida.azad@sjinnovation.com:54
[   22413ms] [WARNING] The icon "vNextLink" tried to unregister but was not registered. @ https://teams.live.com/v2/?tenantId=9188040d-6c67-4c5b-b112-36a304b66dad&loginHint=tamzida.azad@sjinnovation.com:54
[   22413ms] [WARNING] The icon "vNextLinkedInLogo" tried to unregister but was not registered. @ https://teams.live.com/v2/?tenantId=9188040d-6c67-4c5b-b112-36a304b66dad&loginHint=tamzida.azad@sjinnovation.com:54
[   22413ms] [WARNING] The icon "vNextPoi" tried to unregister but was not registered. @ https://teams.live.com/v2/?tenantId=9188040d-6c67-4c5b-b112-36a304b66dad&loginHint=tamzida.azad@sjinnovation.com:54
[   22413ms] [WARNING] The icon "vNextMail" tried to unregister but was not registered. @ https://teams.live.com/v2/?tenantId=9188040d-6c67-4c5b-b112-36a304b66dad&loginHint=tamzida.azad@sjinnovation.com:54
[   22413ms] [WARNING] The icon "vNextMore" tried to unregister but was not registered. @ https://teams.live.com/v2/?tenantId=9188040d-6c67-4c5b-b112-36a304b66dad&loginHint=tamzida.azad@sjinnovation.com:54
[   22413ms] [WARNING] The icon "vNextOutOfOffice" tried to unregister but was not registered. @ https://teams.live.com/v2/?tenantId=9188040d-6c67-4c5b-b112-36a304b66dad&loginHint=tamzida.azad@sjinnovation.com:54
[   22413ms] [WARNING] The icon "vNextPage" tried to unregister but was not registered. @ https://teams.live.com/v2/?tenantId=9188040d-6c67-4c5b-b112-36a304b66dad&loginHint=tamzida.azad@sjinnovation.com:54
[   22413ms] [WARNING] The icon "vNextPeople" tried to unregister but was not registered. @ https://teams.live.com/v2/?tenantId=9188040d-6c67-4c5b-b112-36a304b66dad&loginHint=tamzida.azad@sjinnovation.com:54
[   22413ms] [WARNING] The icon "vNextPersonEdit" tried to unregister but was not registered. @ https://teams.live.com/v2/?tenantId=9188040d-6c67-4c5b-b112-36a304b66dad&loginHint=tamzida.azad@sjinnovation.com:54
[   22413ms] [WARNING] The icon "vNextPersonFolder" tried to unregister but was not registered. @ https://teams.live.com/v2/?tenantId=9188040d-6c67-4c5b-b112-36a304b66dad&loginHint=tamzida.azad@sjinnovation.com:54
[   22413ms] [WARNING] The icon "vNextPlannerLogo" tried to unregister but was not registered. @ https://teams.live.com/v2/?tenantId=9188040d-6c67-4c5b-b112-36a304b66dad&loginHint=tamzida.azad@sjinnovation.com:54
[   22413ms] [WARNING] The icon "vNextQuickNote" tried to unregister but was not registered. @ https://teams.live.com/v2/?tenantId=9188040d-6c67-4c5b-b112-36a304b66dad&loginHint=tamzida.azad@sjinnovation.com:54
[   22413ms] [WARNING] The icon "vNextRibbon" tried to unregister but was not registered. @ https://teams.live.com/v2/?tenantId=9188040d-6c67-4c5b-b112-36a304b66dad&loginHint=tamzida.azad@sjinnovation.com:54
[   22413ms] [WARNING] The icon "vNextSearch" tried to unregister but was not registered. @ https://teams.live.com/v2/?tenantId=9188040d-6c67-4c5b-b112-36a304b66dad&loginHint=tamzida.azad@sjinnovation.com:54
[   22413ms] [WARNING] The icon "vNextShare" tried to unregister but was not registered. @ https://teams.live.com/v2/?tenantId=9188040d-6c67-4c5b-b112-36a304b66dad&loginHint=tamzida.azad@sjinnovation.com:54
[   22414ms] [WARNING] The icon "vNextBack" tried to unregister but was not registered. @ https://teams.live.com/v2/?tenantId=9188040d-6c67-4c5b-b112-36a304b66dad&loginHint=tamzida.azad@sjinnovation.com:54
[   22414ms] [WARNING] The icon "vNextClear" tried to unregister but was not registered. @ https://teams.live.com/v2/?tenantId=9188040d-6c67-4c5b-b112-36a304b66dad&loginHint=tamzida.azad@sjinnovation.com:54
[   22414ms] [WARNING] The icon "vNextAccept" tried to unregister but was not registered. @ https://teams.live.com/v2/?tenantId=9188040d-6c67-4c5b-b112-36a304b66dad&loginHint=tamzida.azad@sjinnovation.com:54
[   22414ms] [WARNING] The icon "vNextAccounts" tried to unregister but was not registered. @ https://teams.live.com/v2/?tenantId=9188040d-6c67-4c5b-b112-36a304b66dad&loginHint=tamzida.azad@sjinnovation.com:54
[   22414ms] [WARNING] The icon "vNextBank" tried to unregister but was not registered. @ https://teams.live.com/v2/?tenantId=9188040d-6c67-4c5b-b112-36a304b66dad&loginHint=tamzida.azad@sjinnovation.com:54
[   22414ms] [WARNING] The icon "vNextBirthdayCake" tried to unregister but was not registered. @ https://teams.live.com/v2/?tenantId=9188040d-6c67-4c5b-b112-36a304b66dad&loginHint=tamzida.azad@sjinnovation.com:54
[   22414ms] [WARNING] The icon "Blank" tried to unregister but was not registered. @ https://teams.live.com/v2/?tenantId=9188040d-6c67-4c5b-b112-36a304b66dad&loginHint=tamzida.azad@sjinnovation.com:54
[   22414ms] [WARNING] The icon "vNextBlockContact" tried to unregister but was not registered. @ https://teams.live.com/v2/?tenantId=9188040d-6c67-4c5b-b112-36a304b66dad&loginHint=tamzida.azad@sjinnovation.com:54
[   22414ms] [WARNING] The icon "vNextBuildingBankToolbox" tried to unregister but was not registered. @ https://teams.live.com/v2/?tenantId=9188040d-6c67-4c5b-b112-36a304b66dad&loginHint=tamzida.azad@sjinnovation.com:54
[   22414ms] [WARNING] The icon "vNextBuildingMultiple" tried to unregister but was not registered. @ https://teams.live.com/v2/?tenantId=9188040d-6c67-4c5b-b112-36a304b66dad&loginHint=tamzida.azad@sjinnovation.com:54
[   22414ms] [WARNING] The icon "vNextBuildingPeople" tried to unregister but was not registered. @ https://teams.live.com/v2/?tenantId=9188040d-6c67-4c5b-b112-36a304b66dad&loginHint=tamzida.azad@sjinnovation.com:54
[   22414ms] [WARNING] The icon "vNextCalendarLtr" tried to unregister but was not registered. @ https://teams.live.com/v2/?tenantId=9188040d-6c67-4c5b-b112-36a304b66dad&loginHint=tamzida.azad@sjinnovation.com:54
[   22414ms] [WARNING] The icon "vNextCalendarStar" tried to unregister but was not registered. @ https://teams.live.com/v2/?tenantId=9188040d-6c67-4c5b-b112-36a304b66dad&loginHint=tamzida.azad@sjinnovation.com:54
[   22414ms] [WARNING] The icon "vNextCardUi" tried to unregister but was not registered. @ https://teams.live.com/v2/?tenantId=9188040d-6c67-4c5b-b112-36a304b66dad&loginHint=tamzida.azad@sjinnovation.com:54
[   22414ms] [WARNING] The icon "vNextCellPhone" tried to unregister but was not registered. @ https://teams.live.com/v2/?tenantId=9188040d-6c67-4c5b-b112-36a304b66dad&loginHint=tamzida.azad@sjinnovation.com:54
[   22414ms] [WARNING] The icon "vNextChartPerson" tried to unregister but was not registered. @ https://teams.live.com/v2/?tenantId=9188040d-6c67-4c5b-b112-36a304b66dad&loginHint=tamzida.azad@sjinnovation.com:54
[   22415ms] [WARNING] The icon "vNextCityNext2" tried to unregister but was not registered. @ https://teams.live.com/v2/?tenantId=9188040d-6c67-4c5b-b112-36a304b66dad&loginHint=tamzida.azad@sjinnovation.com:54
[   22415ms] [WARNING] The icon "vNextClock" tried to unregister but was not registered. @ https://teams.live.com/v2/?tenantId=9188040d-6c67-4c5b-b112-36a304b66dad&loginHint=tamzida.azad@sjinnovation.com:54
[   22415ms] [WARNING] The icon "vNextClockToolbox" tried to unregister but was not registered. @ https://teams.live.com/v2/?tenantId=9188040d-6c67-4c5b-b112-36a304b66dad&loginHint=tamzida.azad@sjinnovation.com:54
[   22415ms] [WARNING] The icon "vNextCompleted" tried to unregister but was not registered. @ https://teams.live.com/v2/?tenantId=9188040d-6c67-4c5b-b112-36a304b66dad&loginHint=tamzida.azad@sjinnovation.com:54
[   22415ms] [WARNING] The icon "vNextContactCard" tried to unregister but was not registered. @ https://teams.live.com/v2/?tenantId=9188040d-6c67-4c5b-b112-36a304b66dad&loginHint=tamzida.azad@sjinnovation.com:54
[   22415ms] [WARNING] The icon "vNextContactCardRibbon" tried to unregister but was not registered. @ https://teams.live.com/v2/?tenantId=9188040d-6c67-4c5b-b112-36a304b66dad&loginHint=tamzida.azad@sjinnovation.com:54
[   22415ms] [WARNING] The icon "vNextDateTime" tried to unregister but was not registered. @ https://teams.live.com/v2/?tenantId=9188040d-6c67-4c5b-b112-36a304b66dad&loginHint=tamzida.azad@sjinnovation.com:54
[   22415ms] [WARNING] The icon "vNextDelete" tried to unregister but was not registered. @ https://teams.live.com/v2/?tenantId=9188040d-6c67-4c5b-b112-36a304b66dad&loginHint=tamzida.azad@sjinnovation.com:54
[   22415ms] [WARNING] The icon "vNextDesk" tried to unregister but was not registered. @ https://teams.live.com/v2/?tenantId=9188040d-6c67-4c5b-b112-36a304b66dad&loginHint=tamzida.azad@sjinnovation.com:54
[   22415ms] [WARNING] The icon "vNextDesktopToolbox" tried to unregister but was not registered. @ https://teams.live.com/v2/?tenantId=9188040d-6c67-4c5b-b112-36a304b66dad&loginHint=tamzida.azad@sjinnovation.com:54
[   22415ms] [WARNING] The icon "vNextDeveloperTools" tried to unregister but was not registered. @ https://teams.live.com/v2/?tenantId=9188040d-6c67-4c5b-b112-36a304b66dad&loginHint=tamzida.azad@sjinnovation.com:54
[   22415ms] [WARNING] The icon "vNextDeviceMeetingRoom" tried to unregister but was not registered. @ https://teams.live.com/v2/?tenantId=9188040d-6c67-4c5b-b112-36a304b66dad&loginHint=tamzida.azad@sjinnovation.com:54
[   22415ms] [WARNING] The icon "vNextDeviceMeetingRoomRemote" tried to unregister but was not registered. @ https://teams.live.com/v2/?tenantId=9188040d-6c67-4c5b-b112-36a304b66dad&loginHint=tamzida.azad@sjinnovation.com:54
[   22415ms] [WARNING] The icon "vNextDismissCircle" tried to unregister but was not registered. @ https://teams.live.com/v2/?tenantId=9188040d-6c67-4c5b-b112-36a304b66dad&loginHint=tamzida.azad@sjinnovation.com:54
[   22415ms] [WARNING] The icon "vNextDown" tried to unregister but was not registered. @ https://teams.live.com/v2/?tenantId=9188040d-6c67-4c5b-b112-36a304b66dad&loginHint=tamzida.azad@sjinnovation.com:54
[   22415ms] [WARNING] The icon "vNextDiversity" tried to unregister but was not registered. @ https://teams.live.com/v2/?tenantId=9188040d-6c67-4c5b-b112-36a304b66dad&loginHint=tamzida.azad@sjinnovation.com:54
[   22415ms] [WARNING] The icon "vNextDocumentOnePageLink" tried to unregister but was not registered. @ https://teams.live.com/v2/?tenantId=9188040d-6c67-4c5b-b112-36a304b66dad&loginHint=tamzida.azad@sjinnovation.com:54
[   22415ms] [WARNING] The icon "vNextDocumentPerson" tried to unregister but was not registered. @ https://teams.live.com/v2/?tenantId=9188040d-6c67-4c5b-b112-36a304b66dad&loginHint=tamzida.azad@sjinnovation.com:54
[   22415ms] [WARNING] The icon "vNextDrafts" tried to unregister but was not registered. @ https://teams.live.com/v2/?tenantId=9188040d-6c67-4c5b-b112-36a304b66dad&loginHint=tamzida.azad@sjinnovation.com:54
[   22415ms] [WARNING] The icon "vNextElevator" tried to unregister but was not registered. @ https://teams.live.com/v2/?tenantId=9188040d-6c67-4c5b-b112-36a304b66dad&loginHint=tamzida.azad@sjinnovation.com:54
[   22415ms] [WARNING] The icon "vNextEmi" tried to unregister but was not registered. @ https://teams.live.com/v2/?tenantId=9188040d-6c67-4c5b-b112-36a304b66dad&loginHint=tamzida.azad@sjinnovation.com:54
[   22415ms] [WARNING] The icon "vNextEmoji2" tried to unregister but was not registered. @ https://teams.live.com/v2/?tenantId=9188040d-6c67-4c5b-b112-36a304b66dad&loginHint=tamzida.azad@sjinnovation.com:54
[   22415ms] [WARNING] The icon "vNextError" tried to unregister but was not registered. @ https://teams.live.com/v2/?tenantId=9188040d-6c67-4c5b-b112-36a304b66dad&loginHint=tamzida.azad@sjinnovation.com:54
[   22415ms] [WARNING] The icon "vNextErrorBadge" tried to unregister but was not registered. @ https://teams.live.com/v2/?tenantId=9188040d-6c67-4c5b-b112-36a304b66dad&loginHint=tamzida.azad@sjinnovation.com:54
[   22415ms] [WARNING] The icon "vNextFax" tried to unregister but was not registered. @ https://teams.live.com/v2/?tenantId=9188040d-6c67-4c5b-b112-36a304b66dad&loginHint=tamzida.azad@sjinnovation.com:54
[   22415ms] [WARNING] The icon "vNextFeedback" tried to unregister but was not registered. @ https://teams.live.com/v2/?tenantId=9188040d-6c67-4c5b-b112-36a304b66dad&loginHint=tamzida.azad@sjinnovation.com:54
[   22415ms] [WARNING] The icon "vNextFeed" tried to unregister but was not registered. @ https://teams.live.com/v2/?tenantId=9188040d-6c67-4c5b-b112-36a304b66dad&loginHint=tamzida.azad@sjinnovation.com:54
[   22416ms] [WARNING] The icon "vNextFlag" tried to unregister but was not registered. @ https://teams.live.com/v2/?tenantId=9188040d-6c67-4c5b-b112-36a304b66dad&loginHint=tamzida.azad@sjinnovation.com:54
[   22416ms] [WARNING] The icon "vNextForward" tried to unregister but was not registered. @ https://teams.live.com/v2/?tenantId=9188040d-6c67-4c5b-b112-36a304b66dad&loginHint=tamzida.azad@sjinnovation.com:54
[   22416ms] [WARNING] The icon "vNextGlobeLocation" tried to unregister but was not registered. @ https://teams.live.com/v2/?tenantId=9188040d-6c67-4c5b-b112-36a304b66dad&loginHint=tamzida.azad@sjinnovation.com:54
[   22416ms] [WARNING] The icon "vNextGlobePerson" tried to unregister but was not registered. @ https://teams.live.com/v2/?tenantId=9188040d-6c67-4c5b-b112-36a304b66dad&loginHint=tamzida.azad@sjinnovation.com:54
[   22416ms] [WARNING] The icon "vNextHeart" tried to unregister but was not registered. @ https://teams.live.com/v2/?tenantId=9188040d-6c67-4c5b-b112-36a304b66dad&loginHint=tamzida.azad@sjinnovation.com:54
[   22416ms] [WARNING] The icon "vNextHelp" tried to unregister but was not registered. @ https://teams.live.com/v2/?tenantId=9188040d-6c67-4c5b-b112-36a304b66dad&loginHint=tamzida.azad@sjinnovation.com:54
[   22416ms] [WARNING] The icon "vNextHome" tried to unregister but was not registered. @ https://teams.live.com/v2/?tenantId=9188040d-6c67-4c5b-b112-36a304b66dad&loginHint=tamzida.azad@sjinnovation.com:54
[   22416ms] [WARNING] The icon "vNextHomePerson" tried to unregister but was not registered. @ https://teams.live.com/v2/?tenantId=9188040d-6c67-4c5b-b112-36a304b66dad&loginHint=tamzida.azad@sjinnovation.com:54
[   22416ms] [WARNING] The icon "vNextIDBadge" tried to unregister but was not registered. @ https://teams.live.com/v2/?tenantId=9188040d-6c67-4c5b-b112-36a304b66dad&loginHint=tamzida.azad@sjinnovation.com:54
[   22416ms] [WARNING] The icon "vNextImportant" tried to unregister but was not registered. @ https://teams.live.com/v2/?tenantId=9188040d-6c67-4c5b-b112-36a304b66dad&loginHint=tamzida.azad@sjinnovation.com:54
[   22416ms] [WARNING] The icon "vNextLaptop" tried to unregister but was not registered. @ https://teams.live.com/v2/?tenantId=9188040d-6c67-4c5b-b112-36a304b66dad&loginHint=tamzida.azad@sjinnovation.com:54
[   22416ms] [WARNING] The icon "vNextLaptopBriefcase" tried to unregister but was not registered. @ https://teams.live.com/v2/?tenantId=9188040d-6c67-4c5b-b112-36a304b66dad&loginHint=tamzida.azad@sjinnovation.com:54
[   22416ms] [WARNING] The icon "vNextLightbulb" tried to unregister but was not registered. @ https://teams.live.com/v2/?tenantId=9188040d-6c67-4c5b-b112-36a304b66dad&loginHint=tamzida.azad@sjinnovation.com:54
[   22416ms] [WARNING] The icon "vNextLightbulbFilament" tried to unregister but was not registered. @ https://teams.live.com/v2/?tenantId=9188040d-6c67-4c5b-b112-36a304b66dad&loginHint=tamzida.azad@sjinnovation.com:54
[   22416ms] [WARNING] The icon "vNextLocalLanguage" tried to unregister but was not registered. @ https://teams.live.com/v2/?tenantId=9188040d-6c67-4c5b-b112-36a304b66dad&loginHint=tamzida.azad@sjinnovation.com:54
[   22416ms] [WARNING] The icon "vNextLocationCheckmark" tried to unregister but was not registered. @ https://teams.live.com/v2/?tenantId=9188040d-6c67-4c5b-b112-36a304b66dad&loginHint=tamzida.azad@sjinnovation.com:54
[   22416ms] [WARNING] The icon "vNextLocationDot" tried to unregister but was not registered. @ https://teams.live.com/v2/?tenantId=9188040d-6c67-4c5b-b112-36a304b66dad&loginHint=tamzida.azad@sjinnovation.com:54
[   22416ms] [WARNING] The icon "vNextLocationRipple" tried to unregister but was not registered. @ https://teams.live.com/v2/?tenantId=9188040d-6c67-4c5b-b112-36a304b66dad&loginHint=tamzida.azad@sjinnovation.com:54
[   22416ms] [WARNING] The icon "vNextLock" tried to unregister but was not registered. @ https://teams.live.com/v2/?tenantId=9188040d-6c67-4c5b-b112-36a304b66dad&loginHint=tamzida.azad@sjinnovation.com:54
[   22416ms] [WARNING] The icon "vNextMapPin" tried to unregister but was not registered. @ https://teams.live.com/v2/?tenantId=9188040d-6c67-4c5b-b112-36a304b66dad&loginHint=tamzida.azad@sjinnovation.com:54
[   22416ms] [WARNING] The icon "vNextMap" tried to unregister but was not registered. @ https://teams.live.com/v2/?tenantId=9188040d-6c67-4c5b-b112-36a304b66dad&loginHint=tamzida.azad@sjinnovation.com:54
[   22416ms] [WARNING] The icon "vNextMicrophone" tried to unregister but was not registered. @ https://teams.live.com/v2/?tenantId=9188040d-6c67-4c5b-b112-36a304b66dad&loginHint=tamzida.azad@sjinnovation.com:54
[   22416ms] [WARNING] The icon "vNextMoney" tried to unregister but was not registered. @ https://teams.live.com/v2/?tenantId=9188040d-6c67-4c5b-b112-36a304b66dad&loginHint=tamzida.azad@sjinnovation.com:54
[   22416ms] [WARNING] The icon "vNextNumberSymbol" tried to unregister but was not registered. @ https://teams.live.com/v2/?tenantId=9188040d-6c67-4c5b-b112-36a304b66dad&loginHint=tamzida.azad@sjinnovation.com:54
[   22416ms] [WARNING] The icon "vNextNumberSymbolSquare" tried to unregister but was not registered. @ https://teams.live.com/v2/?tenantId=9188040d-6c67-4c5b-b112-36a304b66dad&loginHint=tamzida.azad@sjinnovation.com:54
[   22416ms] [WARNING] The icon "vNextOpen" tried to unregister but was not registered. @ https://teams.live.com/v2/?tenantId=9188040d-6c67-4c5b-b112-36a304b66dad&loginHint=tamzida.azad@sjinnovation.com:54
[   22416ms] [WARNING] The icon "vNextPeopleStar" tried to unregister but was not registered. @ https://teams.live.com/v2/?tenantId=9188040d-6c67-4c5b-b112-36a304b66dad&loginHint=tamzida.azad@sjinnovation.com:54
[   22416ms] [WARNING] The icon "vNextPeopleToolbox" tried to unregister but was not registered. @ https://teams.live.com/v2/?tenantId=9188040d-6c67-4c5b-b112-36a304b66dad&loginHint=tamzida.azad@sjinnovation.com:54
[   22417ms] [WARNING] The icon "vNextPersonAdd" tried to unregister but was not registered. @ https://teams.live.com/v2/?tenantId=9188040d-6c67-4c5b-b112-36a304b66dad&loginHint=tamzida.azad@sjinnovation.com:54
[   22417ms] [WARNING] The icon "vNextPersonAvailable" tried to unregister but was not registered. @ https://teams.live.com/v2/?tenantId=9188040d-6c67-4c5b-b112-36a304b66dad&loginHint=tamzida.azad@sjinnovation.com:54
[   22417ms] [WARNING] The icon "vNextPersonBriefcase" tried to unregister but was not registered. @ https://teams.live.com/v2/?tenantId=9188040d-6c67-4c5b-b112-36a304b66dad&loginHint=tamzida.azad@sjinnovation.com:54
[   22417ms] [WARNING] The icon "vNextPersonClock" tried to unregister but was not registered. @ https://teams.live.com/v2/?tenantId=9188040d-6c67-4c5b-b112-36a304b66dad&loginHint=tamzida.azad@sjinnovation.com:54
[   22417ms] [WARNING] The icon "vNextPersonHome" tried to unregister but was not registered. @ https://teams.live.com/v2/?tenantId=9188040d-6c67-4c5b-b112-36a304b66dad&loginHint=tamzida.azad@sjinnovation.com:54
[   22417ms] [WARNING] The icon "vNextPersonStar" tried to unregister but was not registered. @ https://teams.live.com/v2/?tenantId=9188040d-6c67-4c5b-b112-36a304b66dad&loginHint=tamzida.azad@sjinnovation.com:54
[   22417ms] [WARNING] The icon "vNextPersonSwap" tried to unregister but was not registered. @ https://teams.live.com/v2/?tenantId=9188040d-6c67-4c5b-b112-36a304b66dad&loginHint=tamzida.azad@sjinnovation.com:54
[   22417ms] [WARNING] The icon "vNextPersonTag" tried to unregister but was not registered. @ https://teams.live.com/v2/?tenantId=9188040d-6c67-4c5b-b112-36a304b66dad&loginHint=tamzida.azad@sjinnovation.com:54
[   22417ms] [WARNING] The icon "vNextPersonVoice" tried to unregister but was not registered. @ https://teams.live.com/v2/?tenantId=9188040d-6c67-4c5b-b112-36a304b66dad&loginHint=tamzida.azad@sjinnovation.com:54
[   22417ms] [WARNING] The icon "vNextPhoneShake" tried to unregister but was not registered. @ https://teams.live.com/v2/?tenantId=9188040d-6c67-4c5b-b112-36a304b66dad&loginHint=tamzida.azad@sjinnovation.com:54
[   22417ms] [WARNING] The icon "vNextNews" tried to unregister but was not registered. @ https://teams.live.com/v2/?tenantId=9188040d-6c67-4c5b-b112-36a304b66dad&loginHint=tamzida.azad@sjinnovation.com:54
[   22417ms] [WARNING] The icon "vNextPlay" tried to unregister but was not registered. @ https://teams.live.com/v2/?tenantId=9188040d-6c67-4c5b-b112-36a304b66dad&loginHint=tamzida.azad@sjinnovation.com:54
[   22417ms] [WARNING] The icon "vNextPlaybackRate1x" tried to unregister but was not registered. @ https://teams.live.com/v2/?tenantId=9188040d-6c67-4c5b-b112-36a304b66dad&loginHint=tamzida.azad@sjinnovation.com:54
[   22417ms] [WARNING] The icon "vNextPronouns" tried to unregister but was not registered. @ https://teams.live.com/v2/?tenantId=9188040d-6c67-4c5b-b112-36a304b66dad&loginHint=tamzida.azad@sjinnovation.com:54
[   22417ms] [WARNING] The icon "vNextRemoveEvent" tried to unregister but was not registered. @ https://teams.live.com/v2/?tenantId=9188040d-6c67-4c5b-b112-36a304b66dad&loginHint=tamzida.azad@sjinnovation.com:54
[   22417ms] [WARNING] The icon "vNextSettings" tried to unregister but was not registered. @ https://teams.live.com/v2/?tenantId=9188040d-6c67-4c5b-b112-36a304b66dad&loginHint=tamzida.azad@sjinnovation.com:54
[   22417ms] [WARNING] The icon "vNextShieldError" tried to unregister but was not registered. @ https://teams.live.com/v2/?tenantId=9188040d-6c67-4c5b-b112-36a304b66dad&loginHint=tamzida.azad@sjinnovation.com:54
[   22417ms] [WARNING] The icon "vNextShiftsActivity" tried to unregister but was not registered. @ https://teams.live.com/v2/?tenantId=9188040d-6c67-4c5b-b112-36a304b66dad&loginHint=tamzida.azad@sjinnovation.com:54
[   22417ms] [WARNING] The icon "vNextShiftsTeam" tried to unregister but was not registered. @ https://teams.live.com/v2/?tenantId=9188040d-6c67-4c5b-b112-36a304b66dad&loginHint=tamzida.azad@sjinnovation.com:54
[   22417ms] [WARNING] The icon "vNextSingleColumnEdit" tried to unregister but was not registered. @ https://teams.live.com/v2/?tenantId=9188040d-6c67-4c5b-b112-36a304b66dad&loginHint=tamzida.azad@sjinnovation.com:54
[   22418ms] [WARNING] The icon "vNextSlideText" tried to unregister but was not registered. @ https://teams.live.com/v2/?tenantId=9188040d-6c67-4c5b-b112-36a304b66dad&loginHint=tamzida.azad@sjinnovation.com:54
[   22418ms] [WARNING] The icon "vNextSlideTextEdit" tried to unregister but was not registered. @ https://teams.live.com/v2/?tenantId=9188040d-6c67-4c5b-b112-36a304b66dad&loginHint=tamzida.azad@sjinnovation.com:54
[   22418ms] [WARNING] The icon "vNextSlideTextPerson" tried to unregister but was not registered. @ https://teams.live.com/v2/?tenantId=9188040d-6c67-4c5b-b112-36a304b66dad&loginHint=tamzida.azad@sjinnovation.com:54
[   22418ms] [WARNING] The icon "vNextSpace3D" tried to unregister but was not registered. @ https://teams.live.com/v2/?tenantId=9188040d-6c67-4c5b-b112-36a304b66dad&loginHint=tamzida.azad@sjinnovation.com:54
[   22418ms] [WARNING] The icon "vNextSubscribe" tried to unregister but was not registered. @ https://teams.live.com/v2/?tenantId=9188040d-6c67-4c5b-b112-36a304b66dad&loginHint=tamzida.azad@sjinnovation.com:54
[   22418ms] [WARNING] The icon "vNextTag" tried to unregister but was not registered. @ https://teams.live.com/v2/?tenantId=9188040d-6c67-4c5b-b112-36a304b66dad&loginHint=tamzida.azad@sjinnovation.com:54
[   22418ms] [WARNING] The icon "vNextTaskListSquarePerson" tried to unregister but was not registered. @ https://teams.live.com/v2/?tenantId=9188040d-6c67-4c5b-b112-36a304b66dad&loginHint=tamzida.azad@sjinnovation.com:54
[   22418ms] [WARNING] The icon "vNextTextBulletList" tried to unregister but was not registered. @ https://teams.live.com/v2/?tenantId=9188040d-6c67-4c5b-b112-36a304b66dad&loginHint=tamzida.azad@sjinnovation.com:54
[   22418ms] [WARNING] The icon "vNextThumbLike" tried to unregister but was not registered. @ https://teams.live.com/v2/?tenantId=9188040d-6c67-4c5b-b112-36a304b66dad&loginHint=tamzida.azad@sjinnovation.com:54
[   22418ms] [WARNING] The icon "vNextThumbDislike" tried to unregister but was not registered. @ https://teams.live.com/v2/?tenantId=9188040d-6c67-4c5b-b112-36a304b66dad&loginHint=tamzida.azad@sjinnovation.com:54
[   22418ms] [WARNING] The icon "vNextUnsubscribe" tried to unregister but was not registered. @ https://teams.live.com/v2/?tenantId=9188040d-6c67-4c5b-b112-36a304b66dad&loginHint=tamzida.azad@sjinnovation.com:54
[   22418ms] [WARNING] The icon "vNextVideoAdd" tried to unregister but was not registered. @ https://teams.live.com/v2/?tenantId=9188040d-6c67-4c5b-b112-36a304b66dad&loginHint=tamzida.azad@sjinnovation.com:54
[   22418ms] [WARNING] The icon "vNextVideoPeople" tried to unregister but was not registered. @ https://teams.live.com/v2/?tenantId=9188040d-6c67-4c5b-b112-36a304b66dad&loginHint=tamzida.azad@sjinnovation.com:54
[   22418ms] [WARNING] The icon "vNextWarning" tried to unregister but was not registered. @ https://teams.live.com/v2/?tenantId=9188040d-6c67-4c5b-b112-36a304b66dad&loginHint=tamzida.azad@sjinnovation.com:54
[   22418ms] [WARNING] The icon "vNextWork" tried to unregister but was not registered. @ https://teams.live.com/v2/?tenantId=9188040d-6c67-4c5b-b112-36a304b66dad&loginHint=tamzida.azad@sjinnovation.com:54
[   22418ms] [WARNING] The icon "VivaSalesLogo16Color" tried to unregister but was not registered. @ https://teams.live.com/v2/?tenantId=9188040d-6c67-4c5b-b112-36a304b66dad&loginHint=tamzida.azad@sjinnovation.com:54
[   22418ms] [WARNING] The icon "VivaSalesLogo16MonoFilled" tried to unregister but was not registered. @ https://teams.live.com/v2/?tenantId=9188040d-6c67-4c5b-b112-36a304b66dad&loginHint=tamzida.azad@sjinnovation.com:54
[   22418ms] [WARNING] The icon "VivaSalesLogo48Color" tried to unregister but was not registered. @ https://teams.live.com/v2/?tenantId=9188040d-6c67-4c5b-b112-36a304b66dad&loginHint=tamzida.azad@sjinnovation.com:54
[   22418ms] [WARNING] The icon "vNextSkypeCircleCheck" tried to unregister but was not registered. @ https://teams.live.com/v2/?tenantId=9188040d-6c67-4c5b-b112-36a304b66dad&loginHint=tamzida.azad@sjinnovation.com:54
[   22418ms] [WARNING] The icon "vNextPresenceAvailableOof" tried to unregister but was not registered. @ https://teams.live.com/v2/?tenantId=9188040d-6c67-4c5b-b112-36a304b66dad&loginHint=tamzida.azad@sjinnovation.com:54
[   22419ms] [WARNING] The icon "vNextSkypeCircleClock" tried to unregister but was not registered. @ https://teams.live.com/v2/?tenantId=9188040d-6c67-4c5b-b112-36a304b66dad&loginHint=tamzida.azad@sjinnovation.com:54
[   22419ms] [WARNING] The icon "vNextPresenceBlocked" tried to unregister but was not registered. @ https://teams.live.com/v2/?tenantId=9188040d-6c67-4c5b-b112-36a304b66dad&loginHint=tamzida.azad@sjinnovation.com:54
[   22419ms] [WARNING] The icon "vNextCircleShapeSolid" tried to unregister but was not registered. @ https://teams.live.com/v2/?tenantId=9188040d-6c67-4c5b-b112-36a304b66dad&loginHint=tamzida.azad@sjinnovation.com:54
[   22419ms] [WARNING] The icon "vNextPresenceBusyOof" tried to unregister but was not registered. @ https://teams.live.com/v2/?tenantId=9188040d-6c67-4c5b-b112-36a304b66dad&loginHint=tamzida.azad@sjinnovation.com:54
[   22419ms] [WARNING] The icon "vNextSkypeCircleMinus" tried to unregister but was not registered. @ https://teams.live.com/v2/?tenantId=9188040d-6c67-4c5b-b112-36a304b66dad&loginHint=tamzida.azad@sjinnovation.com:54
[   22419ms] [WARNING] The icon "vNextPresenceDndOof" tried to unregister but was not registered. @ https://teams.live.com/v2/?tenantId=9188040d-6c67-4c5b-b112-36a304b66dad&loginHint=tamzida.azad@sjinnovation.com:54
[   22419ms] [WARNING] The icon "vNextCircleRing" tried to unregister but was not registered. @ https://teams.live.com/v2/?tenantId=9188040d-6c67-4c5b-b112-36a304b66dad&loginHint=tamzida.azad@sjinnovation.com:54
[   22419ms] [WARNING] The icon "vNextPresenceOof" tried to unregister but was not registered. @ https://teams.live.com/v2/?tenantId=9188040d-6c67-4c5b-b112-36a304b66dad&loginHint=tamzida.azad@sjinnovation.com:54
[   22419ms] [WARNING] The icon "vNextPresenceUnknown" tried to unregister but was not registered. @ https://teams.live.com/v2/?tenantId=9188040d-6c67-4c5b-b112-36a304b66dad&loginHint=tamzida.azad@sjinnovation.com:54
[   22419ms] [WARNING] The icon "SkypeCheck" tried to unregister but was not registered. @ https://teams.live.com/v2/?tenantId=9188040d-6c67-4c5b-b112-36a304b66dad&loginHint=tamzida.azad@sjinnovation.com:54
[   22419ms] [WARNING] The icon "SkypeClock" tried to unregister but was not registered. @ https://teams.live.com/v2/?tenantId=9188040d-6c67-4c5b-b112-36a304b66dad&loginHint=tamzida.azad@sjinnovation.com:54
[   22419ms] [WARNING] The icon "SkypeMinus" tried to unregister but was not registered. @ https://teams.live.com/v2/?tenantId=9188040d-6c67-4c5b-b112-36a304b66dad&loginHint=tamzida.azad@sjinnovation.com:54
[   22419ms] [WARNING] The icon "SkypeArrow" tried to unregister but was not registered. @ https://teams.live.com/v2/?tenantId=9188040d-6c67-4c5b-b112-36a304b66dad&loginHint=tamzida.azad@sjinnovation.com:54
[   22421ms] [WARNING] The icon "vNextContactCard" tried to unregister but was not registered. @ https://teams.live.com/v2/?tenantId=9188040d-6c67-4c5b-b112-36a304b66dad&loginHint=tamzida.azad@sjinnovation.com:54
[   22421ms] [WARNING] The icon "vNextOpen" tried to unregister but was not registered. @ https://teams.live.com/v2/?tenantId=9188040d-6c67-4c5b-b112-36a304b66dad&loginHint=tamzida.azad@sjinnovation.com:54
[   23750ms] [INFO] Compiling or instantiating a WebAssembly module violates the following Content Security policy directive because 'unsafe-eval' is not an allowed source of script: "script-src 'nonce-lXZCTs90z8spBI+ZWBtF1A==' 'report-sample' https://tflteams.public.onecdn.static.microsoft local.teams.microsoft.invalid accounts.google.com/gsi/client res-1.cdn.office.net res.cdn.office.net res-2.cdn.office.net res-sdf.cdn.office.net res-1-sdf.cdn.office.net c1-powerpoint-15.cdn.office.net c4-powerpoint-15.cdn.office.net c5-powerpoint-15.cdn.office.net". The policy is report-only, so the violation has been logged but no further action has been taken. @ https://tflteams.public.onecdn.static.microsoft/teams-modular-packages/hashed-assets/calling-webcv-b34af770df634a19.js:0
[   23771ms] [LOG] ECS - Config fetch complete @ https://teams.live.com/v2/?tenantId=9188040d-6c67-4c5b-b112-36a304b66dad&loginHint=tamzida.azad@sjinnovation.com:54
[   24424ms] [WARNING] Some icons were re-registered. Applications should only call registerIcons for any given icon once. Redefining what an icon is may have unintended consequences. Duplicates include: 
vNextContactCard, vNextOpen, vNextContactCard, vNextOpen @ https://teams.live.com/v2/?tenantId=9188040d-6c67-4c5b-b112-36a304b66dad&loginHint=tamzida.azad@sjinnovation.com:54
[   25242ms] [WARNING] getSerializedKeyForKeypath returned undefined key in InMemoryIndex for table: profiles, with index: email @ https://tflteams.public.onecdn.static.microsoft/teams-modular-packages/hashed-assets/precompiled-web-worker-inner~f-eebc7dc95bcd3d1c.worker.js:43
[   25243ms] [WARNING] getSerializedKeyForKeypath returned undefined key in InMemoryIndex for table: profiles, with index: email @ https://tflteams.public.onecdn.static.microsoft/teams-modular-packages/hashed-assets/precompiled-web-worker-inner~f-eebc7dc95bcd3d1c.worker.js:43
[   25243ms] [WARNING] getSerializedKeyForKeypath returned undefined key in InMemoryIndex for table: profiles, with index: email @ https://tflteams.public.onecdn.static.microsoft/teams-modular-packages/hashed-assets/precompiled-web-worker-inner~f-eebc7dc95bcd3d1c.worker.js:43
[   25243ms] [WARNING] getSerializedKeyForKeypath returned undefined key in InMemoryIndex for table: profiles, with index: email @ https://tflteams.public.onecdn.static.microsoft/teams-modular-packages/hashed-assets/precompiled-web-worker-inner~f-eebc7dc95bcd3d1c.worker.js:43
[   25243ms] [WARNING] getSerializedKeyForKeypath returned undefined key in InMemoryIndex for table: profiles, with index: email @ https://tflteams.public.onecdn.static.microsoft/teams-modular-packages/hashed-assets/precompiled-web-worker-inner~f-eebc7dc95bcd3d1c.worker.js:43
[   25243ms] [WARNING] getSerializedKeyForKeypath returned undefined key in InMemoryIndex for table: profiles, with index: email @ https://tflteams.public.onecdn.static.microsoft/teams-modular-packages/hashed-assets/precompiled-web-worker-inner~f-eebc7dc95bcd3d1c.worker.js:43
[   25243ms] [WARNING] getSerializedKeyForKeypath returned undefined key in InMemoryIndex for table: profiles, with index: email @ https://tflteams.public.onecdn.static.microsoft/teams-modular-packages/hashed-assets/precompiled-web-worker-inner~f-eebc7dc95bcd3d1c.worker.js:43
[   25243ms] [WARNING] getSerializedKeyForKeypath returned undefined key in InMemoryIndex for table: profiles, with index: email @ https://tflteams.public.onecdn.static.microsoft/teams-modular-packages/hashed-assets/precompiled-web-worker-inner~f-eebc7dc95bcd3d1c.worker.js:43
[   25243ms] [WARNING] getSerializedKeyForKeypath returned undefined key in InMemoryIndex for table: profiles, with index: email @ https://tflteams.public.onecdn.static.microsoft/teams-modular-packages/hashed-assets/precompiled-web-worker-inner~f-eebc7dc95bcd3d1c.worker.js:43
[   25243ms] [WARNING] getSerializedKeyForKeypath returned undefined key in InMemoryIndex for table: profiles, with index: email @ https://tflteams.public.onecdn.static.microsoft/teams-modular-packages/hashed-assets/precompiled-web-worker-inner~f-eebc7dc95bcd3d1c.worker.js:43
[   25243ms] [WARNING] getSerializedKeyForKeypath returned undefined key in InMemoryIndex for table: profiles, with index: email @ https://tflteams.public.onecdn.static.microsoft/teams-modular-packages/hashed-assets/precompiled-web-worker-inner~f-eebc7dc95bcd3d1c.worker.js:43
[   25243ms] [WARNING] getSerializedKeyForKeypath returned undefined key in InMemoryIndex for table: profiles, with index: email @ https://tflteams.public.onecdn.static.microsoft/teams-modular-packages/hashed-assets/precompiled-web-worker-inner~f-eebc7dc95bcd3d1c.worker.js:43
[   25243ms] [WARNING] getSerializedKeyForKeypath returned undefined key in InMemoryIndex for table: profiles, with index: email @ https://tflteams.public.onecdn.static.microsoft/teams-modular-packages/hashed-assets/precompiled-web-worker-inner~f-eebc7dc95bcd3d1c.worker.js:43
[   25243ms] [WARNING] getSerializedKeyForKeypath returned undefined key in InMemoryIndex for table: profiles, with index: email @ https://tflteams.public.onecdn.static.microsoft/teams-modular-packages/hashed-assets/precompiled-web-worker-inner~f-eebc7dc95bcd3d1c.worker.js:43
[   25243ms] [WARNING] getSerializedKeyForKeypath returned undefined key in InMemoryIndex for table: profiles, with index: email @ https://tflteams.public.onecdn.static.microsoft/teams-modular-packages/hashed-assets/precompiled-web-worker-inner~f-eebc7dc95bcd3d1c.worker.js:43
[   25244ms] [WARNING] getSerializedKeyForKeypath returned undefined key in InMemoryIndex for table: profiles, with index: email @ https://tflteams.public.onecdn.static.microsoft/teams-modular-packages/hashed-assets/precompiled-web-worker-inner~f-eebc7dc95bcd3d1c.worker.js:43
[   25244ms] [WARNING] getSerializedKeyForKeypath returned undefined key in InMemoryIndex for table: profiles, with index: email @ https://tflteams.public.onecdn.static.microsoft/teams-modular-packages/hashed-assets/precompiled-web-worker-inner~f-eebc7dc95bcd3d1c.worker.js:43
[   25244ms] [WARNING] getSerializedKeyForKeypath returned undefined key in InMemoryIndex for table: profiles, with index: email @ https://tflteams.public.onecdn.static.microsoft/teams-modular-packages/hashed-assets/precompiled-web-worker-inner~f-eebc7dc95bcd3d1c.worker.js:43
[   25244ms] [WARNING] getSerializedKeyForKeypath returned undefined key in InMemoryIndex for table: profiles, with index: email @ https://tflteams.public.onecdn.static.microsoft/teams-modular-packages/hashed-assets/precompiled-web-worker-inner~f-eebc7dc95bcd3d1c.worker.js:43
[   25244ms] [WARNING] getSerializedKeyForKeypath returned undefined key in InMemoryIndex for table: profiles, with index: email @ https://tflteams.public.onecdn.static.microsoft/teams-modular-packages/hashed-assets/precompiled-web-worker-inner~f-eebc7dc95bcd3d1c.worker.js:43
[   25244ms] [WARNING] getSerializedKeyForKeypath returned undefined key in InMemoryIndex for table: profiles, with index: email @ https://tflteams.public.onecdn.static.microsoft/teams-modular-packages/hashed-assets/precompiled-web-worker-inner~f-eebc7dc95bcd3d1c.worker.js:43
[   25244ms] [WARNING] getSerializedKeyForKeypath returned undefined key in InMemoryIndex for table: profiles, with index: email @ https://tflteams.public.onecdn.static.microsoft/teams-modular-packages/hashed-assets/precompiled-web-worker-inner~f-eebc7dc95bcd3d1c.worker.js:43
[   25244ms] [WARNING] getSerializedKeyForKeypath returned undefined key in InMemoryIndex for table: profiles, with index: email @ https://tflteams.public.onecdn.static.microsoft/teams-modular-packages/hashed-assets/precompiled-web-worker-inner~f-eebc7dc95bcd3d1c.worker.js:43
[   25244ms] [WARNING] getSerializedKeyForKeypath returned undefined key in InMemoryIndex for table: profiles, with index: email @ https://tflteams.public.onecdn.static.microsoft/teams-modular-packages/hashed-assets/precompiled-web-worker-inner~f-eebc7dc95bcd3d1c.worker.js:43
[   25244ms] [WARNING] getSerializedKeyForKeypath returned undefined key in InMemoryIndex for table: profiles, with index: email @ https://tflteams.public.onecdn.static.microsoft/teams-modular-packages/hashed-assets/precompiled-web-worker-inner~f-eebc7dc95bcd3d1c.worker.js:43
[   25244ms] [WARNING] getSerializedKeyForKeypath returned undefined key in InMemoryIndex for table: profiles, with index: email @ https://tflteams.public.onecdn.static.microsoft/teams-modular-packages/hashed-assets/precompiled-web-worker-inner~f-eebc7dc95bcd3d1c.worker.js:43
[   25244ms] [WARNING] getSerializedKeyForKeypath returned undefined key in InMemoryIndex for table: profiles, with index: email @ https://tflteams.public.onecdn.static.microsoft/teams-modular-packages/hashed-assets/precompiled-web-worker-inner~f-eebc7dc95bcd3d1c.worker.js:43
[   25244ms] [WARNING] getSerializedKeyForKeypath returned undefined key in InMemoryIndex for table: profiles, with index: email @ https://tflteams.public.onecdn.static.microsoft/teams-modular-packages/hashed-assets/precompiled-web-worker-inner~f-eebc7dc95bcd3d1c.worker.js:43
[   25245ms] [WARNING] getSerializedKeyForKeypath returned undefined key in InMemoryIndex for table: profiles, with index: email @ https://tflteams.public.onecdn.static.microsoft/teams-modular-packages/hashed-assets/precompiled-web-worker-inner~f-eebc7dc95bcd3d1c.worker.js:43
[   25245ms] [WARNING] getSerializedKeyForKeypath returned undefined key in InMemoryIndex for table: profiles, with index: email @ https://tflteams.public.onecdn.static.microsoft/teams-modular-packages/hashed-assets/precompiled-web-worker-inner~f-eebc7dc95bcd3d1c.worker.js:43
[   25245ms] [WARNING] getSerializedKeyForKeypath returned undefined key in InMemoryIndex for table: profiles, with index: email @ https://tflteams.public.onecdn.static.microsoft/teams-modular-packages/hashed-assets/precompiled-web-worker-inner~f-eebc7dc95bcd3d1c.worker.js:43
[   25245ms] [WARNING] getSerializedKeyForKeypath returned undefined key in InMemoryIndex for table: profiles, with index: email @ https://tflteams.public.onecdn.static.microsoft/teams-modular-packages/hashed-assets/precompiled-web-worker-inner~f-eebc7dc95bcd3d1c.worker.js:43
[   25245ms] [WARNING] getSerializedKeyForKeypath returned undefined key in InMemoryIndex for table: profiles, with index: email @ https://tflteams.public.onecdn.static.microsoft/teams-modular-packages/hashed-assets/precompiled-web-worker-inner~f-eebc7dc95bcd3d1c.worker.js:43
[   25245ms] [WARNING] getSerializedKeyForKeypath returned undefined key in InMemoryIndex for table: profiles, with index: email @ https://tflteams.public.onecdn.static.microsoft/teams-modular-packages/hashed-assets/precompiled-web-worker-inner~f-eebc7dc95bcd3d1c.worker.js:43
[   25245ms] [WARNING] getSerializedKeyForKeypath returned undefined key in InMemoryIndex for table: profiles, with index: email @ https://tflteams.public.onecdn.static.microsoft/teams-modular-packages/hashed-assets/precompiled-web-worker-inner~f-eebc7dc95bcd3d1c.worker.js:43
[   25245ms] [WARNING] getSerializedKeyForKeypath returned undefined key in InMemoryIndex for table: profiles, with index: email @ https://tflteams.public.onecdn.static.microsoft/teams-modular-packages/hashed-assets/precompiled-web-worker-inner~f-eebc7dc95bcd3d1c.worker.js:43
[   25245ms] [WARNING] getSerializedKeyForKeypath returned undefined key in InMemoryIndex for table: profiles, with index: email @ https://tflteams.public.onecdn.static.microsoft/teams-modular-packages/hashed-assets/precompiled-web-worker-inner~f-eebc7dc95bcd3d1c.worker.js:43
[   25245ms] [WARNING] getSerializedKeyForKeypath returned undefined key in InMemoryIndex for table: profiles, with index: email @ https://tflteams.public.onecdn.static.microsoft/teams-modular-packages/hashed-assets/precompiled-web-worker-inner~f-eebc7dc95bcd3d1c.worker.js:43
[   25245ms] [WARNING] getSerializedKeyForKeypath returned undefined key in InMemoryIndex for table: profiles, with index: email @ https://tflteams.public.onecdn.static.microsoft/teams-modular-packages/hashed-assets/precompiled-web-worker-inner~f-eebc7dc95bcd3d1c.worker.js:43
[   25245ms] [WARNING] getSerializedKeyForKeypath returned undefined key in InMemoryIndex for table: profiles, with index: email @ https://tflteams.public.onecdn.static.microsoft/teams-modular-packages/hashed-assets/precompiled-web-worker-inner~f-eebc7dc95bcd3d1c.worker.js:43
[   25245ms] [WARNING] getSerializedKeyForKeypath returned undefined key in InMemoryIndex for table: profiles, with index: email @ https://tflteams.public.onecdn.static.microsoft/teams-modular-packages/hashed-assets/precompiled-web-worker-inner~f-eebc7dc95bcd3d1c.worker.js:43
[   25246ms] [WARNING] getSerializedKeyForKeypath returned undefined key in InMemoryIndex for table: profiles, with index: email @ https://tflteams.public.onecdn.static.microsoft/teams-modular-packages/hashed-assets/precompiled-web-worker-inner~f-eebc7dc95bcd3d1c.worker.js:43
[   25246ms] [WARNING] getSerializedKeyForKeypath returned undefined key in InMemoryIndex for table: profiles, with index: email @ https://tflteams.public.onecdn.static.microsoft/teams-modular-packages/hashed-assets/precompiled-web-worker-inner~f-eebc7dc95bcd3d1c.worker.js:43
[   25246ms] [WARNING] getSerializedKeyForKeypath returned undefined key in InMemoryIndex for table: profiles, with index: email @ https://tflteams.public.onecdn.static.microsoft/teams-modular-packages/hashed-assets/precompiled-web-worker-inner~f-eebc7dc95bcd3d1c.worker.js:43
[   25246ms] [WARNING] getSerializedKeyForKeypath returned undefined key in InMemoryIndex for table: profiles, with index: email @ https://tflteams.public.onecdn.static.microsoft/teams-modular-packages/hashed-assets/precompiled-web-worker-inner~f-eebc7dc95bcd3d1c.worker.js:43
[   25246ms] [WARNING] getSerializedKeyForKeypath returned undefined key in InMemoryIndex for table: profiles, with index: email @ https://tflteams.public.onecdn.static.microsoft/teams-modular-packages/hashed-assets/precompiled-web-worker-inner~f-eebc7dc95bcd3d1c.worker.js:43
[   25246ms] [WARNING] getSerializedKeyForKeypath returned undefined key in InMemoryIndex for table: profiles, with index: email @ https://tflteams.public.onecdn.static.microsoft/teams-modular-packages/hashed-assets/precompiled-web-worker-inner~f-eebc7dc95bcd3d1c.worker.js:43
[   25246ms] [WARNING] getSerializedKeyForKeypath returned undefined key in InMemoryIndex for table: profiles, with index: email @ https://tflteams.public.onecdn.static.microsoft/teams-modular-packages/hashed-assets/precompiled-web-worker-inner~f-eebc7dc95bcd3d1c.worker.js:43
[   25246ms] [WARNING] getSerializedKeyForKeypath returned undefined key in InMemoryIndex for table: profiles, with index: email @ https://tflteams.public.onecdn.static.microsoft/teams-modular-packages/hashed-assets/precompiled-web-worker-inner~f-eebc7dc95bcd3d1c.worker.js:43
[   25246ms] [WARNING] getSerializedKeyForKeypath returned undefined key in InMemoryIndex for table: profiles, with index: email @ https://tflteams.public.onecdn.static.microsoft/teams-modular-packages/hashed-assets/precompiled-web-worker-inner~f-eebc7dc95bcd3d1c.worker.js:43
[   25246ms] [WARNING] getSerializedKeyForKeypath returned undefined key in InMemoryIndex for table: profiles, with index: email @ https://tflteams.public.onecdn.static.microsoft/teams-modular-packages/hashed-assets/precompiled-web-worker-inner~f-eebc7dc95bcd3d1c.worker.js:43
[   25366ms] [WARNING] getSerializedKeyForKeypath returned undefined key in InMemoryIndex for table: profiles, with index: email @ https://tflteams.public.onecdn.static.microsoft/teams-modular-packages/hashed-assets/precompiled-web-worker-inner~f-eebc7dc95bcd3d1c.worker.js:43
[   25366ms] [WARNING] getSerializedKeyForKeypath returned undefined key in InMemoryIndex for table: profiles, with index: email @ https://tflteams.public.onecdn.static.microsoft/teams-modular-packages/hashed-assets/precompiled-web-worker-inner~f-eebc7dc95bcd3d1c.worker.js:43
[   25366ms] [WARNING] getSerializedKeyForKeypath returned undefined key in InMemoryIndex for table: profiles, with index: email @ https://tflteams.public.onecdn.static.microsoft/teams-modular-packages/hashed-assets/precompiled-web-worker-inner~f-eebc7dc95bcd3d1c.worker.js:43
[   25366ms] [WARNING] getSerializedKeyForKeypath returned undefined key in InMemoryIndex for table: profiles, with index: email @ https://tflteams.public.onecdn.static.microsoft/teams-modular-packages/hashed-assets/precompiled-web-worker-inner~f-eebc7dc95bcd3d1c.worker.js:43
[   25378ms] [LOG] [floodgate] Floodgate module loaded @ https://teams.live.com/v2/?tenantId=9188040d-6c67-4c5b-b112-36a304b66dad&loginHint=tamzida.azad@sjinnovation.com:54
[   25825ms] [WARNING] getSerializedKeyForKeypath returned undefined key in InMemoryIndex for table: profiles, with index: email @ https://tflteams.public.onecdn.static.microsoft/teams-modular-packages/hashed-assets/precompiled-web-worker-inner~f-eebc7dc95bcd3d1c.worker.js:43
[   25825ms] [WARNING] getSerializedKeyForKeypath returned undefined key in InMemoryIndex for table: profiles, with index: email @ https://tflteams.public.onecdn.static.microsoft/teams-modular-packages/hashed-assets/precompiled-web-worker-inner~f-eebc7dc95bcd3d1c.worker.js:43
[   25825ms] [WARNING] getSerializedKeyForKeypath returned undefined key in InMemoryIndex for table: profiles, with index: email @ https://tflteams.public.onecdn.static.microsoft/teams-modular-packages/hashed-assets/precompiled-web-worker-inner~f-eebc7dc95bcd3d1c.worker.js:43
[   25825ms] [WARNING] getSerializedKeyForKeypath returned undefined key in InMemoryIndex for table: profiles, with index: email @ https://tflteams.public.onecdn.static.microsoft/teams-modular-packages/hashed-assets/precompiled-web-worker-inner~f-eebc7dc95bcd3d1c.worker.js:43
[   25848ms] [WARNING] getSerializedKeyForKeypath returned undefined key in InMemoryIndex for table: profiles, with index: email @ https://tflteams.public.onecdn.static.microsoft/teams-modular-packages/hashed-assets/precompiled-web-worker-inner~f-eebc7dc95bcd3d1c.worker.js:43
[   26228ms] [WARNING] getSerializedKeyForKeypath returned undefined key in InMemoryIndex for table: profiles, with index: email @ https://tflteams.public.onecdn.static.microsoft/teams-modular-packages/hashed-assets/precompiled-web-worker-inner~f-eebc7dc95bcd3d1c.worker.js:43
[   26228ms] [WARNING] getSerializedKeyForKeypath returned undefined key in InMemoryIndex for table: profiles, with index: email @ https://tflteams.public.onecdn.static.microsoft/teams-modular-packages/hashed-assets/precompiled-web-worker-inner~f-eebc7dc95bcd3d1c.worker.js:43
[   26228ms] [WARNING] getSerializedKeyForKeypath returned undefined key in InMemoryIndex for table: profiles, with index: email @ https://tflteams.public.onecdn.static.microsoft/teams-modular-packages/hashed-assets/precompiled-web-worker-inner~f-eebc7dc95bcd3d1c.worker.js:43
[   26228ms] [WARNING] getSerializedKeyForKeypath returned undefined key in InMemoryIndex for table: profiles, with index: email @ https://tflteams.public.onecdn.static.microsoft/teams-modular-packages/hashed-assets/precompiled-web-worker-inner~f-eebc7dc95bcd3d1c.worker.js:43
[   26796ms] [WARNING] getSerializedKeyForKeypath returned undefined key in InMemoryIndex for table: profiles, with index: email @ https://tflteams.public.onecdn.static.microsoft/teams-modular-packages/hashed-assets/precompiled-web-worker-inner~f-eebc7dc95bcd3d1c.worker.js:43
[   26796ms] [WARNING] getSerializedKeyForKeypath returned undefined key in InMemoryIndex for table: profiles, with index: email @ https://tflteams.public.onecdn.static.microsoft/teams-modular-packages/hashed-assets/precompiled-web-worker-inner~f-eebc7dc95bcd3d1c.worker.js:43
[   26796ms] [WARNING] getSerializedKeyForKeypath returned undefined key in InMemoryIndex for table: profiles, with index: email @ https://tflteams.public.onecdn.static.microsoft/teams-modular-packages/hashed-assets/precompiled-web-worker-inner~f-eebc7dc95bcd3d1c.worker.js:43
[   26797ms] [WARNING] getSerializedKeyForKeypath returned undefined key in InMemoryIndex for table: profiles, with index: email @ https://tflteams.public.onecdn.static.microsoft/teams-modular-packages/hashed-assets/precompiled-web-worker-inner~f-eebc7dc95bcd3d1c.worker.js:43
[   27381ms] [WARNING] Some icons were re-registered. Applications should only call registerIcons for any given icon once. Redefining what an icon is may have unintended consequences. Duplicates include: 
SkypeCheck, SkypeClock, SkypeMinus, SkypeArrow @ https://teams.live.com/v2/?tenantId=9188040d-6c67-4c5b-b112-36a304b66dad&loginHint=tamzida.azad@sjinnovation.com:54
[   30679ms] [WARNING] The resource https://tflteams.public.onecdn.static.microsoft/teams-modular-packages/hashed-assets/496830-b9bc15da63f131f0.js was preloaded using link preload but not used within a few seconds from the window's load event. Please make sure it has an appropriate `as` value and it is preloaded intentionally. @ https://teams.live.com/v2/:0
[   30679ms] [WARNING] The resource https://tflteams.public.onecdn.static.microsoft/teams-modular-packages/hashed-assets/638055-8639409976087493.js was preloaded using link preload but not used within a few seconds from the window's load event. Please make sure it has an appropriate `as` value and it is preloaded intentionally. @ https://teams.live.com/v2/:0
[   30679ms] [WARNING] The resource https://tflteams.public.onecdn.static.microsoft/teams-modular-packages/hashed-assets/435678-d1bdf03cb0afb625.js was preloaded using link preload but not used within a few seconds from the window's load event. Please make sure it has an appropriate `as` value and it is preloaded intentionally. @ https://teams.live.com/v2/:0
[   30679ms] [WARNING] The resource https://tflteams.public.onecdn.static.microsoft/teams-modular-packages/hashed-assets/234995-0c3f3235fc6b66bd.js was preloaded using link preload but not used within a few seconds from the window's load event. Please make sure it has an appropriate `as` value and it is preloaded intentionally. @ https://teams.live.com/v2/:0
[   30679ms] [WARNING] The resource https://tflteams.public.onecdn.static.microsoft/teams-modular-packages/hashed-assets/341350-43f8cb4c1df179e4.js was preloaded using link preload but not used within a few seconds from the window's load event. Please make sure it has an appropriate `as` value and it is preloaded intentionally. @ https://teams.live.com/v2/:0
[   30679ms] [WARNING] The resource https://tflteams.public.onecdn.static.microsoft/teams-modular-packages/hashed-assets/integrities-ee314ca94868d28c4db2.js was preloaded using link preload but not used within a few seconds from the window's load event. Please make sure it has an appropriate `as` value and it is preloaded intentionally. @ https://teams.live.com/v2/:0
[   30679ms] [WARNING] The resource https://tflteams.public.onecdn.static.microsoft/teams-modular-packages/hashed-assets/griffel-35c4b6c6ca9f299f.css was preloaded using link preload but not used within a few seconds from the window's load event. Please make sure it has an appropriate `as` value and it is preloaded intentionally. @ https://teams.live.com/v2/:0
[   30679ms] [WARNING] The resource https://tflteams.public.onecdn.static.microsoft/teams-modular-packages/hashed-assets/462748-07d8fb6516d15b3a.js was preloaded using link preload but not used within a few seconds from the window's load event. Please make sure it has an appropriate `as` value and it is preloaded intentionally. @ https://teams.live.com/v2/:0
[   30679ms] [WARNING] The resource https://tflteams.public.onecdn.static.microsoft/teams-modular-packages/hashed-assets/54365-bfef35ea66ac127d.js was preloaded using link preload but not used within a few seconds from the window's load event. Please make sure it has an appropriate `as` value and it is preloaded intentionally. @ https://teams.live.com/v2/:0
[   30679ms] [WARNING] The resource https://tflteams.public.onecdn.static.microsoft/teams-modular-packages/hashed-assets/376190-643ba6bb5012b8c2.js was preloaded using link preload but not used within a few seconds from the window's load event. Please make sure it has an appropriate `as` value and it is preloaded intentionally. @ https://teams.live.com/v2/:0
[   30679ms] [WARNING] The resource https://tflteams.public.onecdn.static.microsoft/teams-modular-packages/hashed-assets/249566-274523e882e43004.js was preloaded using link preload but not used within a few seconds from the window's load event. Please make sure it has an appropriate `as` value and it is preloaded intentionally. @ https://teams.live.com/v2/:0
[   30679ms] [WARNING] The resource https://tflteams.public.onecdn.static.microsoft/teams-modular-packages/hashed-assets/main-bf92f430a18ec91b.js was preloaded using link preload but not used within a few seconds from the window's load event. Please make sure it has an appropriate `as` value and it is preloaded intentionally. @ https://teams.live.com/v2/:0
[   30679ms] [WARNING] The resource https://tflteams.public.onecdn.static.microsoft/teams-modular-packages/hashed-assets/runtime-52e013a359f54ff5.js was preloaded using link preload but not used within a few seconds from the window's load event. Please make sure it has an appropriate `as` value and it is preloaded intentionally. @ https://teams.live.com/v2/:0
[   30679ms] [WARNING] The resource https://tflteams.public.onecdn.static.microsoft/teams-modular-packages/hashed-assets/158884-70f571c7e70b86a5.js was preloaded using link preload but not used within a few seconds from the window's load event. Please make sure it has an appropriate `as` value and it is preloaded intentionally. @ https://teams.live.com/v2/:0
[   33217ms] [WARNING] getSerializedKeyForKeypath returned undefined key in InMemoryIndex for table: profiles, with index: email @ https://tflteams.public.onecdn.static.microsoft/teams-modular-packages/hashed-assets/precompiled-web-worker-inner~f-eebc7dc95bcd3d1c.worker.js:43
[   33218ms] [WARNING] getSerializedKeyForKeypath returned undefined key in InMemoryIndex for table: profiles, with index: email @ https://tflteams.public.onecdn.static.microsoft/teams-modular-packages/hashed-assets/precompiled-web-worker-inner~f-eebc7dc95bcd3d1c.worker.js:43
[   33218ms] [WARNING] getSerializedKeyForKeypath returned undefined key in InMemoryIndex for table: profiles, with index: email @ https://tflteams.public.onecdn.static.microsoft/teams-modular-packages/hashed-assets/precompiled-web-worker-inner~f-eebc7dc95bcd3d1c.worker.js:43
[   33218ms] [WARNING] getSerializedKeyForKeypath returned undefined key in InMemoryIndex for table: profiles, with index: email @ https://tflteams.public.onecdn.static.microsoft/teams-modular-packages/hashed-assets/precompiled-web-worker-inner~f-eebc7dc95bcd3d1c.worker.js:43
[   33218ms] [WARNING] getSerializedKeyForKeypath returned undefined key in InMemoryIndex for table: profiles, with index: email @ https://tflteams.public.onecdn.static.microsoft/teams-modular-packages/hashed-assets/precompiled-web-worker-inner~f-eebc7dc95bcd3d1c.worker.js:43
[   33218ms] [WARNING] getSerializedKeyForKeypath returned undefined key in InMemoryIndex for table: profiles, with index: email @ https://tflteams.public.onecdn.static.microsoft/teams-modular-packages/hashed-assets/precompiled-web-worker-inner~f-eebc7dc95bcd3d1c.worker.js:43
[   33218ms] [WARNING] getSerializedKeyForKeypath returned undefined key in InMemoryIndex for table: profiles, with index: email @ https://tflteams.public.onecdn.static.microsoft/teams-modular-packages/hashed-assets/precompiled-web-worker-inner~f-eebc7dc95bcd3d1c.worker.js:43
[   33218ms] [WARNING] getSerializedKeyForKeypath returned undefined key in InMemoryIndex for table: profiles, with index: email @ https://tflteams.public.onecdn.static.microsoft/teams-modular-packages/hashed-assets/precompiled-web-worker-inner~f-eebc7dc95bcd3d1c.worker.js:43
[   33218ms] [WARNING] getSerializedKeyForKeypath returned undefined key in InMemoryIndex for table: profiles, with index: email @ https://tflteams.public.onecdn.static.microsoft/teams-modular-packages/hashed-assets/precompiled-web-worker-inner~f-eebc7dc95bcd3d1c.worker.js:43
[   33218ms] [WARNING] getSerializedKeyForKeypath returned undefined key in InMemoryIndex for table: profiles, with index: email @ https://tflteams.public.onecdn.static.microsoft/teams-modular-packages/hashed-assets/precompiled-web-worker-inner~f-eebc7dc95bcd3d1c.worker.js:43
[   33218ms] [WARNING] getSerializedKeyForKeypath returned undefined key in InMemoryIndex for table: profiles, with index: email @ https://tflteams.public.onecdn.static.microsoft/teams-modular-packages/hashed-assets/precompiled-web-worker-inner~f-eebc7dc95bcd3d1c.worker.js:43
[   33218ms] [WARNING] getSerializedKeyForKeypath returned undefined key in InMemoryIndex for table: profiles, with index: email @ https://tflteams.public.onecdn.static.microsoft/teams-modular-packages/hashed-assets/precompiled-web-worker-inner~f-eebc7dc95bcd3d1c.worker.js:43
[   33218ms] [WARNING] getSerializedKeyForKeypath returned undefined key in InMemoryIndex for table: profiles, with index: email @ https://tflteams.public.onecdn.static.microsoft/teams-modular-packages/hashed-assets/precompiled-web-worker-inner~f-eebc7dc95bcd3d1c.worker.js:43
[   33218ms] [WARNING] getSerializedKeyForKeypath returned undefined key in InMemoryIndex for table: profiles, with index: email @ https://tflteams.public.onecdn.static.microsoft/teams-modular-packages/hashed-assets/precompiled-web-worker-inner~f-eebc7dc95bcd3d1c.worker.js:43
[   33218ms] [WARNING] getSerializedKeyForKeypath returned undefined key in InMemoryIndex for table: profiles, with index: email @ https://tflteams.public.onecdn.static.microsoft/teams-modular-packages/hashed-assets/precompiled-web-worker-inner~f-eebc7dc95bcd3d1c.worker.js:43
[   33219ms] [WARNING] getSerializedKeyForKeypath returned undefined key in InMemoryIndex for table: profiles, with index: email @ https://tflteams.public.onecdn.static.microsoft/teams-modular-packages/hashed-assets/precompiled-web-worker-inner~f-eebc7dc95bcd3d1c.worker.js:43
[   33219ms] [WARNING] getSerializedKeyForKeypath returned undefined key in InMemoryIndex for table: profiles, with index: email @ https://tflteams.public.onecdn.static.microsoft/teams-modular-packages/hashed-assets/precompiled-web-worker-inner~f-eebc7dc95bcd3d1c.worker.js:43
[   33219ms] [WARNING] getSerializedKeyForKeypath returned undefined key in InMemoryIndex for table: profiles, with index: email @ https://tflteams.public.onecdn.static.microsoft/teams-modular-packages/hashed-assets/precompiled-web-worker-inner~f-eebc7dc95bcd3d1c.worker.js:43
[   33219ms] [WARNING] getSerializedKeyForKeypath returned undefined key in InMemoryIndex for table: profiles, with index: email @ https://tflteams.public.onecdn.static.microsoft/teams-modular-packages/hashed-assets/precompiled-web-worker-inner~f-eebc7dc95bcd3d1c.worker.js:43
[   33219ms] [WARNING] getSerializedKeyForKeypath returned undefined key in InMemoryIndex for table: profiles, with index: email @ https://tflteams.public.onecdn.static.microsoft/teams-modular-packages/hashed-assets/precompiled-web-worker-inner~f-eebc7dc95bcd3d1c.worker.js:43
[   33219ms] [WARNING] getSerializedKeyForKeypath returned undefined key in InMemoryIndex for table: profiles, with index: email @ https://tflteams.public.onecdn.static.microsoft/teams-modular-packages/hashed-assets/precompiled-web-worker-inner~f-eebc7dc95bcd3d1c.worker.js:43
[   33219ms] [WARNING] getSerializedKeyForKeypath returned undefined key in InMemoryIndex for table: profiles, with index: email @ https://tflteams.public.onecdn.static.microsoft/teams-modular-packages/hashed-assets/precompiled-web-worker-inner~f-eebc7dc95bcd3d1c.worker.js:43
[   33219ms] [WARNING] getSerializedKeyForKeypath returned undefined key in InMemoryIndex for table: profiles, with index: email @ https://tflteams.public.onecdn.static.microsoft/teams-modular-packages/hashed-assets/precompiled-web-worker-inner~f-eebc7dc95bcd3d1c.worker.js:43
[   33219ms] [WARNING] getSerializedKeyForKeypath returned undefined key in InMemoryIndex for table: profiles, with index: email @ https://tflteams.public.onecdn.static.microsoft/teams-modular-packages/hashed-assets/precompiled-web-worker-inner~f-eebc7dc95bcd3d1c.worker.js:43
[   33219ms] [WARNING] getSerializedKeyForKeypath returned undefined key in InMemoryIndex for table: profiles, with index: email @ https://tflteams.public.onecdn.static.microsoft/teams-modular-packages/hashed-assets/precompiled-web-worker-inner~f-eebc7dc95bcd3d1c.worker.js:43
[   33219ms] [WARNING] getSerializedKeyForKeypath returned undefined key in InMemoryIndex for table: profiles, with index: email @ https://tflteams.public.onecdn.static.microsoft/teams-modular-packages/hashed-assets/precompiled-web-worker-inner~f-eebc7dc95bcd3d1c.worker.js:43
[   33220ms] [WARNING] getSerializedKeyForKeypath returned undefined key in InMemoryIndex for table: profiles, with index: email @ https://tflteams.public.onecdn.static.microsoft/teams-modular-packages/hashed-assets/precompiled-web-worker-inner~f-eebc7dc95bcd3d1c.worker.js:43
[   33220ms] [WARNING] getSerializedKeyForKeypath returned undefined key in InMemoryIndex for table: profiles, with index: email @ https://tflteams.public.onecdn.static.microsoft/teams-modular-packages/hashed-assets/precompiled-web-worker-inner~f-eebc7dc95bcd3d1c.worker.js:43
[   33220ms] [WARNING] getSerializedKeyForKeypath returned undefined key in InMemoryIndex for table: profiles, with index: email @ https://tflteams.public.onecdn.static.microsoft/teams-modular-packages/hashed-assets/precompiled-web-worker-inner~f-eebc7dc95bcd3d1c.worker.js:43
[   33220ms] [WARNING] getSerializedKeyForKeypath returned undefined key in InMemoryIndex for table: profiles, with index: email @ https://tflteams.public.onecdn.static.microsoft/teams-modular-packages/hashed-assets/precompiled-web-worker-inner~f-eebc7dc95bcd3d1c.worker.js:43
[   33220ms] [WARNING] getSerializedKeyForKeypath returned undefined key in InMemoryIndex for table: profiles, with index: email @ https://tflteams.public.onecdn.static.microsoft/teams-modular-packages/hashed-assets/precompiled-web-worker-inner~f-eebc7dc95bcd3d1c.worker.js:43
[   33220ms] [WARNING] getSerializedKeyForKeypath returned undefined key in InMemoryIndex for table: profiles, with index: email @ https://tflteams.public.onecdn.static.microsoft/teams-modular-packages/hashed-assets/precompiled-web-worker-inner~f-eebc7dc95bcd3d1c.worker.js:43
[   33220ms] [WARNING] getSerializedKeyForKeypath returned undefined key in InMemoryIndex for table: profiles, with index: email @ https://tflteams.public.onecdn.static.microsoft/teams-modular-packages/hashed-assets/precompiled-web-worker-inner~f-eebc7dc95bcd3d1c.worker.js:43
[   33220ms] [WARNING] getSerializedKeyForKeypath returned undefined key in InMemoryIndex for table: profiles, with index: email @ https://tflteams.public.onecdn.static.microsoft/teams-modular-packages/hashed-assets/precompiled-web-worker-inner~f-eebc7dc95bcd3d1c.worker.js:43
[   33220ms] [WARNING] getSerializedKeyForKeypath returned undefined key in InMemoryIndex for table: profiles, with index: email @ https://tflteams.public.onecdn.static.microsoft/teams-modular-packages/hashed-assets/precompiled-web-worker-inner~f-eebc7dc95bcd3d1c.worker.js:43
[   33220ms] [WARNING] getSerializedKeyForKeypath returned undefined key in InMemoryIndex for table: profiles, with index: email @ https://tflteams.public.onecdn.static.microsoft/teams-modular-packages/hashed-assets/precompiled-web-worker-inner~f-eebc7dc95bcd3d1c.worker.js:43
[   33220ms] [WARNING] getSerializedKeyForKeypath returned undefined key in InMemoryIndex for table: profiles, with index: email @ https://tflteams.public.onecdn.static.microsoft/teams-modular-packages/hashed-assets/precompiled-web-worker-inner~f-eebc7dc95bcd3d1c.worker.js:43
[   33220ms] [WARNING] getSerializedKeyForKeypath returned undefined key in InMemoryIndex for table: profiles, with index: email @ https://tflteams.public.onecdn.static.microsoft/teams-modular-packages/hashed-assets/precompiled-web-worker-inner~f-eebc7dc95bcd3d1c.worker.js:43
[   34504ms] [WARNING] getSerializedKeyForKeypath returned undefined key in InMemoryIndex for table: profiles, with index: email @ https://tflteams.public.onecdn.static.microsoft/teams-modular-packages/hashed-assets/precompiled-web-worker-inner~f-eebc7dc95bcd3d1c.worker.js:43
[   34504ms] [WARNING] getSerializedKeyForKeypath returned undefined key in InMemoryIndex for table: profiles, with index: email @ https://tflteams.public.onecdn.static.microsoft/teams-modular-packages/hashed-assets/precompiled-web-worker-inner~f-eebc7dc95bcd3d1c.worker.js:43
[   34504ms] [WARNING] getSerializedKeyForKeypath returned undefined key in InMemoryIndex for table: profiles, with index: email @ https://tflteams.public.onecdn.static.microsoft/teams-modular-packages/hashed-assets/precompiled-web-worker-inner~f-eebc7dc95bcd3d1c.worker.js:43
[   34504ms] [WARNING] getSerializedKeyForKeypath returned undefined key in InMemoryIndex for table: profiles, with index: email @ https://tflteams.public.onecdn.static.microsoft/teams-modular-packages/hashed-assets/precompiled-web-worker-inner~f-eebc7dc95bcd3d1c.worker.js:43
[   34504ms] [WARNING] getSerializedKeyForKeypath returned undefined key in InMemoryIndex for table: profiles, with index: email @ https://tflteams.public.onecdn.static.microsoft/teams-modular-packages/hashed-assets/precompiled-web-worker-inner~f-eebc7dc95bcd3d1c.worker.js:43
[   34504ms] [WARNING] getSerializedKeyForKeypath returned undefined key in InMemoryIndex for table: profiles, with index: email @ https://tflteams.public.onecdn.static.microsoft/teams-modular-packages/hashed-assets/precompiled-web-worker-inner~f-eebc7dc95bcd3d1c.worker.js:43
[   34504ms] [WARNING] getSerializedKeyForKeypath returned undefined key in InMemoryIndex for table: profiles, with index: email @ https://tflteams.public.onecdn.static.microsoft/teams-modular-packages/hashed-assets/precompiled-web-worker-inner~f-eebc7dc95bcd3d1c.worker.js:43
[   34504ms] [WARNING] getSerializedKeyForKeypath returned undefined key in InMemoryIndex for table: profiles, with index: email @ https://tflteams.public.onecdn.static.microsoft/teams-modular-packages/hashed-assets/precompiled-web-worker-inner~f-eebc7dc95bcd3d1c.worker.js:43
[   34505ms] [WARNING] getSerializedKeyForKeypath returned undefined key in InMemoryIndex for table: profiles, with index: email @ https://tflteams.public.onecdn.static.microsoft/teams-modular-packages/hashed-assets/precompiled-web-worker-inner~f-eebc7dc95bcd3d1c.worker.js:43
[   34505ms] [WARNING] getSerializedKeyForKeypath returned undefined key in InMemoryIndex for table: profiles, with index: email @ https://tflteams.public.onecdn.static.microsoft/teams-modular-packages/hashed-assets/precompiled-web-worker-inner~f-eebc7dc95bcd3d1c.worker.js:43
[   34505ms] [WARNING] getSerializedKeyForKeypath returned undefined key in InMemoryIndex for table: profiles, with index: email @ https://tflteams.public.onecdn.static.microsoft/teams-modular-packages/hashed-assets/precompiled-web-worker-inner~f-eebc7dc95bcd3d1c.worker.js:43
[   34505ms] [WARNING] getSerializedKeyForKeypath returned undefined key in InMemoryIndex for table: profiles, with index: email @ https://tflteams.public.onecdn.static.microsoft/teams-modular-packages/hashed-assets/precompiled-web-worker-inner~f-eebc7dc95bcd3d1c.worker.js:43
[   34505ms] [WARNING] getSerializedKeyForKeypath returned undefined key in InMemoryIndex for table: profiles, with index: email @ https://tflteams.public.onecdn.static.microsoft/teams-modular-packages/hashed-assets/precompiled-web-worker-inner~f-eebc7dc95bcd3d1c.worker.js:43
[   34505ms] [WARNING] getSerializedKeyForKeypath returned undefined key in InMemoryIndex for table: profiles, with index: email @ https://tflteams.public.onecdn.static.microsoft/teams-modular-packages/hashed-assets/precompiled-web-worker-inner~f-eebc7dc95bcd3d1c.worker.js:43
[   34505ms] [WARNING] getSerializedKeyForKeypath returned undefined key in InMemoryIndex for table: profiles, with index: email @ https://tflteams.public.onecdn.static.microsoft/teams-modular-packages/hashed-assets/precompiled-web-worker-inner~f-eebc7dc95bcd3d1c.worker.js:43
[   34505ms] [WARNING] getSerializedKeyForKeypath returned undefined key in InMemoryIndex for table: profiles, with index: email @ https://tflteams.public.onecdn.static.microsoft/teams-modular-packages/hashed-assets/precompiled-web-worker-inner~f-eebc7dc95bcd3d1c.worker.js:43
[   34505ms] [WARNING] getSerializedKeyForKeypath returned undefined key in InMemoryIndex for table: profiles, with index: email @ https://tflteams.public.onecdn.static.microsoft/teams-modular-packages/hashed-assets/precompiled-web-worker-inner~f-eebc7dc95bcd3d1c.worker.js:43
[   34505ms] [WARNING] getSerializedKeyForKeypath returned undefined key in InMemoryIndex for table: profiles, with index: email @ https://tflteams.public.onecdn.static.microsoft/teams-modular-packages/hashed-assets/precompiled-web-worker-inner~f-eebc7dc95bcd3d1c.worker.js:43
[   34505ms] [WARNING] getSerializedKeyForKeypath returned undefined key in InMemoryIndex for table: profiles, with index: email @ https://tflteams.public.onecdn.static.microsoft/teams-modular-packages/hashed-assets/precompiled-web-worker-inner~f-eebc7dc95bcd3d1c.worker.js:43
[   34505ms] [WARNING] getSerializedKeyForKeypath returned undefined key in InMemoryIndex for table: profiles, with index: email @ https://tflteams.public.onecdn.static.microsoft/teams-modular-packages/hashed-assets/precompiled-web-worker-inner~f-eebc7dc95bcd3d1c.worker.js:43
[   34506ms] [WARNING] getSerializedKeyForKeypath returned undefined key in InMemoryIndex for table: profiles, with index: email @ https://tflteams.public.onecdn.static.microsoft/teams-modular-packages/hashed-assets/precompiled-web-worker-inner~f-eebc7dc95bcd3d1c.worker.js:43
[   34506ms] [WARNING] getSerializedKeyForKeypath returned undefined key in InMemoryIndex for table: profiles, with index: email @ https://tflteams.public.onecdn.static.microsoft/teams-modular-packages/hashed-assets/precompiled-web-worker-inner~f-eebc7dc95bcd3d1c.worker.js:43
[   34506ms] [WARNING] getSerializedKeyForKeypath returned undefined key in InMemoryIndex for table: profiles, with index: email @ https://tflteams.public.onecdn.static.microsoft/teams-modular-packages/hashed-assets/precompiled-web-worker-inner~f-eebc7dc95bcd3d1c.worker.js:43
[   34506ms] [WARNING] getSerializedKeyForKeypath returned undefined key in InMemoryIndex for table: profiles, with index: email @ https://tflteams.public.onecdn.static.microsoft/teams-modular-packages/hashed-assets/precompiled-web-worker-inner~f-eebc7dc95bcd3d1c.worker.js:43
[   34506ms] [WARNING] getSerializedKeyForKeypath returned undefined key in InMemoryIndex for table: profiles, with index: email @ https://tflteams.public.onecdn.static.microsoft/teams-modular-packages/hashed-assets/precompiled-web-worker-inner~f-eebc7dc95bcd3d1c.worker.js:43
[   34506ms] [WARNING] getSerializedKeyForKeypath returned undefined key in InMemoryIndex for table: profiles, with index: email @ https://tflteams.public.onecdn.static.microsoft/teams-modular-packages/hashed-assets/precompiled-web-worker-inner~f-eebc7dc95bcd3d1c.worker.js:43
[   34506ms] [WARNING] getSerializedKeyForKeypath returned undefined key in InMemoryIndex for table: profiles, with index: email @ https://tflteams.public.onecdn.static.microsoft/teams-modular-packages/hashed-assets/precompiled-web-worker-inner~f-eebc7dc95bcd3d1c.worker.js:43
[   34506ms] [WARNING] getSerializedKeyForKeypath returned undefined key in InMemoryIndex for table: profiles, with index: email @ https://tflteams.public.onecdn.static.microsoft/teams-modular-packages/hashed-assets/precompiled-web-worker-inner~f-eebc7dc95bcd3d1c.worker.js:43
[   34506ms] [WARNING] getSerializedKeyForKeypath returned undefined key in InMemoryIndex for table: profiles, with index: email @ https://tflteams.public.onecdn.static.microsoft/teams-modular-packages/hashed-assets/precompiled-web-worker-inner~f-eebc7dc95bcd3d1c.worker.js:43
[   34506ms] [WARNING] getSerializedKeyForKeypath returned undefined key in InMemoryIndex for table: profiles, with index: email @ https://tflteams.public.onecdn.static.microsoft/teams-modular-packages/hashed-assets/precompiled-web-worker-inner~f-eebc7dc95bcd3d1c.worker.js:43
[   34506ms] [WARNING] getSerializedKeyForKeypath returned undefined key in InMemoryIndex for table: profiles, with index: email @ https://tflteams.public.onecdn.static.microsoft/teams-modular-packages/hashed-assets/precompiled-web-worker-inner~f-eebc7dc95bcd3d1c.worker.js:43
[   34506ms] [WARNING] getSerializedKeyForKeypath returned undefined key in InMemoryIndex for table: profiles, with index: email @ https://tflteams.public.onecdn.static.microsoft/teams-modular-packages/hashed-assets/precompiled-web-worker-inner~f-eebc7dc95bcd3d1c.worker.js:43
[   34512ms] [WARNING] getSerializedKeyForKeypath returned undefined key in InMemoryIndex for table: profiles, with index: email @ https://tflteams.public.onecdn.static.microsoft/teams-modular-packages/hashed-assets/precompiled-web-worker-inner~f-eebc7dc95bcd3d1c.worker.js:43
[   34512ms] [WARNING] getSerializedKeyForKeypath returned undefined key in InMemoryIndex for table: profiles, with index: email @ https://tflteams.public.onecdn.static.microsoft/teams-modular-packages/hashed-assets/precompiled-web-worker-inner~f-eebc7dc95bcd3d1c.worker.js:43
[   34512ms] [WARNING] getSerializedKeyForKeypath returned undefined key in InMemoryIndex for table: profiles, with index: email @ https://tflteams.public.onecdn.static.microsoft/teams-modular-packages/hashed-assets/precompiled-web-worker-inner~f-eebc7dc95bcd3d1c.worker.js:43
[   34512ms] [WARNING] getSerializedKeyForKeypath returned undefined key in InMemoryIndex for table: profiles, with index: email @ https://tflteams.public.onecdn.static.microsoft/teams-modular-packages/hashed-assets/precompiled-web-worker-inner~f-eebc7dc95bcd3d1c.worker.js:43
[   34809ms] [WARNING] getSerializedKeyForKeypath returned undefined key in InMemoryIndex for table: profiles, with index: email @ https://tflteams.public.onecdn.static.microsoft/teams-modular-packages/hashed-assets/precompiled-web-worker-inner~f-eebc7dc95bcd3d1c.worker.js:43
[   34809ms] [WARNING] getSerializedKeyForKeypath returned undefined key in InMemoryIndex for table: profiles, with index: email @ https://tflteams.public.onecdn.static.microsoft/teams-modular-packages/hashed-assets/precompiled-web-worker-inner~f-eebc7dc95bcd3d1c.worker.js:43
[   34809ms] [WARNING] getSerializedKeyForKeypath returned undefined key in InMemoryIndex for table: profiles, with index: email @ https://tflteams.public.onecdn.static.microsoft/teams-modular-packages/hashed-assets/precompiled-web-worker-inner~f-eebc7dc95bcd3d1c.worker.js:43
[   34809ms] [WARNING] getSerializedKeyForKeypath returned undefined key in InMemoryIndex for table: profiles, with index: email @ https://tflteams.public.onecdn.static.microsoft/teams-modular-packages/hashed-assets/precompiled-web-worker-inner~f-eebc7dc95bcd3d1c.worker.js:43
[   37886ms] [WARNING] The resource https://tflteams.public.onecdn.static.microsoft/teams-modular-packages/hashed-assets/496830-b9bc15da63f131f0.js was preloaded using link preload but not used within a few seconds from the window's load event. Please make sure it has an appropriate `as` value and it is preloaded intentionally. @ https://teams.live.com/v2/:0
[   37886ms] [WARNING] The resource https://tflteams.public.onecdn.static.microsoft/teams-modular-packages/hashed-assets/638055-8639409976087493.js was preloaded using link preload but not used within a few seconds from the window's load event. Please make sure it has an appropriate `as` value and it is preloaded intentionally. @ https://teams.live.com/v2/:0
[   37886ms] [WARNING] The resource https://tflteams.public.onecdn.static.microsoft/teams-modular-packages/hashed-assets/435678-d1bdf03cb0afb625.js was preloaded using link preload but not used within a few seconds from the window's load event. Please make sure it has an appropriate `as` value and it is preloaded intentionally. @ https://teams.live.com/v2/:0
[   37886ms] [WARNING] The resource https://tflteams.public.onecdn.static.microsoft/teams-modular-packages/hashed-assets/234995-0c3f3235fc6b66bd.js was preloaded using link preload but not used within a few seconds from the window's load event. Please make sure it has an appropriate `as` value and it is preloaded intentionally. @ https://teams.live.com/v2/:0
[   37886ms] [WARNING] The resource https://tflteams.public.onecdn.static.microsoft/teams-modular-packages/hashed-assets/341350-43f8cb4c1df179e4.js was preloaded using link preload but not used within a few seconds from the window's load event. Please make sure it has an appropriate `as` value and it is preloaded intentionally. @ https://teams.live.com/v2/:0
[   37886ms] [WARNING] The resource https://tflteams.public.onecdn.static.microsoft/teams-modular-packages/hashed-assets/integrities-ee314ca94868d28c4db2.js was preloaded using link preload but not used within a few seconds from the window's load event. Please make sure it has an appropriate `as` value and it is preloaded intentionally. @ https://teams.live.com/v2/:0
[   37886ms] [WARNING] The resource https://tflteams.public.onecdn.static.microsoft/teams-modular-packages/hashed-assets/griffel-35c4b6c6ca9f299f.css was preloaded using link preload but not used within a few seconds from the window's load event. Please make sure it has an appropriate `as` value and it is preloaded intentionally. @ https://teams.live.com/v2/:0
[   37886ms] [WARNING] The resource https://tflteams.public.onecdn.static.microsoft/teams-modular-packages/hashed-assets/462748-07d8fb6516d15b3a.js was preloaded using link preload but not used within a few seconds from the window's load event. Please make sure it has an appropriate `as` value and it is preloaded intentionally. @ https://teams.live.com/v2/:0
[   37886ms] [WARNING] The resource https://tflteams.public.onecdn.static.microsoft/teams-modular-packages/hashed-assets/54365-bfef35ea66ac127d.js was preloaded using link preload but not used within a few seconds from the window's load event. Please make sure it has an appropriate `as` value and it is preloaded intentionally. @ https://teams.live.com/v2/:0
[   37886ms] [WARNING] The resource https://tflteams.public.onecdn.static.microsoft/teams-modular-packages/hashed-assets/376190-643ba6bb5012b8c2.js was preloaded using link preload but not used within a few seconds from the window's load event. Please make sure it has an appropriate `as` value and it is preloaded intentionally. @ https://teams.live.com/v2/:0
[   37886ms] [WARNING] The resource https://tflteams.public.onecdn.static.microsoft/teams-modular-packages/hashed-assets/249566-274523e882e43004.js was preloaded using link preload but not used within a few seconds from the window's load event. Please make sure it has an appropriate `as` value and it is preloaded intentionally. @ https://teams.live.com/v2/:0
[   37886ms] [WARNING] The resource https://tflteams.public.onecdn.static.microsoft/teams-modular-packages/hashed-assets/main-bf92f430a18ec91b.js was preloaded using link preload but not used within a few seconds from the window's load event. Please make sure it has an appropriate `as` value and it is preloaded intentionally. @ https://teams.live.com/v2/:0
[   37886ms] [WARNING] The resource https://tflteams.public.onecdn.static.microsoft/teams-modular-packages/hashed-assets/runtime-52e013a359f54ff5.js was preloaded using link preload but not used within a few seconds from the window's load event. Please make sure it has an appropriate `as` value and it is preloaded intentionally. @ https://teams.live.com/v2/:0
[   37886ms] [WARNING] The resource https://tflteams.public.onecdn.static.microsoft/teams-modular-packages/hashed-assets/158884-70f571c7e70b86a5.js was preloaded using link preload but not used within a few seconds from the window's load event. Please make sure it has an appropriate `as` value and it is preloaded intentionally. @ https://teams.live.com/v2/:0
[   45955ms] [WARNING] The resource https://tflteams.public.onecdn.static.microsoft/teams-modular-packages/hashed-assets/496830-b9bc15da63f131f0.js was preloaded using link preload but not used within a few seconds from the window's load event. Please make sure it has an appropriate `as` value and it is preloaded intentionally. @ https://teams.live.com/v2/:0
[   45956ms] [WARNING] The resource https://tflteams.public.onecdn.static.microsoft/teams-modular-packages/hashed-assets/638055-8639409976087493.js was preloaded using link preload but not used within a few seconds from the window's load event. Please make sure it has an appropriate `as` value and it is preloaded intentionally. @ https://teams.live.com/v2/:0
[   45956ms] [WARNING] The resource https://tflteams.public.onecdn.static.microsoft/teams-modular-packages/hashed-assets/435678-d1bdf03cb0afb625.js was preloaded using link preload but not used within a few seconds from the window's load event. Please make sure it has an appropriate `as` value and it is preloaded intentionally. @ https://teams.live.com/v2/:0
[   45956ms] [WARNING] The resource https://tflteams.public.onecdn.static.microsoft/teams-modular-packages/hashed-assets/234995-0c3f3235fc6b66bd.js was preloaded using link preload but not used within a few seconds from the window's load event. Please make sure it has an appropriate `as` value and it is preloaded intentionally. @ https://teams.live.com/v2/:0
[   45956ms] [WARNING] The resource https://tflteams.public.onecdn.static.microsoft/teams-modular-packages/hashed-assets/341350-43f8cb4c1df179e4.js was preloaded using link preload but not used within a few seconds from the window's load event. Please make sure it has an appropriate `as` value and it is preloaded intentionally. @ https://teams.live.com/v2/:0
[   45956ms] [WARNING] The resource https://tflteams.public.onecdn.static.microsoft/teams-modular-packages/hashed-assets/integrities-ee314ca94868d28c4db2.js was preloaded using link preload but not used within a few seconds from the window's load event. Please make sure it has an appropriate `as` value and it is preloaded intentionally. @ https://teams.live.com/v2/:0
[   45956ms] [WARNING] The resource https://tflteams.public.onecdn.static.microsoft/teams-modular-packages/hashed-assets/griffel-35c4b6c6ca9f299f.css was preloaded using link preload but not used within a few seconds from the window's load event. Please make sure it has an appropriate `as` value and it is preloaded intentionally. @ https://teams.live.com/v2/:0
[   45956ms] [WARNING] The resource https://tflteams.public.onecdn.static.microsoft/teams-modular-packages/hashed-assets/462748-07d8fb6516d15b3a.js was preloaded using link preload but not used within a few seconds from the window's load event. Please make sure it has an appropriate `as` value and it is preloaded intentionally. @ https://teams.live.com/v2/:0
[   45956ms] [WARNING] The resource https://tflteams.public.onecdn.static.microsoft/teams-modular-packages/hashed-assets/54365-bfef35ea66ac127d.js was preloaded using link preload but not used within a few seconds from the window's load event. Please make sure it has an appropriate `as` value and it is preloaded intentionally. @ https://teams.live.com/v2/:0
[   45956ms] [WARNING] The resource https://tflteams.public.onecdn.static.microsoft/teams-modular-packages/hashed-assets/376190-643ba6bb5012b8c2.js was preloaded using link preload but not used within a few seconds from the window's load event. Please make sure it has an appropriate `as` value and it is preloaded intentionally. @ https://teams.live.com/v2/:0
[   45956ms] [WARNING] The resource https://tflteams.public.onecdn.static.microsoft/teams-modular-packages/hashed-assets/249566-274523e882e43004.js was preloaded using link preload but not used within a few seconds from the window's load event. Please make sure it has an appropriate `as` value and it is preloaded intentionally. @ https://teams.live.com/v2/:0
[   45956ms] [WARNING] The resource https://tflteams.public.onecdn.static.microsoft/teams-modular-packages/hashed-assets/main-bf92f430a18ec91b.js was preloaded using link preload but not used within a few seconds from the window's load event. Please make sure it has an appropriate `as` value and it is preloaded intentionally. @ https://teams.live.com/v2/:0
[   45956ms] [WARNING] The resource https://tflteams.public.onecdn.static.microsoft/teams-modular-packages/hashed-assets/runtime-52e013a359f54ff5.js was preloaded using link preload but not used within a few seconds from the window's load event. Please make sure it has an appropriate `as` value and it is preloaded intentionally. @ https://teams.live.com/v2/:0
[   45956ms] [WARNING] The resource https://tflteams.public.onecdn.static.microsoft/teams-modular-packages/hashed-assets/158884-70f571c7e70b86a5.js was preloaded using link preload but not used within a few seconds from the window's load event. Please make sure it has an appropriate `as` value and it is preloaded intentionally. @ https://teams.live.com/v2/:0
[   61963ms] [WARNING] getSerializedKeyForKeypath returned undefined key in InMemoryIndex for table: profiles, with index: email @ https://tflteams.public.onecdn.static.microsoft/teams-modular-packages/hashed-assets/precompiled-web-worker-inner~f-eebc7dc95bcd3d1c.worker.js:43
[   61963ms] [WARNING] getSerializedKeyForKeypath returned undefined key in InMemoryIndex for table: profiles, with index: email @ https://tflteams.public.onecdn.static.microsoft/teams-modular-packages/hashed-assets/precompiled-web-worker-inner~f-eebc7dc95bcd3d1c.worker.js:43
[   61963ms] [WARNING] getSerializedKeyForKeypath returned undefined key in InMemoryIndex for table: profiles, with index: email @ https://tflteams.public.onecdn.static.microsoft/teams-modular-packages/hashed-assets/precompiled-web-worker-inner~f-eebc7dc95bcd3d1c.worker.js:43
[   61963ms] [WARNING] getSerializedKeyForKeypath returned undefined key in InMemoryIndex for table: profiles, with index: email @ https://tflteams.public.onecdn.static.microsoft/teams-modular-packages/hashed-assets/precompiled-web-worker-inner~f-eebc7dc95bcd3d1c.worker.js:43
[   61963ms] [WARNING] getSerializedKeyForKeypath returned undefined key in InMemoryIndex for table: profiles, with index: email @ https://tflteams.public.onecdn.static.microsoft/teams-modular-packages/hashed-assets/precompiled-web-worker-inner~f-eebc7dc95bcd3d1c.worker.js:43
[   61963ms] [WARNING] getSerializedKeyForKeypath returned undefined key in InMemoryIndex for table: profiles, with index: email @ https://tflteams.public.onecdn.static.microsoft/teams-modular-packages/hashed-assets/precompiled-web-worker-inner~f-eebc7dc95bcd3d1c.worker.js:43
[   61963ms] [WARNING] getSerializedKeyForKeypath returned undefined key in InMemoryIndex for table: profiles, with index: email @ https://tflteams.public.onecdn.static.microsoft/teams-modular-packages/hashed-assets/precompiled-web-worker-inner~f-eebc7dc95bcd3d1c.worker.js:43
[   61963ms] [WARNING] getSerializedKeyForKeypath returned undefined key in InMemoryIndex for table: profiles, with index: email @ https://tflteams.public.onecdn.static.microsoft/teams-modular-packages/hashed-assets/precompiled-web-worker-inner~f-eebc7dc95bcd3d1c.worker.js:43
[   61963ms] [WARNING] getSerializedKeyForKeypath returned undefined key in InMemoryIndex for table: profiles, with index: email @ https://tflteams.public.onecdn.static.microsoft/teams-modular-packages/hashed-assets/precompiled-web-worker-inner~f-eebc7dc95bcd3d1c.worker.js:43
[   61963ms] [WARNING] getSerializedKeyForKeypath returned undefined key in InMemoryIndex for table: profiles, with index: email @ https://tflteams.public.onecdn.static.microsoft/teams-modular-packages/hashed-assets/precompiled-web-worker-inner~f-eebc7dc95bcd3d1c.worker.js:43
[   61963ms] [WARNING] getSerializedKeyForKeypath returned undefined key in InMemoryIndex for table: profiles, with index: email @ https://tflteams.public.onecdn.static.microsoft/teams-modular-packages/hashed-assets/precompiled-web-worker-inner~f-eebc7dc95bcd3d1c.worker.js:43
[   61963ms] [WARNING] getSerializedKeyForKeypath returned undefined key in InMemoryIndex for table: profiles, with index: email @ https://tflteams.public.onecdn.static.microsoft/teams-modular-packages/hashed-assets/precompiled-web-worker-inner~f-eebc7dc95bcd3d1c.worker.js:43
[   61963ms] [WARNING] getSerializedKeyForKeypath returned undefined key in InMemoryIndex for table: profiles, with index: email @ https://tflteams.public.onecdn.static.microsoft/teams-modular-packages/hashed-assets/precompiled-web-worker-inner~f-eebc7dc95bcd3d1c.worker.js:43
[   61964ms] [WARNING] getSerializedKeyForKeypath returned undefined key in InMemoryIndex for table: profiles, with index: email @ https://tflteams.public.onecdn.static.microsoft/teams-modular-packages/hashed-assets/precompiled-web-worker-inner~f-eebc7dc95bcd3d1c.worker.js:43
[   61964ms] [WARNING] getSerializedKeyForKeypath returned undefined key in InMemoryIndex for table: profiles, with index: email @ https://tflteams.public.onecdn.static.microsoft/teams-modular-packages/hashed-assets/precompiled-web-worker-inner~f-eebc7dc95bcd3d1c.worker.js:43
[   61964ms] [WARNING] getSerializedKeyForKeypath returned undefined key in InMemoryIndex for table: profiles, with index: email @ https://tflteams.public.onecdn.static.microsoft/teams-modular-packages/hashed-assets/precompiled-web-worker-inner~f-eebc7dc95bcd3d1c.worker.js:43
[   66250ms] [WARNING] The resource https://tflteams.public.onecdn.static.microsoft/teams-modular-packages/hashed-assets/496830-b9bc15da63f131f0.js was preloaded using link preload but not used within a few seconds from the window's load event. Please make sure it has an appropriate `as` value and it is preloaded intentionally. @ https://teams.live.com/v2/:0
[   66250ms] [WARNING] The resource https://tflteams.public.onecdn.static.microsoft/teams-modular-packages/hashed-assets/638055-8639409976087493.js was preloaded using link preload but not used within a few seconds from the window's load event. Please make sure it has an appropriate `as` value and it is preloaded intentionally. @ https://teams.live.com/v2/:0
[   66250ms] [WARNING] The resource https://tflteams.public.onecdn.static.microsoft/teams-modular-packages/hashed-assets/435678-d1bdf03cb0afb625.js was preloaded using link preload but not used within a few seconds from the window's load event. Please make sure it has an appropriate `as` value and it is preloaded intentionally. @ https://teams.live.com/v2/:0
[   66250ms] [WARNING] The resource https://tflteams.public.onecdn.static.microsoft/teams-modular-packages/hashed-assets/234995-0c3f3235fc6b66bd.js was preloaded using link preload but not used within a few seconds from the window's load event. Please make sure it has an appropriate `as` value and it is preloaded intentionally. @ https://teams.live.com/v2/:0
[   66250ms] [WARNING] The resource https://tflteams.public.onecdn.static.microsoft/teams-modular-packages/hashed-assets/341350-43f8cb4c1df179e4.js was preloaded using link preload but not used within a few seconds from the window's load event. Please make sure it has an appropriate `as` value and it is preloaded intentionally. @ https://teams.live.com/v2/:0
[   66250ms] [WARNING] The resource https://tflteams.public.onecdn.static.microsoft/teams-modular-packages/hashed-assets/integrities-ee314ca94868d28c4db2.js was preloaded using link preload but not used within a few seconds from the window's load event. Please make sure it has an appropriate `as` value and it is preloaded intentionally. @ https://teams.live.com/v2/:0
[   66250ms] [WARNING] The resource https://tflteams.public.onecdn.static.microsoft/teams-modular-packages/hashed-assets/griffel-35c4b6c6ca9f299f.css was preloaded using link preload but not used within a few seconds from the window's load event. Please make sure it has an appropriate `as` value and it is preloaded intentionally. @ https://teams.live.com/v2/:0
[   66250ms] [WARNING] The resource https://tflteams.public.onecdn.static.microsoft/teams-modular-packages/hashed-assets/462748-07d8fb6516d15b3a.js was preloaded using link preload but not used within a few seconds from the window's load event. Please make sure it has an appropriate `as` value and it is preloaded intentionally. @ https://teams.live.com/v2/:0
[   66250ms] [WARNING] The resource https://tflteams.public.onecdn.static.microsoft/teams-modular-packages/hashed-assets/54365-bfef35ea66ac127d.js was preloaded using link preload but not used within a few seconds from the window's load event. Please make sure it has an appropriate `as` value and it is preloaded intentionally. @ https://teams.live.com/v2/:0
[   66250ms] [WARNING] The resource https://tflteams.public.onecdn.static.microsoft/teams-modular-packages/hashed-assets/376190-643ba6bb5012b8c2.js was preloaded using link preload but not used within a few seconds from the window's load event. Please make sure it has an appropriate `as` value and it is preloaded intentionally. @ https://teams.live.com/v2/:0
[   66250ms] [WARNING] The resource https://tflteams.public.onecdn.static.microsoft/teams-modular-packages/hashed-assets/249566-274523e882e43004.js was preloaded using link preload but not used within a few seconds from the window's load event. Please make sure it has an appropriate `as` value and it is preloaded intentionally. @ https://teams.live.com/v2/:0
[   66250ms] [WARNING] The resource https://tflteams.public.onecdn.static.microsoft/teams-modular-packages/hashed-assets/main-bf92f430a18ec91b.js was preloaded using link preload but not used within a few seconds from the window's load event. Please make sure it has an appropriate `as` value and it is preloaded intentionally. @ https://teams.live.com/v2/:0
[   66250ms] [WARNING] The resource https://tflteams.public.onecdn.static.microsoft/teams-modular-packages/hashed-assets/runtime-52e013a359f54ff5.js was preloaded using link preload but not used within a few seconds from the window's load event. Please make sure it has an appropriate `as` value and it is preloaded intentionally. @ https://teams.live.com/v2/:0
[   66250ms] [WARNING] The resource https://tflteams.public.onecdn.static.microsoft/teams-modular-packages/hashed-assets/158884-70f571c7e70b86a5.js was preloaded using link preload but not used within a few seconds from the window's load event. Please make sure it has an appropriate `as` value and it is preloaded intentionally. @ https://teams.live.com/v2/:0
[  120766ms] [WARNING] getSerializedKeyForKeypath returned undefined key in InMemoryIndex for table: profiles, with index: email @ https://tflteams.public.onecdn.static.microsoft/teams-modular-packages/hashed-assets/precompiled-web-worker-inner~f-eebc7dc95bcd3d1c.worker.js:43
[  120766ms] [WARNING] getSerializedKeyForKeypath returned undefined key in InMemoryIndex for table: profiles, with index: email @ https://tflteams.public.onecdn.static.microsoft/teams-modular-packages/hashed-assets/precompiled-web-worker-inner~f-eebc7dc95bcd3d1c.worker.js:43
[  120766ms] [WARNING] getSerializedKeyForKeypath returned undefined key in InMemoryIndex for table: profiles, with index: email @ https://tflteams.public.onecdn.static.microsoft/teams-modular-packages/hashed-assets/precompiled-web-worker-inner~f-eebc7dc95bcd3d1c.worker.js:43
[  120766ms] [WARNING] getSerializedKeyForKeypath returned undefined key in InMemoryIndex for table: profiles, with index: email @ https://tflteams.public.onecdn.static.microsoft/teams-modular-packages/hashed-assets/precompiled-web-worker-inner~f-eebc7dc95bcd3d1c.worker.js:43
[  120766ms] [WARNING] getSerializedKeyForKeypath returned undefined key in InMemoryIndex for table: profiles, with index: email @ https://tflteams.public.onecdn.static.microsoft/teams-modular-packages/hashed-assets/precompiled-web-worker-inner~f-eebc7dc95bcd3d1c.worker.js:43
[  120766ms] [WARNING] getSerializedKeyForKeypath returned undefined key in InMemoryIndex for table: profiles, with index: email @ https://tflteams.public.onecdn.static.microsoft/teams-modular-packages/hashed-assets/precompiled-web-worker-inner~f-eebc7dc95bcd3d1c.worker.js:43
[  120766ms] [WARNING] getSerializedKeyForKeypath returned undefined key in InMemoryIndex for table: profiles, with index: email @ https://tflteams.public.onecdn.static.microsoft/teams-modular-packages/hashed-assets/precompiled-web-worker-inner~f-eebc7dc95bcd3d1c.worker.js:43
[  120766ms] [WARNING] getSerializedKeyForKeypath returned undefined key in InMemoryIndex for table: profiles, with index: email @ https://tflteams.public.onecdn.static.microsoft/teams-modular-packages/hashed-assets/precompiled-web-worker-inner~f-eebc7dc95bcd3d1c.worker.js:43
[  120766ms] [WARNING] getSerializedKeyForKeypath returned undefined key in InMemoryIndex for table: profiles, with index: email @ https://tflteams.public.onecdn.static.microsoft/teams-modular-packages/hashed-assets/precompiled-web-worker-inner~f-eebc7dc95bcd3d1c.worker.js:43
[  120767ms] [WARNING] getSerializedKeyForKeypath returned undefined key in InMemoryIndex for table: profiles, with index: email @ https://tflteams.public.onecdn.static.microsoft/teams-modular-packages/hashed-assets/precompiled-web-worker-inner~f-eebc7dc95bcd3d1c.worker.js:43
[  120767ms] [WARNING] getSerializedKeyForKeypath returned undefined key in InMemoryIndex for table: profiles, with index: email @ https://tflteams.public.onecdn.static.microsoft/teams-modular-packages/hashed-assets/precompiled-web-worker-inner~f-eebc7dc95bcd3d1c.worker.js:43
[  120767ms] [WARNING] getSerializedKeyForKeypath returned undefined key in InMemoryIndex for table: profiles, with index: email @ https://tflteams.public.onecdn.static.microsoft/teams-modular-packages/hashed-assets/precompiled-web-worker-inner~f-eebc7dc95bcd3d1c.worker.js:43
[  120767ms] [WARNING] getSerializedKeyForKeypath returned undefined key in InMemoryIndex for table: profiles, with index: email @ https://tflteams.public.onecdn.static.microsoft/teams-modular-packages/hashed-assets/precompiled-web-worker-inner~f-eebc7dc95bcd3d1c.worker.js:43
[  120767ms] [WARNING] getSerializedKeyForKeypath returned undefined key in InMemoryIndex for table: profiles, with index: email @ https://tflteams.public.onecdn.static.microsoft/teams-modular-packages/hashed-assets/precompiled-web-worker-inner~f-eebc7dc95bcd3d1c.worker.js:43
[  120767ms] [WARNING] getSerializedKeyForKeypath returned undefined key in InMemoryIndex for table: profiles, with index: email @ https://tflteams.public.onecdn.static.microsoft/teams-modular-packages/hashed-assets/precompiled-web-worker-inner~f-eebc7dc95bcd3d1c.worker.js:43
[  120767ms] [WARNING] getSerializedKeyForKeypath returned undefined key in InMemoryIndex for table: profiles, with index: email @ https://tflteams.public.onecdn.static.microsoft/teams-modular-packages/hashed-assets/precompiled-web-worker-inner~f-eebc7dc95bcd3d1c.worker.js:43
[  120768ms] [WARNING] getSerializedKeyForKeypath returned undefined key in InMemoryIndex for table: profiles, with index: email @ https://tflteams.public.onecdn.static.microsoft/teams-modular-packages/hashed-assets/precompiled-web-worker-inner~f-eebc7dc95bcd3d1c.worker.js:43
[  120768ms] [WARNING] getSerializedKeyForKeypath returned undefined key in InMemoryIndex for table: profiles, with index: email @ https://tflteams.public.onecdn.static.microsoft/teams-modular-packages/hashed-assets/precompiled-web-worker-inner~f-eebc7dc95bcd3d1c.worker.js:43
[  120768ms] [WARNING] getSerializedKeyForKeypath returned undefined key in InMemoryIndex for table: profiles, with index: email @ https://tflteams.public.onecdn.static.microsoft/teams-modular-packages/hashed-assets/precompiled-web-worker-inner~f-eebc7dc95bcd3d1c.worker.js:43
[  120768ms] [WARNING] getSerializedKeyForKeypath returned undefined key in InMemoryIndex for table: profiles, with index: email @ https://tflteams.public.onecdn.static.microsoft/teams-modular-packages/hashed-assets/precompiled-web-worker-inner~f-eebc7dc95bcd3d1c.worker.js:43
[  120768ms] [WARNING] getSerializedKeyForKeypath returned undefined key in InMemoryIndex for table: profiles, with index: email @ https://tflteams.public.onecdn.static.microsoft/teams-modular-packages/hashed-assets/precompiled-web-worker-inner~f-eebc7dc95bcd3d1c.worker.js:43
[  120768ms] [WARNING] getSerializedKeyForKeypath returned undefined key in InMemoryIndex for table: profiles, with index: email @ https://tflteams.public.onecdn.static.microsoft/teams-modular-packages/hashed-assets/precompiled-web-worker-inner~f-eebc7dc95bcd3d1c.worker.js:43
[  120768ms] [WARNING] getSerializedKeyForKeypath returned undefined key in InMemoryIndex for table: profiles, with index: email @ https://tflteams.public.onecdn.static.microsoft/teams-modular-packages/hashed-assets/precompiled-web-worker-inner~f-eebc7dc95bcd3d1c.worker.js:43
[  120768ms] [WARNING] getSerializedKeyForKeypath returned undefined key in InMemoryIndex for table: profiles, with index: email @ https://tflteams.public.onecdn.static.microsoft/teams-modular-packages/hashed-assets/precompiled-web-worker-inner~f-eebc7dc95bcd3d1c.worker.js:43
[  120768ms] [WARNING] getSerializedKeyForKeypath returned undefined key in InMemoryIndex for table: profiles, with index: email @ https://tflteams.public.onecdn.static.microsoft/teams-modular-packages/hashed-assets/precompiled-web-worker-inner~f-eebc7dc95bcd3d1c.worker.js:43
[  120768ms] [WARNING] getSerializedKeyForKeypath returned undefined key in InMemoryIndex for table: profiles, with index: email @ https://tflteams.public.onecdn.static.microsoft/teams-modular-packages/hashed-assets/precompiled-web-worker-inner~f-eebc7dc95bcd3d1c.worker.js:43
[  120768ms] [WARNING] getSerializedKeyForKeypath returned undefined key in InMemoryIndex for table: profiles, with index: email @ https://tflteams.public.onecdn.static.microsoft/teams-modular-packages/hashed-assets/precompiled-web-worker-inner~f-eebc7dc95bcd3d1c.worker.js:43
[  120768ms] [WARNING] getSerializedKeyForKeypath returned undefined key in InMemoryIndex for table: profiles, with index: email @ https://tflteams.public.onecdn.static.microsoft/teams-modular-packages/hashed-assets/precompiled-web-worker-inner~f-eebc7dc95bcd3d1c.worker.js:43
[  120768ms] [WARNING] getSerializedKeyForKeypath returned undefined key in InMemoryIndex for table: profiles, with index: email @ https://tflteams.public.onecdn.static.microsoft/teams-modular-packages/hashed-assets/precompiled-web-worker-inner~f-eebc7dc95bcd3d1c.worker.js:43
[  120768ms] [WARNING] getSerializedKeyForKeypath returned undefined key in InMemoryIndex for table: profiles, with index: email @ https://tflteams.public.onecdn.static.microsoft/teams-modular-packages/hashed-assets/precompiled-web-worker-inner~f-eebc7dc95bcd3d1c.worker.js:43
[  120769ms] [WARNING] getSerializedKeyForKeypath returned undefined key in InMemoryIndex for table: profiles, with index: email @ https://tflteams.public.onecdn.static.microsoft/teams-modular-packages/hashed-assets/precompiled-web-worker-inner~f-eebc7dc95bcd3d1c.worker.js:43
[  120769ms] [WARNING] getSerializedKeyForKeypath returned undefined key in InMemoryIndex for table: profiles, with index: email @ https://tflteams.public.onecdn.static.microsoft/teams-modular-packages/hashed-assets/precompiled-web-worker-inner~f-eebc7dc95bcd3d1c.worker.js:43
[  120769ms] [WARNING] getSerializedKeyForKeypath returned undefined key in InMemoryIndex for table: profiles, with index: email @ https://tflteams.public.onecdn.static.microsoft/teams-modular-packages/hashed-assets/precompiled-web-worker-inner~f-eebc7dc95bcd3d1c.worker.js:43
[  120769ms] [WARNING] getSerializedKeyForKeypath returned undefined key in InMemoryIndex for table: profiles, with index: email @ https://tflteams.public.onecdn.static.microsoft/teams-modular-packages/hashed-assets/precompiled-web-worker-inner~f-eebc7dc95bcd3d1c.worker.js:43
[  120769ms] [WARNING] getSerializedKeyForKeypath returned undefined key in InMemoryIndex for table: profiles, with index: email @ https://tflteams.public.onecdn.static.microsoft/teams-modular-packages/hashed-assets/precompiled-web-worker-inner~f-eebc7dc95bcd3d1c.worker.js:43
[  120769ms] [WARNING] getSerializedKeyForKeypath returned undefined key in InMemoryIndex for table: profiles, with index: email @ https://tflteams.public.onecdn.static.microsoft/teams-modular-packages/hashed-assets/precompiled-web-worker-inner~f-eebc7dc95bcd3d1c.worker.js:43
[  120769ms] [WARNING] getSerializedKeyForKeypath returned undefined key in InMemoryIndex for table: profiles, with index: email @ https://tflteams.public.onecdn.static.microsoft/teams-modular-packages/hashed-assets/precompiled-web-worker-inner~f-eebc7dc95bcd3d1c.worker.js:43
[  120769ms] [WARNING] getSerializedKeyForKeypath returned undefined key in InMemoryIndex for table: profiles, with index: email @ https://tflteams.public.onecdn.static.microsoft/teams-modular-packages/hashed-assets/precompiled-web-worker-inner~f-eebc7dc95bcd3d1c.worker.js:43
[  120783ms] [WARNING] getSerializedKeyForKeypath returned undefined key in InMemoryIndex for table: profiles, with index: email @ https://tflteams.public.onecdn.static.microsoft/teams-modular-packages/hashed-assets/precompiled-web-worker-inner~f-eebc7dc95bcd3d1c.worker.js:43
[  120784ms] [WARNING] getSerializedKeyForKeypath returned undefined key in InMemoryIndex for table: profiles, with index: email @ https://tflteams.public.onecdn.static.microsoft/teams-modular-packages/hashed-assets/precompiled-web-worker-inner~f-eebc7dc95bcd3d1c.worker.js:43
[  120784ms] [WARNING] getSerializedKeyForKeypath returned undefined key in InMemoryIndex for table: profiles, with index: email @ https://tflteams.public.onecdn.static.microsoft/teams-modular-packages/hashed-assets/precompiled-web-worker-inner~f-eebc7dc95bcd3d1c.worker.js:43
[  120784ms] [WARNING] getSerializedKeyForKeypath returned undefined key in InMemoryIndex for table: profiles, with index: email @ https://tflteams.public.onecdn.static.microsoft/teams-modular-packages/hashed-assets/precompiled-web-worker-inner~f-eebc7dc95bcd3d1c.worker.js:43
[  120784ms] [WARNING] getSerializedKeyForKeypath returned undefined key in InMemoryIndex for table: profiles, with index: email @ https://tflteams.public.onecdn.static.microsoft/teams-modular-packages/hashed-assets/precompiled-web-worker-inner~f-eebc7dc95bcd3d1c.worker.js:43
[  120784ms] [WARNING] getSerializedKeyForKeypath returned undefined key in InMemoryIndex for table: profiles, with index: email @ https://tflteams.public.onecdn.static.microsoft/teams-modular-packages/hashed-assets/precompiled-web-worker-inner~f-eebc7dc95bcd3d1c.worker.js:43
[  120784ms] [WARNING] getSerializedKeyForKeypath returned undefined key in InMemoryIndex for table: profiles, with index: email @ https://tflteams.public.onecdn.static.microsoft/teams-modular-packages/hashed-assets/precompiled-web-worker-inner~f-eebc7dc95bcd3d1c.worker.js:43
[  120784ms] [WARNING] getSerializedKeyForKeypath returned undefined key in InMemoryIndex for table: profiles, with index: email @ https://tflteams.public.onecdn.static.microsoft/teams-modular-packages/hashed-assets/precompiled-web-worker-inner~f-eebc7dc95bcd3d1c.worker.js:43
[  120784ms] [WARNING] getSerializedKeyForKeypath returned undefined key in InMemoryIndex for table: profiles, with index: email @ https://tflteams.public.onecdn.static.microsoft/teams-modular-packages/hashed-assets/precompiled-web-worker-inner~f-eebc7dc95bcd3d1c.worker.js:43
[  120784ms] [WARNING] getSerializedKeyForKeypath returned undefined key in InMemoryIndex for table: profiles, with index: email @ https://tflteams.public.onecdn.static.microsoft/teams-modular-packages/hashed-assets/precompiled-web-worker-inner~f-eebc7dc95bcd3d1c.worker.js:43
[  120785ms] [WARNING] getSerializedKeyForKeypath returned undefined key in InMemoryIndex for table: profiles, with index: email @ https://tflteams.public.onecdn.static.microsoft/teams-modular-packages/hashed-assets/precompiled-web-worker-inner~f-eebc7dc95bcd3d1c.worker.js:43
[  120785ms] [WARNING] getSerializedKeyForKeypath returned undefined key in InMemoryIndex for table: profiles, with index: email @ https://tflteams.public.onecdn.static.microsoft/teams-modular-packages/hashed-assets/precompiled-web-worker-inner~f-eebc7dc95bcd3d1c.worker.js:43
[  120785ms] [WARNING] getSerializedKeyForKeypath returned undefined key in InMemoryIndex for table: profiles, with index: email @ https://tflteams.public.onecdn.static.microsoft/teams-modular-packages/hashed-assets/precompiled-web-worker-inner~f-eebc7dc95bcd3d1c.worker.js:43
[  120785ms] [WARNING] getSerializedKeyForKeypath returned undefined key in InMemoryIndex for table: profiles, with index: email @ https://tflteams.public.onecdn.static.microsoft/teams-modular-packages/hashed-assets/precompiled-web-worker-inner~f-eebc7dc95bcd3d1c.worker.js:43
[  120785ms] [WARNING] getSerializedKeyForKeypath returned undefined key in InMemoryIndex for table: profiles, with index: email @ https://tflteams.public.onecdn.static.microsoft/teams-modular-packages/hashed-assets/precompiled-web-worker-inner~f-eebc7dc95bcd3d1c.worker.js:43
[  120785ms] [WARNING] getSerializedKeyForKeypath returned undefined key in InMemoryIndex for table: profiles, with index: email @ https://tflteams.public.onecdn.static.microsoft/teams-modular-packages/hashed-assets/precompiled-web-worker-inner~f-eebc7dc95bcd3d1c.worker.js:43
[  120785ms] [WARNING] getSerializedKeyForKeypath returned undefined key in InMemoryIndex for table: profiles, with index: email @ https://tflteams.public.onecdn.static.microsoft/teams-modular-packages/hashed-assets/precompiled-web-worker-inner~f-eebc7dc95bcd3d1c.worker.js:43
[  120785ms] [WARNING] getSerializedKeyForKeypath returned undefined key in InMemoryIndex for table: profiles, with index: email @ https://tflteams.public.onecdn.static.microsoft/teams-modular-packages/hashed-assets/precompiled-web-worker-inner~f-eebc7dc95bcd3d1c.worker.js:43
[  120785ms] [WARNING] getSerializedKeyForKeypath returned undefined key in InMemoryIndex for table: profiles, with index: email @ https://tflteams.public.onecdn.static.microsoft/teams-modular-packages/hashed-assets/precompiled-web-worker-inner~f-eebc7dc95bcd3d1c.worker.js:43
[  120785ms] [WARNING] getSerializedKeyForKeypath returned undefined key in InMemoryIndex for table: profiles, with index: email @ https://tflteams.public.onecdn.static.microsoft/teams-modular-packages/hashed-assets/precompiled-web-worker-inner~f-eebc7dc95bcd3d1c.worker.js:43
[  120786ms] [WARNING] getSerializedKeyForKeypath returned undefined key in InMemoryIndex for table: profiles, with index: email @ https://tflteams.public.onecdn.static.microsoft/teams-modular-packages/hashed-assets/precompiled-web-worker-inner~f-eebc7dc95bcd3d1c.worker.js:43
[  120786ms] [WARNING] getSerializedKeyForKeypath returned undefined key in InMemoryIndex for table: profiles, with index: email @ https://tflteams.public.onecdn.static.microsoft/teams-modular-packages/hashed-assets/precompiled-web-worker-inner~f-eebc7dc95bcd3d1c.worker.js:43
[  120786ms] [WARNING] getSerializedKeyForKeypath returned undefined key in InMemoryIndex for table: profiles, with index: email @ https://tflteams.public.onecdn.static.microsoft/teams-modular-packages/hashed-assets/precompiled-web-worker-inner~f-eebc7dc95bcd3d1c.worker.js:43
[  120787ms] [WARNING] getSerializedKeyForKeypath returned undefined key in InMemoryIndex for table: profiles, with index: email @ https://tflteams.public.onecdn.static.microsoft/teams-modular-packages/hashed-assets/precompiled-web-worker-inner~f-eebc7dc95bcd3d1c.worker.js:43
[  120787ms] [WARNING] getSerializedKeyForKeypath returned undefined key in InMemoryIndex for table: profiles, with index: email @ https://tflteams.public.onecdn.static.microsoft/teams-modular-packages/hashed-assets/precompiled-web-worker-inner~f-eebc7dc95bcd3d1c.worker.js:43
[  120787ms] [WARNING] getSerializedKeyForKeypath returned undefined key in InMemoryIndex for table: profiles, with index: email @ https://tflteams.public.onecdn.static.microsoft/teams-modular-packages/hashed-assets/precompiled-web-worker-inner~f-eebc7dc95bcd3d1c.worker.js:43
[  120787ms] [WARNING] getSerializedKeyForKeypath returned undefined key in InMemoryIndex for table: profiles, with index: email @ https://tflteams.public.onecdn.static.microsoft/teams-modular-packages/hashed-assets/precompiled-web-worker-inner~f-eebc7dc95bcd3d1c.worker.js:43
[  120787ms] [WARNING] getSerializedKeyForKeypath returned undefined key in InMemoryIndex for table: profiles, with index: email @ https://tflteams.public.onecdn.static.microsoft/teams-modular-packages/hashed-assets/precompiled-web-worker-inner~f-eebc7dc95bcd3d1c.worker.js:43
[  120787ms] [WARNING] getSerializedKeyForKeypath returned undefined key in InMemoryIndex for table: profiles, with index: email @ https://tflteams.public.onecdn.static.microsoft/teams-modular-packages/hashed-assets/precompiled-web-worker-inner~f-eebc7dc95bcd3d1c.worker.js:43
[  120788ms] [WARNING] getSerializedKeyForKeypath returned undefined key in InMemoryIndex for table: profiles, with index: email @ https://tflteams.public.onecdn.static.microsoft/teams-modular-packages/hashed-assets/precompiled-web-worker-inner~f-eebc7dc95bcd3d1c.worker.js:43
[  120788ms] [WARNING] getSerializedKeyForKeypath returned undefined key in InMemoryIndex for table: profiles, with index: email @ https://tflteams.public.onecdn.static.microsoft/teams-modular-packages/hashed-assets/precompiled-web-worker-inner~f-eebc7dc95bcd3d1c.worker.js:43
[  120788ms] [WARNING] getSerializedKeyForKeypath returned undefined key in InMemoryIndex for table: profiles, with index: email @ https://tflteams.public.onecdn.static.microsoft/teams-modular-packages/hashed-assets/precompiled-web-worker-inner~f-eebc7dc95bcd3d1c.worker.js:43
[  120788ms] [WARNING] getSerializedKeyForKeypath returned undefined key in InMemoryIndex for table: profiles, with index: email @ https://tflteams.public.onecdn.static.microsoft/teams-modular-packages/hashed-assets/precompiled-web-worker-inner~f-eebc7dc95bcd3d1c.worker.js:43
[  120788ms] [WARNING] getSerializedKeyForKeypath returned undefined key in InMemoryIndex for table: profiles, with index: email @ https://tflteams.public.onecdn.static.microsoft/teams-modular-packages/hashed-assets/precompiled-web-worker-inner~f-eebc7dc95bcd3d1c.worker.js:43
[  120788ms] [WARNING] getSerializedKeyForKeypath returned undefined key in InMemoryIndex for table: profiles, with index: email @ https://tflteams.public.onecdn.static.microsoft/teams-modular-packages/hashed-assets/precompiled-web-worker-inner~f-eebc7dc95bcd3d1c.worker.js:43
[  120788ms] [WARNING] getSerializedKeyForKeypath returned undefined key in InMemoryIndex for table: profiles, with index: email @ https://tflteams.public.onecdn.static.microsoft/teams-modular-packages/hashed-assets/precompiled-web-worker-inner~f-eebc7dc95bcd3d1c.worker.js:43
[  120788ms] [WARNING] getSerializedKeyForKeypath returned undefined key in InMemoryIndex for table: profiles, with index: email @ https://tflteams.public.onecdn.static.microsoft/teams-modular-packages/hashed-assets/precompiled-web-worker-inner~f-eebc7dc95bcd3d1c.worker.js:43
[  120788ms] [WARNING] getSerializedKeyForKeypath returned undefined key in InMemoryIndex for table: profiles, with index: email @ https://tflteams.public.onecdn.static.microsoft/teams-modular-packages/hashed-assets/precompiled-web-worker-inner~f-eebc7dc95bcd3d1c.worker.js:43
[  121366ms] [WARNING] getSerializedKeyForKeypath returned undefined key in InMemoryIndex for table: profiles, with index: email @ https://tflteams.public.onecdn.static.microsoft/teams-modular-packages/hashed-assets/precompiled-web-worker-inner~f-eebc7dc95bcd3d1c.worker.js:43
[  121366ms] [WARNING] getSerializedKeyForKeypath returned undefined key in InMemoryIndex for table: profiles, with index: email @ https://tflteams.public.onecdn.static.microsoft/teams-modular-packages/hashed-assets/precompiled-web-worker-inner~f-eebc7dc95bcd3d1c.worker.js:43
[  121366ms] [WARNING] getSerializedKeyForKeypath returned undefined key in InMemoryIndex for table: profiles, with index: email @ https://tflteams.public.onecdn.static.microsoft/teams-modular-packages/hashed-assets/precompiled-web-worker-inner~f-eebc7dc95bcd3d1c.worker.js:43
[  121366ms] [WARNING] getSerializedKeyForKeypath returned undefined key in InMemoryIndex for table: profiles, with index: email @ https://tflteams.public.onecdn.static.microsoft/teams-modular-packages/hashed-assets/precompiled-web-worker-inner~f-eebc7dc95bcd3d1c.worker.js:43
[  121366ms] [WARNING] getSerializedKeyForKeypath returned undefined key in InMemoryIndex for table: profiles, with index: email @ https://tflteams.public.onecdn.static.microsoft/teams-modular-packages/hashed-assets/precompiled-web-worker-inner~f-eebc7dc95bcd3d1c.worker.js:43
[  121366ms] [WARNING] getSerializedKeyForKeypath returned undefined key in InMemoryIndex for table: profiles, with index: email @ https://tflteams.public.onecdn.static.microsoft/teams-modular-packages/hashed-assets/precompiled-web-worker-inner~f-eebc7dc95bcd3d1c.worker.js:43
[  121367ms] [WARNING] getSerializedKeyForKeypath returned undefined key in InMemoryIndex for table: profiles, with index: email @ https://tflteams.public.onecdn.static.microsoft/teams-modular-packages/hashed-assets/precompiled-web-worker-inner~f-eebc7dc95bcd3d1c.worker.js:43
[  121367ms] [WARNING] getSerializedKeyForKeypath returned undefined key in InMemoryIndex for table: profiles, with index: email @ https://tflteams.public.onecdn.static.microsoft/teams-modular-packages/hashed-assets/precompiled-web-worker-inner~f-eebc7dc95bcd3d1c.worker.js:43
[  121367ms] [WARNING] getSerializedKeyForKeypath returned undefined key in InMemoryIndex for table: profiles, with index: email @ https://tflteams.public.onecdn.static.microsoft/teams-modular-packages/hashed-assets/precompiled-web-worker-inner~f-eebc7dc95bcd3d1c.worker.js:43
[  121367ms] [WARNING] getSerializedKeyForKeypath returned undefined key in InMemoryIndex for table: profiles, with index: email @ https://tflteams.public.onecdn.static.microsoft/teams-modular-packages/hashed-assets/precompiled-web-worker-inner~f-eebc7dc95bcd3d1c.worker.js:43
[  121367ms] [WARNING] getSerializedKeyForKeypath returned undefined key in InMemoryIndex for table: profiles, with index: email @ https://tflteams.public.onecdn.static.microsoft/teams-modular-packages/hashed-assets/precompiled-web-worker-inner~f-eebc7dc95bcd3d1c.worker.js:43
[  121367ms] [WARNING] getSerializedKeyForKeypath returned undefined key in InMemoryIndex for table: profiles, with index: email @ https://tflteams.public.onecdn.static.microsoft/teams-modular-packages/hashed-assets/precompiled-web-worker-inner~f-eebc7dc95bcd3d1c.worker.js:43
[  121367ms] [WARNING] getSerializedKeyForKeypath returned undefined key in InMemoryIndex for table: profiles, with index: email @ https://tflteams.public.onecdn.static.microsoft/teams-modular-packages/hashed-assets/precompiled-web-worker-inner~f-eebc7dc95bcd3d1c.worker.js:43
[  121367ms] [WARNING] getSerializedKeyForKeypath returned undefined key in InMemoryIndex for table: profiles, with index: email @ https://tflteams.public.onecdn.static.microsoft/teams-modular-packages/hashed-assets/precompiled-web-worker-inner~f-eebc7dc95bcd3d1c.worker.js:43
[  121367ms] [WARNING] getSerializedKeyForKeypath returned undefined key in InMemoryIndex for table: profiles, with index: email @ https://tflteams.public.onecdn.static.microsoft/teams-modular-packages/hashed-assets/precompiled-web-worker-inner~f-eebc7dc95bcd3d1c.worker.js:43
[  121367ms] [WARNING] getSerializedKeyForKeypath returned undefined key in InMemoryIndex for table: profiles, with index: email @ https://tflteams.public.onecdn.static.microsoft/teams-modular-packages/hashed-assets/precompiled-web-worker-inner~f-eebc7dc95bcd3d1c.worker.js:43
[  121367ms] [WARNING] getSerializedKeyForKeypath returned undefined key in InMemoryIndex for table: profiles, with index: email @ https://tflteams.public.onecdn.static.microsoft/teams-modular-packages/hashed-assets/precompiled-web-worker-inner~f-eebc7dc95bcd3d1c.worker.js:43
[  121367ms] [WARNING] getSerializedKeyForKeypath returned undefined key in InMemoryIndex for table: profiles, with index: email @ https://tflteams.public.onecdn.static.microsoft/teams-modular-packages/hashed-assets/precompiled-web-worker-inner~f-eebc7dc95bcd3d1c.worker.js:43
[  121367ms] [WARNING] getSerializedKeyForKeypath returned undefined key in InMemoryIndex for table: profiles, with index: email @ https://tflteams.public.onecdn.static.microsoft/teams-modular-packages/hashed-assets/precompiled-web-worker-inner~f-eebc7dc95bcd3d1c.worker.js:43
[  121367ms] [WARNING] getSerializedKeyForKeypath returned undefined key in InMemoryIndex for table: profiles, with index: email @ https://tflteams.public.onecdn.static.microsoft/teams-modular-packages/hashed-assets/precompiled-web-worker-inner~f-eebc7dc95bcd3d1c.worker.js:43
[  121368ms] [WARNING] getSerializedKeyForKeypath returned undefined key in InMemoryIndex for table: profiles, with index: email @ https://tflteams.public.onecdn.static.microsoft/teams-modular-packages/hashed-assets/precompiled-web-worker-inner~f-eebc7dc95bcd3d1c.worker.js:43
[  121368ms] [WARNING] getSerializedKeyForKeypath returned undefined key in InMemoryIndex for table: profiles, with index: email @ https://tflteams.public.onecdn.static.microsoft/teams-modular-packages/hashed-assets/precompiled-web-worker-inner~f-eebc7dc95bcd3d1c.worker.js:43
[  121368ms] [WARNING] getSerializedKeyForKeypath returned undefined key in InMemoryIndex for table: profiles, with index: email @ https://tflteams.public.onecdn.static.microsoft/teams-modular-packages/hashed-assets/precompiled-web-worker-inner~f-eebc7dc95bcd3d1c.worker.js:43
[  121368ms] [WARNING] getSerializedKeyForKeypath returned undefined key in InMemoryIndex for table: profiles, with index: email @ https://tflteams.public.onecdn.static.microsoft/teams-modular-packages/hashed-assets/precompiled-web-worker-inner~f-eebc7dc95bcd3d1c.worker.js:43
[  121368ms] [WARNING] getSerializedKeyForKeypath returned undefined key in InMemoryIndex for table: profiles, with index: email @ https://tflteams.public.onecdn.static.microsoft/teams-modular-packages/hashed-assets/precompiled-web-worker-inner~f-eebc7dc95bcd3d1c.worker.js:43
[  121368ms] [WARNING] getSerializedKeyForKeypath returned undefined key in InMemoryIndex for table: profiles, with index: email @ https://tflteams.public.onecdn.static.microsoft/teams-modular-packages/hashed-assets/precompiled-web-worker-inner~f-eebc7dc95bcd3d1c.worker.js:43
[  121368ms] [WARNING] getSerializedKeyForKeypath returned undefined key in InMemoryIndex for table: profiles, with index: email @ https://tflteams.public.onecdn.static.microsoft/teams-modular-packages/hashed-assets/precompiled-web-worker-inner~f-eebc7dc95bcd3d1c.worker.js:43
[  121368ms] [WARNING] getSerializedKeyForKeypath returned undefined key in InMemoryIndex for table: profiles, with index: email @ https://tflteams.public.onecdn.static.microsoft/teams-modular-packages/hashed-assets/precompiled-web-worker-inner~f-eebc7dc95bcd3d1c.worker.js:43
[  121368ms] [WARNING] getSerializedKeyForKeypath returned undefined key in InMemoryIndex for table: profiles, with index: email @ https://tflteams.public.onecdn.static.microsoft/teams-modular-packages/hashed-assets/precompiled-web-worker-inner~f-eebc7dc95bcd3d1c.worker.js:43
[  121368ms] [WARNING] getSerializedKeyForKeypath returned undefined key in InMemoryIndex for table: profiles, with index: email @ https://tflteams.public.onecdn.static.microsoft/teams-modular-packages/hashed-assets/precompiled-web-worker-inner~f-eebc7dc95bcd3d1c.worker.js:43
[  121368ms] [WARNING] getSerializedKeyForKeypath returned undefined key in InMemoryIndex for table: profiles, with index: email @ https://tflteams.public.onecdn.static.microsoft/teams-modular-packages/hashed-assets/precompiled-web-worker-inner~f-eebc7dc95bcd3d1c.worker.js:43
[  121368ms] [WARNING] getSerializedKeyForKeypath returned undefined key in InMemoryIndex for table: profiles, with index: email @ https://tflteams.public.onecdn.static.microsoft/teams-modular-packages/hashed-assets/precompiled-web-worker-inner~f-eebc7dc95bcd3d1c.worker.js:43
[  121368ms] [WARNING] getSerializedKeyForKeypath returned undefined key in InMemoryIndex for table: profiles, with index: email @ https://tflteams.public.onecdn.static.microsoft/teams-modular-packages/hashed-assets/precompiled-web-worker-inner~f-eebc7dc95bcd3d1c.worker.js:43
[  121368ms] [WARNING] getSerializedKeyForKeypath returned undefined key in InMemoryIndex for table: profiles, with index: email @ https://tflteams.public.onecdn.static.microsoft/teams-modular-packages/hashed-assets/precompiled-web-worker-inner~f-eebc7dc95bcd3d1c.worker.js:43
[  121368ms] [WARNING] getSerializedKeyForKeypath returned undefined key in InMemoryIndex for table: profiles, with index: email @ https://tflteams.public.onecdn.static.microsoft/teams-modular-packages/hashed-assets/precompiled-web-worker-inner~f-eebc7dc95bcd3d1c.worker.js:43
[  121368ms] [WARNING] getSerializedKeyForKeypath returned undefined key in InMemoryIndex for table: profiles, with index: email @ https://tflteams.public.onecdn.static.microsoft/teams-modular-packages/hashed-assets/precompiled-web-worker-inner~f-eebc7dc95bcd3d1c.worker.js:43
[  121369ms] [WARNING] getSerializedKeyForKeypath returned undefined key in InMemoryIndex for table: profiles, with index: email @ https://tflteams.public.onecdn.static.microsoft/teams-modular-packages/hashed-assets/precompiled-web-worker-inner~f-eebc7dc95bcd3d1c.worker.js:43
[  121369ms] [WARNING] getSerializedKeyForKeypath returned undefined key in InMemoryIndex for table: profiles, with index: email @ https://tflteams.public.onecdn.static.microsoft/teams-modular-packages/hashed-assets/precompiled-web-worker-inner~f-eebc7dc95bcd3d1c.worker.js:43
[  127089ms] [WARNING] The resource https://tflteams.public.onecdn.static.microsoft/teams-modular-packages/hashed-assets/496830-b9bc15da63f131f0.js was preloaded using link preload but not used within a few seconds from the window's load event. Please make sure it has an appropriate `as` value and it is preloaded intentionally. @ https://teams.live.com/v2/:0
[  127089ms] [WARNING] The resource https://tflteams.public.onecdn.static.microsoft/teams-modular-packages/hashed-assets/638055-8639409976087493.js was preloaded using link preload but not used within a few seconds from the window's load event. Please make sure it has an appropriate `as` value and it is preloaded intentionally. @ https://teams.live.com/v2/:0
[  127089ms] [WARNING] The resource https://tflteams.public.onecdn.static.microsoft/teams-modular-packages/hashed-assets/435678-d1bdf03cb0afb625.js was preloaded using link preload but not used within a few seconds from the window's load event. Please make sure it has an appropriate `as` value and it is preloaded intentionally. @ https://teams.live.com/v2/:0
[  127089ms] [WARNING] The resource https://tflteams.public.onecdn.static.microsoft/teams-modular-packages/hashed-assets/234995-0c3f3235fc6b66bd.js was preloaded using link preload but not used within a few seconds from the window's load event. Please make sure it has an appropriate `as` value and it is preloaded intentionally. @ https://teams.live.com/v2/:0
[  127089ms] [WARNING] The resource https://tflteams.public.onecdn.static.microsoft/teams-modular-packages/hashed-assets/341350-43f8cb4c1df179e4.js was preloaded using link preload but not used within a few seconds from the window's load event. Please make sure it has an appropriate `as` value and it is preloaded intentionally. @ https://teams.live.com/v2/:0
[  127089ms] [WARNING] The resource https://tflteams.public.onecdn.static.microsoft/teams-modular-packages/hashed-assets/integrities-ee314ca94868d28c4db2.js was preloaded using link preload but not used within a few seconds from the window's load event. Please make sure it has an appropriate `as` value and it is preloaded intentionally. @ https://teams.live.com/v2/:0
[  127089ms] [WARNING] The resource https://tflteams.public.onecdn.static.microsoft/teams-modular-packages/hashed-assets/griffel-35c4b6c6ca9f299f.css was preloaded using link preload but not used within a few seconds from the window's load event. Please make sure it has an appropriate `as` value and it is preloaded intentionally. @ https://teams.live.com/v2/:0
[  127089ms] [WARNING] The resource https://tflteams.public.onecdn.static.microsoft/teams-modular-packages/hashed-assets/462748-07d8fb6516d15b3a.js was preloaded using link preload but not used within a few seconds from the window's load event. Please make sure it has an appropriate `as` value and it is preloaded intentionally. @ https://teams.live.com/v2/:0
[  127089ms] [WARNING] The resource https://tflteams.public.onecdn.static.microsoft/teams-modular-packages/hashed-assets/54365-bfef35ea66ac127d.js was preloaded using link preload but not used within a few seconds from the window's load event. Please make sure it has an appropriate `as` value and it is preloaded intentionally. @ https://teams.live.com/v2/:0
[  127089ms] [WARNING] The resource https://tflteams.public.onecdn.static.microsoft/teams-modular-packages/hashed-assets/376190-643ba6bb5012b8c2.js was preloaded using link preload but not used within a few seconds from the window's load event. Please make sure it has an appropriate `as` value and it is preloaded intentionally. @ https://teams.live.com/v2/:0
[  127089ms] [WARNING] The resource https://tflteams.public.onecdn.static.microsoft/teams-modular-packages/hashed-assets/249566-274523e882e43004.js was preloaded using link preload but not used within a few seconds from the window's load event. Please make sure it has an appropriate `as` value and it is preloaded intentionally. @ https://teams.live.com/v2/:0
[  127089ms] [WARNING] The resource https://tflteams.public.onecdn.static.microsoft/teams-modular-packages/hashed-assets/main-bf92f430a18ec91b.js was preloaded using link preload but not used within a few seconds from the window's load event. Please make sure it has an appropriate `as` value and it is preloaded intentionally. @ https://teams.live.com/v2/:0
[  127089ms] [WARNING] The resource https://tflteams.public.onecdn.static.microsoft/teams-modular-packages/hashed-assets/runtime-52e013a359f54ff5.js was preloaded using link preload but not used within a few seconds from the window's load event. Please make sure it has an appropriate `as` value and it is preloaded intentionally. @ https://teams.live.com/v2/:0
[  127089ms] [WARNING] The resource https://tflteams.public.onecdn.static.microsoft/teams-modular-packages/hashed-assets/158884-70f571c7e70b86a5.js was preloaded using link preload but not used within a few seconds from the window's load event. Please make sure it has an appropriate `as` value and it is preloaded intentionally. @ https://teams.live.com/v2/:0
[  130283ms] [WARNING] The resource https://tflteams.public.onecdn.static.microsoft/teams-modular-packages/hashed-assets/496830-b9bc15da63f131f0.js was preloaded using link preload but not used within a few seconds from the window's load event. Please make sure it has an appropriate `as` value and it is preloaded intentionally. @ https://teams.live.com/v2/:0
[  130283ms] [WARNING] The resource https://tflteams.public.onecdn.static.microsoft/teams-modular-packages/hashed-assets/638055-8639409976087493.js was preloaded using link preload but not used within a few seconds from the window's load event. Please make sure it has an appropriate `as` value and it is preloaded intentionally. @ https://teams.live.com/v2/:0
[  130283ms] [WARNING] The resource https://tflteams.public.onecdn.static.microsoft/teams-modular-packages/hashed-assets/435678-d1bdf03cb0afb625.js was preloaded using link preload but not used within a few seconds from the window's load event. Please make sure it has an appropriate `as` value and it is preloaded intentionally. @ https://teams.live.com/v2/:0
[  130283ms] [WARNING] The resource https://tflteams.public.onecdn.static.microsoft/teams-modular-packages/hashed-assets/234995-0c3f3235fc6b66bd.js was preloaded using link preload but not used within a few seconds from the window's load event. Please make sure it has an appropriate `as` value and it is preloaded intentionally. @ https://teams.live.com/v2/:0
[  130283ms] [WARNING] The resource https://tflteams.public.onecdn.static.microsoft/teams-modular-packages/hashed-assets/341350-43f8cb4c1df179e4.js was preloaded using link preload but not used within a few seconds from the window's load event. Please make sure it has an appropriate `as` value and it is preloaded intentionally. @ https://teams.live.com/v2/:0
[  130283ms] [WARNING] The resource https://tflteams.public.onecdn.static.microsoft/teams-modular-packages/hashed-assets/integrities-ee314ca94868d28c4db2.js was preloaded using link preload but not used within a few seconds from the window's load event. Please make sure it has an appropriate `as` value and it is preloaded intentionally. @ https://teams.live.com/v2/:0
[  130283ms] [WARNING] The resource https://tflteams.public.onecdn.static.microsoft/teams-modular-packages/hashed-assets/griffel-35c4b6c6ca9f299f.css was preloaded using link preload but not used within a few seconds from the window's load event. Please make sure it has an appropriate `as` value and it is preloaded intentionally. @ https://teams.live.com/v2/:0
[  130283ms] [WARNING] The resource https://tflteams.public.onecdn.static.microsoft/teams-modular-packages/hashed-assets/462748-07d8fb6516d15b3a.js was preloaded using link preload but not used within a few seconds from the window's load event. Please make sure it has an appropriate `as` value and it is preloaded intentionally. @ https://teams.live.com/v2/:0
[  130283ms] [WARNING] The resource https://tflteams.public.onecdn.static.microsoft/teams-modular-packages/hashed-assets/54365-bfef35ea66ac127d.js was preloaded using link preload but not used within a few seconds from the window's load event. Please make sure it has an appropriate `as` value and it is preloaded intentionally. @ https://teams.live.com/v2/:0
[  130283ms] [WARNING] The resource https://tflteams.public.onecdn.static.microsoft/teams-modular-packages/hashed-assets/376190-643ba6bb5012b8c2.js was preloaded using link preload but not used within a few seconds from the window's load event. Please make sure it has an appropriate `as` value and it is preloaded intentionally. @ https://teams.live.com/v2/:0
[  130283ms] [WARNING] The resource https://tflteams.public.onecdn.static.microsoft/teams-modular-packages/hashed-assets/249566-274523e882e43004.js was preloaded using link preload but not used within a few seconds from the window's load event. Please make sure it has an appropriate `as` value and it is preloaded intentionally. @ https://teams.live.com/v2/:0
[  130283ms] [WARNING] The resource https://tflteams.public.onecdn.static.microsoft/teams-modular-packages/hashed-assets/main-bf92f430a18ec91b.js was preloaded using link preload but not used within a few seconds from the window's load event. Please make sure it has an appropriate `as` value and it is preloaded intentionally. @ https://teams.live.com/v2/:0
[  130283ms] [WARNING] The resource https://tflteams.public.onecdn.static.microsoft/teams-modular-packages/hashed-assets/runtime-52e013a359f54ff5.js was preloaded using link preload but not used within a few seconds from the window's load event. Please make sure it has an appropriate `as` value and it is preloaded intentionally. @ https://teams.live.com/v2/:0
[  130283ms] [WARNING] The resource https://tflteams.public.onecdn.static.microsoft/teams-modular-packages/hashed-assets/158884-70f571c7e70b86a5.js was preloaded using link preload but not used within a few seconds from the window's load event. Please make sure it has an appropriate `as` value and it is preloaded intentionally. @ https://teams.live.com/v2/:0
[  162088ms] [WARNING] getSerializedKeyForKeypath returned undefined key in InMemoryIndex for table: profiles, with index: email @ https://tflteams.public.onecdn.static.microsoft/teams-modular-packages/hashed-assets/precompiled-web-worker-inner~f-eebc7dc95bcd3d1c.worker.js:43
[  162089ms] [WARNING] getSerializedKeyForKeypath returned undefined key in InMemoryIndex for table: profiles, with index: email @ https://tflteams.public.onecdn.static.microsoft/teams-modular-packages/hashed-assets/precompiled-web-worker-inner~f-eebc7dc95bcd3d1c.worker.js:43
[  162089ms] [WARNING] getSerializedKeyForKeypath returned undefined key in InMemoryIndex for table: profiles, with index: email @ https://tflteams.public.onecdn.static.microsoft/teams-modular-packages/hashed-assets/precompiled-web-worker-inner~f-eebc7dc95bcd3d1c.worker.js:43
[  162089ms] [WARNING] getSerializedKeyForKeypath returned undefined key in InMemoryIndex for table: profiles, with index: email @ https://tflteams.public.onecdn.static.microsoft/teams-modular-packages/hashed-assets/precompiled-web-worker-inner~f-eebc7dc95bcd3d1c.worker.js:43
[  162089ms] [WARNING] getSerializedKeyForKeypath returned undefined key in InMemoryIndex for table: profiles, with index: email @ https://tflteams.public.onecdn.static.microsoft/teams-modular-packages/hashed-assets/precompiled-web-worker-inner~f-eebc7dc95bcd3d1c.worker.js:43
[  162089ms] [WARNING] getSerializedKeyForKeypath returned undefined key in InMemoryIndex for table: profiles, with index: email @ https://tflteams.public.onecdn.static.microsoft/teams-modular-packages/hashed-assets/precompiled-web-worker-inner~f-eebc7dc95bcd3d1c.worker.js:43
[  162091ms] [WARNING] getSerializedKeyForKeypath returned undefined key in InMemoryIndex for table: profiles, with index: email @ https://tflteams.public.onecdn.static.microsoft/teams-modular-packages/hashed-assets/precompiled-web-worker-inner~f-eebc7dc95bcd3d1c.worker.js:43
[  162091ms] [WARNING] getSerializedKeyForKeypath returned undefined key in InMemoryIndex for table: profiles, with index: email @ https://tflteams.public.onecdn.static.microsoft/teams-modular-packages/hashed-assets/precompiled-web-worker-inner~f-eebc7dc95bcd3d1c.worker.js:43
[  162091ms] [WARNING] getSerializedKeyForKeypath returned undefined key in InMemoryIndex for table: profiles, with index: email @ https://tflteams.public.onecdn.static.microsoft/teams-modular-packages/hashed-assets/precompiled-web-worker-inner~f-eebc7dc95bcd3d1c.worker.js:43
[  162091ms] [WARNING] getSerializedKeyForKeypath returned undefined key in InMemoryIndex for table: profiles, with index: email @ https://tflteams.public.onecdn.static.microsoft/teams-modular-packages/hashed-assets/precompiled-web-worker-inner~f-eebc7dc95bcd3d1c.worker.js:43
[  162092ms] [WARNING] getSerializedKeyForKeypath returned undefined key in InMemoryIndex for table: profiles, with index: email @ https://tflteams.public.onecdn.static.microsoft/teams-modular-packages/hashed-assets/precompiled-web-worker-inner~f-eebc7dc95bcd3d1c.worker.js:43
[  162092ms] [WARNING] getSerializedKeyForKeypath returned undefined key in InMemoryIndex for table: profiles, with index: email @ https://tflteams.public.onecdn.static.microsoft/teams-modular-packages/hashed-assets/precompiled-web-worker-inner~f-eebc7dc95bcd3d1c.worker.js:43
[  162092ms] [WARNING] getSerializedKeyForKeypath returned undefined key in InMemoryIndex for table: profiles, with index: email @ https://tflteams.public.onecdn.static.microsoft/teams-modular-packages/hashed-assets/precompiled-web-worker-inner~f-eebc7dc95bcd3d1c.worker.js:43
[  162092ms] [WARNING] getSerializedKeyForKeypath returned undefined key in InMemoryIndex for table: profiles, with index: email @ https://tflteams.public.onecdn.static.microsoft/teams-modular-packages/hashed-assets/precompiled-web-worker-inner~f-eebc7dc95bcd3d1c.worker.js:43
[  162092ms] [WARNING] getSerializedKeyForKeypath returned undefined key in InMemoryIndex for table: profiles, with index: email @ https://tflteams.public.onecdn.static.microsoft/teams-modular-packages/hashed-assets/precompiled-web-worker-inner~f-eebc7dc95bcd3d1c.worker.js:43
[  162092ms] [WARNING] getSerializedKeyForKeypath returned undefined key in InMemoryIndex for table: profiles, with index: email @ https://tflteams.public.onecdn.static.microsoft/teams-modular-packages/hashed-assets/precompiled-web-worker-inner~f-eebc7dc95bcd3d1c.worker.js:43
[  162092ms] [WARNING] getSerializedKeyForKeypath returned undefined key in InMemoryIndex for table: profiles, with index: email @ https://tflteams.public.onecdn.static.microsoft/teams-modular-packages/hashed-assets/precompiled-web-worker-inner~f-eebc7dc95bcd3d1c.worker.js:43
[  162093ms] [WARNING] getSerializedKeyForKeypath returned undefined key in InMemoryIndex for table: profiles, with index: email @ https://tflteams.public.onecdn.static.microsoft/teams-modular-packages/hashed-assets/precompiled-web-worker-inner~f-eebc7dc95bcd3d1c.worker.js:43
[  162093ms] [WARNING] getSerializedKeyForKeypath returned undefined key in InMemoryIndex for table: profiles, with index: email @ https://tflteams.public.onecdn.static.microsoft/teams-modular-packages/hashed-assets/precompiled-web-worker-inner~f-eebc7dc95bcd3d1c.worker.js:43
[  162093ms] [WARNING] getSerializedKeyForKeypath returned undefined key in InMemoryIndex for table: profiles, with index: email @ https://tflteams.public.onecdn.static.microsoft/teams-modular-packages/hashed-assets/precompiled-web-worker-inner~f-eebc7dc95bcd3d1c.worker.js:43
[  162093ms] [WARNING] getSerializedKeyForKeypath returned undefined key in InMemoryIndex for table: profiles, with index: email @ https://tflteams.public.onecdn.static.microsoft/teams-modular-packages/hashed-assets/precompiled-web-worker-inner~f-eebc7dc95bcd3d1c.worker.js:43
[  162093ms] [WARNING] getSerializedKeyForKeypath returned undefined key in InMemoryIndex for table: profiles, with index: email @ https://tflteams.public.onecdn.static.microsoft/teams-modular-packages/hashed-assets/precompiled-web-worker-inner~f-eebc7dc95bcd3d1c.worker.js:43
[  162093ms] [WARNING] getSerializedKeyForKeypath returned undefined key in InMemoryIndex for table: profiles, with index: email @ https://tflteams.public.onecdn.static.microsoft/teams-modular-packages/hashed-assets/precompiled-web-worker-inner~f-eebc7dc95bcd3d1c.worker.js:43
[  162094ms] [WARNING] getSerializedKeyForKeypath returned undefined key in InMemoryIndex for table: profiles, with index: email @ https://tflteams.public.onecdn.static.microsoft/teams-modular-packages/hashed-assets/precompiled-web-worker-inner~f-eebc7dc95bcd3d1c.worker.js:43
[  162094ms] [WARNING] getSerializedKeyForKeypath returned undefined key in InMemoryIndex for table: profiles, with index: email @ https://tflteams.public.onecdn.static.microsoft/teams-modular-packages/hashed-assets/precompiled-web-worker-inner~f-eebc7dc95bcd3d1c.worker.js:43
[  162094ms] [WARNING] getSerializedKeyForKeypath returned undefined key in InMemoryIndex for table: profiles, with index: email @ https://tflteams.public.onecdn.static.microsoft/teams-modular-packages/hashed-assets/precompiled-web-worker-inner~f-eebc7dc95bcd3d1c.worker.js:43
[  162094ms] [WARNING] getSerializedKeyForKeypath returned undefined key in InMemoryIndex for table: profiles, with index: email @ https://tflteams.public.onecdn.static.microsoft/teams-modular-packages/hashed-assets/precompiled-web-worker-inner~f-eebc7dc95bcd3d1c.worker.js:43
[  162094ms] [WARNING] getSerializedKeyForKeypath returned undefined key in InMemoryIndex for table: profiles, with index: email @ https://tflteams.public.onecdn.static.microsoft/teams-modular-packages/hashed-assets/precompiled-web-worker-inner~f-eebc7dc95bcd3d1c.worker.js:43
[  162094ms] [WARNING] getSerializedKeyForKeypath returned undefined key in InMemoryIndex for table: profiles, with index: email @ https://tflteams.public.onecdn.static.microsoft/teams-modular-packages/hashed-assets/precompiled-web-worker-inner~f-eebc7dc95bcd3d1c.worker.js:43
[  162094ms] [WARNING] getSerializedKeyForKeypath returned undefined key in InMemoryIndex for table: profiles, with index: email @ https://tflteams.public.onecdn.static.microsoft/teams-modular-packages/hashed-assets/precompiled-web-worker-inner~f-eebc7dc95bcd3d1c.worker.js:43
[  162094ms] [WARNING] getSerializedKeyForKeypath returned undefined key in InMemoryIndex for table: profiles, with index: email @ https://tflteams.public.onecdn.static.microsoft/teams-modular-packages/hashed-assets/precompiled-web-worker-inner~f-eebc7dc95bcd3d1c.worker.js:43
[  162095ms] [WARNING] getSerializedKeyForKeypath returned undefined key in InMemoryIndex for table: profiles, with index: email @ https://tflteams.public.onecdn.static.microsoft/teams-modular-packages/hashed-assets/precompiled-web-worker-inner~f-eebc7dc95bcd3d1c.worker.js:43
[  162095ms] [WARNING] getSerializedKeyForKeypath returned undefined key in InMemoryIndex for table: profiles, with index: email @ https://tflteams.public.onecdn.static.microsoft/teams-modular-packages/hashed-assets/precompiled-web-worker-inner~f-eebc7dc95bcd3d1c.worker.js:43
[  162095ms] [WARNING] getSerializedKeyForKeypath returned undefined key in InMemoryIndex for table: profiles, with index: email @ https://tflteams.public.onecdn.static.microsoft/teams-modular-packages/hashed-assets/precompiled-web-worker-inner~f-eebc7dc95bcd3d1c.worker.js:43
[  162095ms] [WARNING] getSerializedKeyForKeypath returned undefined key in InMemoryIndex for table: profiles, with index: email @ https://tflteams.public.onecdn.static.microsoft/teams-modular-packages/hashed-assets/precompiled-web-worker-inner~f-eebc7dc95bcd3d1c.worker.js:43
[  162095ms] [WARNING] getSerializedKeyForKeypath returned undefined key in InMemoryIndex for table: profiles, with index: email @ https://tflteams.public.onecdn.static.microsoft/teams-modular-packages/hashed-assets/precompiled-web-worker-inner~f-eebc7dc95bcd3d1c.worker.js:43
[  162095ms] [WARNING] getSerializedKeyForKeypath returned undefined key in InMemoryIndex for table: profiles, with index: email @ https://tflteams.public.onecdn.static.microsoft/teams-modular-packages/hashed-assets/precompiled-web-worker-inner~f-eebc7dc95bcd3d1c.worker.js:43
[  162095ms] [WARNING] getSerializedKeyForKeypath returned undefined key in InMemoryIndex for table: profiles, with index: email @ https://tflteams.public.onecdn.static.microsoft/teams-modular-packages/hashed-assets/precompiled-web-worker-inner~f-eebc7dc95bcd3d1c.worker.js:43
[  162122ms] [WARNING] getSerializedKeyForKeypath returned undefined key in InMemoryIndex for table: profiles, with index: email @ https://tflteams.public.onecdn.static.microsoft/teams-modular-packages/hashed-assets/precompiled-web-worker-inner~f-eebc7dc95bcd3d1c.worker.js:43
[  162122ms] [WARNING] getSerializedKeyForKeypath returned undefined key in InMemoryIndex for table: profiles, with index: email @ https://tflteams.public.onecdn.static.microsoft/teams-modular-packages/hashed-assets/precompiled-web-worker-inner~f-eebc7dc95bcd3d1c.worker.js:43
[  162122ms] [WARNING] getSerializedKeyForKeypath returned undefined key in InMemoryIndex for table: profiles, with index: email @ https://tflteams.public.onecdn.static.microsoft/teams-modular-packages/hashed-assets/precompiled-web-worker-inner~f-eebc7dc95bcd3d1c.worker.js:43
[  162122ms] [WARNING] getSerializedKeyForKeypath returned undefined key in InMemoryIndex for table: profiles, with index: email @ https://tflteams.public.onecdn.static.microsoft/teams-modular-packages/hashed-assets/precompiled-web-worker-inner~f-eebc7dc95bcd3d1c.worker.js:43
[  162122ms] [WARNING] getSerializedKeyForKeypath returned undefined key in InMemoryIndex for table: profiles, with index: email @ https://tflteams.public.onecdn.static.microsoft/teams-modular-packages/hashed-assets/precompiled-web-worker-inner~f-eebc7dc95bcd3d1c.worker.js:43
[  162122ms] [WARNING] getSerializedKeyForKeypath returned undefined key in InMemoryIndex for table: profiles, with index: email @ https://tflteams.public.onecdn.static.microsoft/teams-modular-packages/hashed-assets/precompiled-web-worker-inner~f-eebc7dc95bcd3d1c.worker.js:43
[  162122ms] [WARNING] getSerializedKeyForKeypath returned undefined key in InMemoryIndex for table: profiles, with index: email @ https://tflteams.public.onecdn.static.microsoft/teams-modular-packages/hashed-assets/precompiled-web-worker-inner~f-eebc7dc95bcd3d1c.worker.js:43
[  162122ms] [WARNING] getSerializedKeyForKeypath returned undefined key in InMemoryIndex for table: profiles, with index: email @ https://tflteams.public.onecdn.static.microsoft/teams-modular-packages/hashed-assets/precompiled-web-worker-inner~f-eebc7dc95bcd3d1c.worker.js:43
[  162122ms] [WARNING] getSerializedKeyForKeypath returned undefined key in InMemoryIndex for table: profiles, with index: email @ https://tflteams.public.onecdn.static.microsoft/teams-modular-packages/hashed-assets/precompiled-web-worker-inner~f-eebc7dc95bcd3d1c.worker.js:43
[  162123ms] [WARNING] getSerializedKeyForKeypath returned undefined key in InMemoryIndex for table: profiles, with index: email @ https://tflteams.public.onecdn.static.microsoft/teams-modular-packages/hashed-assets/precompiled-web-worker-inner~f-eebc7dc95bcd3d1c.worker.js:43
[  162123ms] [WARNING] getSerializedKeyForKeypath returned undefined key in InMemoryIndex for table: profiles, with index: email @ https://tflteams.public.onecdn.static.microsoft/teams-modular-packages/hashed-assets/precompiled-web-worker-inner~f-eebc7dc95bcd3d1c.worker.js:43
[  162123ms] [WARNING] getSerializedKeyForKeypath returned undefined key in InMemoryIndex for table: profiles, with index: email @ https://tflteams.public.onecdn.static.microsoft/teams-modular-packages/hashed-assets/precompiled-web-worker-inner~f-eebc7dc95bcd3d1c.worker.js:43
[  162123ms] [WARNING] getSerializedKeyForKeypath returned undefined key in InMemoryIndex for table: profiles, with index: email @ https://tflteams.public.onecdn.static.microsoft/teams-modular-packages/hashed-assets/precompiled-web-worker-inner~f-eebc7dc95bcd3d1c.worker.js:43
[  162123ms] [WARNING] getSerializedKeyForKeypath returned undefined key in InMemoryIndex for table: profiles, with index: email @ https://tflteams.public.onecdn.static.microsoft/teams-modular-packages/hashed-assets/precompiled-web-worker-inner~f-eebc7dc95bcd3d1c.worker.js:43
[  162123ms] [WARNING] getSerializedKeyForKeypath returned undefined key in InMemoryIndex for table: profiles, with index: email @ https://tflteams.public.onecdn.static.microsoft/teams-modular-packages/hashed-assets/precompiled-web-worker-inner~f-eebc7dc95bcd3d1c.worker.js:43
[  162123ms] [WARNING] getSerializedKeyForKeypath returned undefined key in InMemoryIndex for table: profiles, with index: email @ https://tflteams.public.onecdn.static.microsoft/teams-modular-packages/hashed-assets/precompiled-web-worker-inner~f-eebc7dc95bcd3d1c.worker.js:43
[  162123ms] [WARNING] getSerializedKeyForKeypath returned undefined key in InMemoryIndex for table: profiles, with index: email @ https://tflteams.public.onecdn.static.microsoft/teams-modular-packages/hashed-assets/precompiled-web-worker-inner~f-eebc7dc95bcd3d1c.worker.js:43
[  162123ms] [WARNING] getSerializedKeyForKeypath returned undefined key in InMemoryIndex for table: profiles, with index: email @ https://tflteams.public.onecdn.static.microsoft/teams-modular-packages/hashed-assets/precompiled-web-worker-inner~f-eebc7dc95bcd3d1c.worker.js:43
[  162123ms] [WARNING] getSerializedKeyForKeypath returned undefined key in InMemoryIndex for table: profiles, with index: email @ https://tflteams.public.onecdn.static.microsoft/teams-modular-packages/hashed-assets/precompiled-web-worker-inner~f-eebc7dc95bcd3d1c.worker.js:43
[  162123ms] [WARNING] getSerializedKeyForKeypath returned undefined key in InMemoryIndex for table: profiles, with index: email @ https://tflteams.public.onecdn.static.microsoft/teams-modular-packages/hashed-assets/precompiled-web-worker-inner~f-eebc7dc95bcd3d1c.worker.js:43
[  162123ms] [WARNING] getSerializedKeyForKeypath returned undefined key in InMemoryIndex for table: profiles, with index: email @ https://tflteams.public.onecdn.static.microsoft/teams-modular-packages/hashed-assets/precompiled-web-worker-inner~f-eebc7dc95bcd3d1c.worker.js:43
[  162123ms] [WARNING] getSerializedKeyForKeypath returned undefined key in InMemoryIndex for table: profiles, with index: email @ https://tflteams.public.onecdn.static.microsoft/teams-modular-packages/hashed-assets/precompiled-web-worker-inner~f-eebc7dc95bcd3d1c.worker.js:43
[  162123ms] [WARNING] getSerializedKeyForKeypath returned undefined key in InMemoryIndex for table: profiles, with index: email @ https://tflteams.public.onecdn.static.microsoft/teams-modular-packages/hashed-assets/precompiled-web-worker-inner~f-eebc7dc95bcd3d1c.worker.js:43
[  162124ms] [WARNING] getSerializedKeyForKeypath returned undefined key in InMemoryIndex for table: profiles, with index: email @ https://tflteams.public.onecdn.static.microsoft/teams-modular-packages/hashed-assets/precompiled-web-worker-inner~f-eebc7dc95bcd3d1c.worker.js:43
[  162124ms] [WARNING] getSerializedKeyForKeypath returned undefined key in InMemoryIndex for table: profiles, with index: email @ https://tflteams.public.onecdn.static.microsoft/teams-modular-packages/hashed-assets/precompiled-web-worker-inner~f-eebc7dc95bcd3d1c.worker.js:43
[  162124ms] [WARNING] getSerializedKeyForKeypath returned undefined key in InMemoryIndex for table: profiles, with index: email @ https://tflteams.public.onecdn.static.microsoft/teams-modular-packages/hashed-assets/precompiled-web-worker-inner~f-eebc7dc95bcd3d1c.worker.js:43
[  162124ms] [WARNING] getSerializedKeyForKeypath returned undefined key in InMemoryIndex for table: profiles, with index: email @ https://tflteams.public.onecdn.static.microsoft/teams-modular-packages/hashed-assets/precompiled-web-worker-inner~f-eebc7dc95bcd3d1c.worker.js:43
[  162124ms] [WARNING] getSerializedKeyForKeypath returned undefined key in InMemoryIndex for table: profiles, with index: email @ https://tflteams.public.onecdn.static.microsoft/teams-modular-packages/hashed-assets/precompiled-web-worker-inner~f-eebc7dc95bcd3d1c.worker.js:43
[  162124ms] [WARNING] getSerializedKeyForKeypath returned undefined key in InMemoryIndex for table: profiles, with index: email @ https://tflteams.public.onecdn.static.microsoft/teams-modular-packages/hashed-assets/precompiled-web-worker-inner~f-eebc7dc95bcd3d1c.worker.js:43
[  162124ms] [WARNING] getSerializedKeyForKeypath returned undefined key in InMemoryIndex for table: profiles, with index: email @ https://tflteams.public.onecdn.static.microsoft/teams-modular-packages/hashed-assets/precompiled-web-worker-inner~f-eebc7dc95bcd3d1c.worker.js:43
[  162124ms] [WARNING] getSerializedKeyForKeypath returned undefined key in InMemoryIndex for table: profiles, with index: email @ https://tflteams.public.onecdn.static.microsoft/teams-modular-packages/hashed-assets/precompiled-web-worker-inner~f-eebc7dc95bcd3d1c.worker.js:43
[  162124ms] [WARNING] getSerializedKeyForKeypath returned undefined key in InMemoryIndex for table: profiles, with index: email @ https://tflteams.public.onecdn.static.microsoft/teams-modular-packages/hashed-assets/precompiled-web-worker-inner~f-eebc7dc95bcd3d1c.worker.js:43
[  162124ms] [WARNING] getSerializedKeyForKeypath returned undefined key in InMemoryIndex for table: profiles, with index: email @ https://tflteams.public.onecdn.static.microsoft/teams-modular-packages/hashed-assets/precompiled-web-worker-inner~f-eebc7dc95bcd3d1c.worker.js:43
[  162124ms] [WARNING] getSerializedKeyForKeypath returned undefined key in InMemoryIndex for table: profiles, with index: email @ https://tflteams.public.onecdn.static.microsoft/teams-modular-packages/hashed-assets/precompiled-web-worker-inner~f-eebc7dc95bcd3d1c.worker.js:43
[  162124ms] [WARNING] getSerializedKeyForKeypath returned undefined key in InMemoryIndex for table: profiles, with index: email @ https://tflteams.public.onecdn.static.microsoft/teams-modular-packages/hashed-assets/precompiled-web-worker-inner~f-eebc7dc95bcd3d1c.worker.js:43
[  162124ms] [WARNING] getSerializedKeyForKeypath returned undefined key in InMemoryIndex for table: profiles, with index: email @ https://tflteams.public.onecdn.static.microsoft/teams-modular-packages/hashed-assets/precompiled-web-worker-inner~f-eebc7dc95bcd3d1c.worker.js:43
[  162125ms] [WARNING] getSerializedKeyForKeypath returned undefined key in InMemoryIndex for table: profiles, with index: email @ https://tflteams.public.onecdn.static.microsoft/teams-modular-packages/hashed-assets/precompiled-web-worker-inner~f-eebc7dc95bcd3d1c.worker.js:43
[  162125ms] [WARNING] getSerializedKeyForKeypath returned undefined key in InMemoryIndex for table: profiles, with index: email @ https://tflteams.public.onecdn.static.microsoft/teams-modular-packages/hashed-assets/precompiled-web-worker-inner~f-eebc7dc95bcd3d1c.worker.js:43
[  164662ms] [ERROR] Failed to load resource: the server responded with a status of 410 () @ https://urlp.asm.skype.com/v1/url/image/Thumbnail?url=https%3a%2f%2flh7-us.googleusercontent.com%2fdocs%2fAHkbwyISV3Jk5dO5h-yPiLmdMIDzlCjNMF_CF42EvEK5boRACMEllSrJ0LQ0AbAFVDm0qVzCmAlCgUx3Klx7Y6z1QBv33JfoTdHpbYy7u6kYXq8ggE22XAh8%3dw1200-h630-p:0
[  164666ms] [ERROR] Failed to load resource: the server responded with a status of 410 () @ https://urlp.asm.skype.com/v1/url/image/Thumbnail?url=https%3a%2f%2flh7-us.googleusercontent.com%2fdocs%2fAHkbwyISV3Jk5dO5h-yPiLmdMIDzlCjNMF_CF42EvEK5boRACMEllSrJ0LQ0AbAFVDm0qVzCmAlCgUx3Klx7Y6z1QBv33JfoTdHpbYy7u6kYXq8ggE22XAh8%3dw1200-h630-p:0
[  167668ms] [WARNING] The resource https://tflteams.public.onecdn.static.microsoft/teams-modular-packages/hashed-assets/496830-b9bc15da63f131f0.js was preloaded using link preload but not used within a few seconds from the window's load event. Please make sure it has an appropriate `as` value and it is preloaded intentionally. @ https://teams.live.com/v2/:0
[  167668ms] [WARNING] The resource https://tflteams.public.onecdn.static.microsoft/teams-modular-packages/hashed-assets/638055-8639409976087493.js was preloaded using link preload but not used within a few seconds from the window's load event. Please make sure it has an appropriate `as` value and it is preloaded intentionally. @ https://teams.live.com/v2/:0
[  167668ms] [WARNING] The resource https://tflteams.public.onecdn.static.microsoft/teams-modular-packages/hashed-assets/435678-d1bdf03cb0afb625.js was preloaded using link preload but not used within a few seconds from the window's load event. Please make sure it has an appropriate `as` value and it is preloaded intentionally. @ https://teams.live.com/v2/:0
[  167668ms] [WARNING] The resource https://tflteams.public.onecdn.static.microsoft/teams-modular-packages/hashed-assets/234995-0c3f3235fc6b66bd.js was preloaded using link preload but not used within a few seconds from the window's load event. Please make sure it has an appropriate `as` value and it is preloaded intentionally. @ https://teams.live.com/v2/:0
[  167668ms] [WARNING] The resource https://tflteams.public.onecdn.static.microsoft/teams-modular-packages/hashed-assets/341350-43f8cb4c1df179e4.js was preloaded using link preload but not used within a few seconds from the window's load event. Please make sure it has an appropriate `as` value and it is preloaded intentionally. @ https://teams.live.com/v2/:0
[  167668ms] [WARNING] The resource https://tflteams.public.onecdn.static.microsoft/teams-modular-packages/hashed-assets/integrities-ee314ca94868d28c4db2.js was preloaded using link preload but not used within a few seconds from the window's load event. Please make sure it has an appropriate `as` value and it is preloaded intentionally. @ https://teams.live.com/v2/:0
[  167668ms] [WARNING] The resource https://tflteams.public.onecdn.static.microsoft/teams-modular-packages/hashed-assets/griffel-35c4b6c6ca9f299f.css was preloaded using link preload but not used within a few seconds from the window's load event. Please make sure it has an appropriate `as` value and it is preloaded intentionally. @ https://teams.live.com/v2/:0
[  167668ms] [WARNING] The resource https://tflteams.public.onecdn.static.microsoft/teams-modular-packages/hashed-assets/462748-07d8fb6516d15b3a.js was preloaded using link preload but not used within a few seconds from the window's load event. Please make sure it has an appropriate `as` value and it is preloaded intentionally. @ https://teams.live.com/v2/:0
[  167668ms] [WARNING] The resource https://tflteams.public.onecdn.static.microsoft/teams-modular-packages/hashed-assets/54365-bfef35ea66ac127d.js was preloaded using link preload but not used within a few seconds from the window's load event. Please make sure it has an appropriate `as` value and it is preloaded intentionally. @ https://teams.live.com/v2/:0
[  167668ms] [WARNING] The resource https://tflteams.public.onecdn.static.microsoft/teams-modular-packages/hashed-assets/376190-643ba6bb5012b8c2.js was preloaded using link preload but not used within a few seconds from the window's load event. Please make sure it has an appropriate `as` value and it is preloaded intentionally. @ https://teams.live.com/v2/:0
[  167668ms] [WARNING] The resource https://tflteams.public.onecdn.static.microsoft/teams-modular-packages/hashed-assets/249566-274523e882e43004.js was preloaded using link preload but not used within a few seconds from the window's load event. Please make sure it has an appropriate `as` value and it is preloaded intentionally. @ https://teams.live.com/v2/:0
[  167668ms] [WARNING] The resource https://tflteams.public.onecdn.static.microsoft/teams-modular-packages/hashed-assets/main-bf92f430a18ec91b.js was preloaded using link preload but not used within a few seconds from the window's load event. Please make sure it has an appropriate `as` value and it is preloaded intentionally. @ https://teams.live.com/v2/:0
[  167668ms] [WARNING] The resource https://tflteams.public.onecdn.static.microsoft/teams-modular-packages/hashed-assets/runtime-52e013a359f54ff5.js was preloaded using link preload but not used within a few seconds from the window's load event. Please make sure it has an appropriate `as` value and it is preloaded intentionally. @ https://teams.live.com/v2/:0
[  167668ms] [WARNING] The resource https://tflteams.public.onecdn.static.microsoft/teams-modular-packages/hashed-assets/158884-70f571c7e70b86a5.js was preloaded using link preload but not used within a few seconds from the window's load event. Please make sure it has an appropriate `as` value and it is preloaded intentionally. @ https://teams.live.com/v2/:0
[  205802ms] [WARNING] getSerializedKeyForKeypath returned undefined key in InMemoryIndex for table: profiles, with index: email @ https://tflteams.public.onecdn.static.microsoft/teams-modular-packages/hashed-assets/precompiled-web-worker-inner~f-eebc7dc95bcd3d1c.worker.js:43
[  205802ms] [WARNING] getSerializedKeyForKeypath returned undefined key in InMemoryIndex for table: profiles, with index: email @ https://tflteams.public.onecdn.static.microsoft/teams-modular-packages/hashed-assets/precompiled-web-worker-inner~f-eebc7dc95bcd3d1c.worker.js:43
[  205802ms] [WARNING] getSerializedKeyForKeypath returned undefined key in InMemoryIndex for table: profiles, with index: email @ https://tflteams.public.onecdn.static.microsoft/teams-modular-packages/hashed-assets/precompiled-web-worker-inner~f-eebc7dc95bcd3d1c.worker.js:43
[  205802ms] [WARNING] getSerializedKeyForKeypath returned undefined key in InMemoryIndex for table: profiles, with index: email @ https://tflteams.public.onecdn.static.microsoft/teams-modular-packages/hashed-assets/precompiled-web-worker-inner~f-eebc7dc95bcd3d1c.worker.js:43
[  205802ms] [WARNING] getSerializedKeyForKeypath returned undefined key in InMemoryIndex for table: profiles, with index: email @ https://tflteams.public.onecdn.static.microsoft/teams-modular-packages/hashed-assets/precompiled-web-worker-inner~f-eebc7dc95bcd3d1c.worker.js:43
[  205802ms] [WARNING] getSerializedKeyForKeypath returned undefined key in InMemoryIndex for table: profiles, with index: email @ https://tflteams.public.onecdn.static.microsoft/teams-modular-packages/hashed-assets/precompiled-web-worker-inner~f-eebc7dc95bcd3d1c.worker.js:43
[  205802ms] [WARNING] getSerializedKeyForKeypath returned undefined key in InMemoryIndex for table: profiles, with index: email @ https://tflteams.public.onecdn.static.microsoft/teams-modular-packages/hashed-assets/precompiled-web-worker-inner~f-eebc7dc95bcd3d1c.worker.js:43
[  205802ms] [WARNING] getSerializedKeyForKeypath returned undefined key in InMemoryIndex for table: profiles, with index: email @ https://tflteams.public.onecdn.static.microsoft/teams-modular-packages/hashed-assets/precompiled-web-worker-inner~f-eebc7dc95bcd3d1c.worker.js:43
[  205802ms] [WARNING] getSerializedKeyForKeypath returned undefined key in InMemoryIndex for table: profiles, with index: email @ https://tflteams.public.onecdn.static.microsoft/teams-modular-packages/hashed-assets/precompiled-web-worker-inner~f-eebc7dc95bcd3d1c.worker.js:43
[  205802ms] [WARNING] getSerializedKeyForKeypath returned undefined key in InMemoryIndex for table: profiles, with index: email @ https://tflteams.public.onecdn.static.microsoft/teams-modular-packages/hashed-assets/precompiled-web-worker-inner~f-eebc7dc95bcd3d1c.worker.js:43
[  205802ms] [WARNING] getSerializedKeyForKeypath returned undefined key in InMemoryIndex for table: profiles, with index: email @ https://tflteams.public.onecdn.static.microsoft/teams-modular-packages/hashed-assets/precompiled-web-worker-inner~f-eebc7dc95bcd3d1c.worker.js:43
[  205802ms] [WARNING] getSerializedKeyForKeypath returned undefined key in InMemoryIndex for table: profiles, with index: email @ https://tflteams.public.onecdn.static.microsoft/teams-modular-packages/hashed-assets/precompiled-web-worker-inner~f-eebc7dc95bcd3d1c.worker.js:43
[  205802ms] [WARNING] getSerializedKeyForKeypath returned undefined key in InMemoryIndex for table: profiles, with index: email @ https://tflteams.public.onecdn.static.microsoft/teams-modular-packages/hashed-assets/precompiled-web-worker-inner~f-eebc7dc95bcd3d1c.worker.js:43
[  205803ms] [WARNING] getSerializedKeyForKeypath returned undefined key in InMemoryIndex for table: profiles, with index: email @ https://tflteams.public.onecdn.static.microsoft/teams-modular-packages/hashed-assets/precompiled-web-worker-inner~f-eebc7dc95bcd3d1c.worker.js:43
[  205803ms] [WARNING] getSerializedKeyForKeypath returned undefined key in InMemoryIndex for table: profiles, with index: email @ https://tflteams.public.onecdn.static.microsoft/teams-modular-packages/hashed-assets/precompiled-web-worker-inner~f-eebc7dc95bcd3d1c.worker.js:43
[  205803ms] [WARNING] getSerializedKeyForKeypath returned undefined key in InMemoryIndex for table: profiles, with index: email @ https://tflteams.public.onecdn.static.microsoft/teams-modular-packages/hashed-assets/precompiled-web-worker-inner~f-eebc7dc95bcd3d1c.worker.js:43
[  205803ms] [WARNING] getSerializedKeyForKeypath returned undefined key in InMemoryIndex for table: profiles, with index: email @ https://tflteams.public.onecdn.static.microsoft/teams-modular-packages/hashed-assets/precompiled-web-worker-inner~f-eebc7dc95bcd3d1c.worker.js:43
[  205803ms] [WARNING] getSerializedKeyForKeypath returned undefined key in InMemoryIndex for table: profiles, with index: email @ https://tflteams.public.onecdn.static.microsoft/teams-modular-packages/hashed-assets/precompiled-web-worker-inner~f-eebc7dc95bcd3d1c.worker.js:43
[  205803ms] [WARNING] getSerializedKeyForKeypath returned undefined key in InMemoryIndex for table: profiles, with index: email @ https://tflteams.public.onecdn.static.microsoft/teams-modular-packages/hashed-assets/precompiled-web-worker-inner~f-eebc7dc95bcd3d1c.worker.js:43
[  205803ms] [WARNING] getSerializedKeyForKeypath returned undefined key in InMemoryIndex for table: profiles, with index: email @ https://tflteams.public.onecdn.static.microsoft/teams-modular-packages/hashed-assets/precompiled-web-worker-inner~f-eebc7dc95bcd3d1c.worker.js:43
[  205803ms] [WARNING] getSerializedKeyForKeypath returned undefined key in InMemoryIndex for table: profiles, with index: email @ https://tflteams.public.onecdn.static.microsoft/teams-modular-packages/hashed-assets/precompiled-web-worker-inner~f-eebc7dc95bcd3d1c.worker.js:43
[  205803ms] [WARNING] getSerializedKeyForKeypath returned undefined key in InMemoryIndex for table: profiles, with index: email @ https://tflteams.public.onecdn.static.microsoft/teams-modular-packages/hashed-assets/precompiled-web-worker-inner~f-eebc7dc95bcd3d1c.worker.js:43
[  205803ms] [WARNING] getSerializedKeyForKeypath returned undefined key in InMemoryIndex for table: profiles, with index: email @ https://tflteams.public.onecdn.static.microsoft/teams-modular-packages/hashed-assets/precompiled-web-worker-inner~f-eebc7dc95bcd3d1c.worker.js:43
[  205803ms] [WARNING] getSerializedKeyForKeypath returned undefined key in InMemoryIndex for table: profiles, with index: email @ https://tflteams.public.onecdn.static.microsoft/teams-modular-packages/hashed-assets/precompiled-web-worker-inner~f-eebc7dc95bcd3d1c.worker.js:43
[  205804ms] [WARNING] getSerializedKeyForKeypath returned undefined key in InMemoryIndex for table: profiles, with index: email @ https://tflteams.public.onecdn.static.microsoft/teams-modular-packages/hashed-assets/precompiled-web-worker-inner~f-eebc7dc95bcd3d1c.worker.js:43
[  205804ms] [WARNING] getSerializedKeyForKeypath returned undefined key in InMemoryIndex for table: profiles, with index: email @ https://tflteams.public.onecdn.static.microsoft/teams-modular-packages/hashed-assets/precompiled-web-worker-inner~f-eebc7dc95bcd3d1c.worker.js:43
[  205804ms] [WARNING] getSerializedKeyForKeypath returned undefined key in InMemoryIndex for table: profiles, with index: email @ https://tflteams.public.onecdn.static.microsoft/teams-modular-packages/hashed-assets/precompiled-web-worker-inner~f-eebc7dc95bcd3d1c.worker.js:43
[  205804ms] [WARNING] getSerializedKeyForKeypath returned undefined key in InMemoryIndex for table: profiles, with index: email @ https://tflteams.public.onecdn.static.microsoft/teams-modular-packages/hashed-assets/precompiled-web-worker-inner~f-eebc7dc95bcd3d1c.worker.js:43
[  205804ms] [WARNING] getSerializedKeyForKeypath returned undefined key in InMemoryIndex for table: profiles, with index: email @ https://tflteams.public.onecdn.static.microsoft/teams-modular-packages/hashed-assets/precompiled-web-worker-inner~f-eebc7dc95bcd3d1c.worker.js:43
[  205804ms] [WARNING] getSerializedKeyForKeypath returned undefined key in InMemoryIndex for table: profiles, with index: email @ https://tflteams.public.onecdn.static.microsoft/teams-modular-packages/hashed-assets/precompiled-web-worker-inner~f-eebc7dc95bcd3d1c.worker.js:43
[  205805ms] [WARNING] getSerializedKeyForKeypath returned undefined key in InMemoryIndex for table: profiles, with index: email @ https://tflteams.public.onecdn.static.microsoft/teams-modular-packages/hashed-assets/precompiled-web-worker-inner~f-eebc7dc95bcd3d1c.worker.js:43
[  205805ms] [WARNING] getSerializedKeyForKeypath returned undefined key in InMemoryIndex for table: profiles, with index: email @ https://tflteams.public.onecdn.static.microsoft/teams-modular-packages/hashed-assets/precompiled-web-worker-inner~f-eebc7dc95bcd3d1c.worker.js:43
[  205805ms] [WARNING] getSerializedKeyForKeypath returned undefined key in InMemoryIndex for table: profiles, with index: email @ https://tflteams.public.onecdn.static.microsoft/teams-modular-packages/hashed-assets/precompiled-web-worker-inner~f-eebc7dc95bcd3d1c.worker.js:43
[  205805ms] [WARNING] getSerializedKeyForKeypath returned undefined key in InMemoryIndex for table: profiles, with index: email @ https://tflteams.public.onecdn.static.microsoft/teams-modular-packages/hashed-assets/precompiled-web-worker-inner~f-eebc7dc95bcd3d1c.worker.js:43
[  205805ms] [WARNING] getSerializedKeyForKeypath returned undefined key in InMemoryIndex for table: profiles, with index: email @ https://tflteams.public.onecdn.static.microsoft/teams-modular-packages/hashed-assets/precompiled-web-worker-inner~f-eebc7dc95bcd3d1c.worker.js:43
[  205805ms] [WARNING] getSerializedKeyForKeypath returned undefined key in InMemoryIndex for table: profiles, with index: email @ https://tflteams.public.onecdn.static.microsoft/teams-modular-packages/hashed-assets/precompiled-web-worker-inner~f-eebc7dc95bcd3d1c.worker.js:43
[  205805ms] [WARNING] getSerializedKeyForKeypath returned undefined key in InMemoryIndex for table: profiles, with index: email @ https://tflteams.public.onecdn.static.microsoft/teams-modular-packages/hashed-assets/precompiled-web-worker-inner~f-eebc7dc95bcd3d1c.worker.js:43
[  205805ms] [WARNING] getSerializedKeyForKeypath returned undefined key in InMemoryIndex for table: profiles, with index: email @ https://tflteams.public.onecdn.static.microsoft/teams-modular-packages/hashed-assets/precompiled-web-worker-inner~f-eebc7dc95bcd3d1c.worker.js:43
[  205935ms] [WARNING] getSerializedKeyForKeypath returned undefined key in InMemoryIndex for table: profiles, with index: email @ https://tflteams.public.onecdn.static.microsoft/teams-modular-packages/hashed-assets/precompiled-web-worker-inner~f-eebc7dc95bcd3d1c.worker.js:43
[  205935ms] [WARNING] getSerializedKeyForKeypath returned undefined key in InMemoryIndex for table: profiles, with index: email @ https://tflteams.public.onecdn.static.microsoft/teams-modular-packages/hashed-assets/precompiled-web-worker-inner~f-eebc7dc95bcd3d1c.worker.js:43
[  205935ms] [WARNING] getSerializedKeyForKeypath returned undefined key in InMemoryIndex for table: profiles, with index: email @ https://tflteams.public.onecdn.static.microsoft/teams-modular-packages/hashed-assets/precompiled-web-worker-inner~f-eebc7dc95bcd3d1c.worker.js:43
[  205936ms] [WARNING] getSerializedKeyForKeypath returned undefined key in InMemoryIndex for table: profiles, with index: email @ https://tflteams.public.onecdn.static.microsoft/teams-modular-packages/hashed-assets/precompiled-web-worker-inner~f-eebc7dc95bcd3d1c.worker.js:43
[  205936ms] [WARNING] getSerializedKeyForKeypath returned undefined key in InMemoryIndex for table: profiles, with index: email @ https://tflteams.public.onecdn.static.microsoft/teams-modular-packages/hashed-assets/precompiled-web-worker-inner~f-eebc7dc95bcd3d1c.worker.js:43
[  205936ms] [WARNING] getSerializedKeyForKeypath returned undefined key in InMemoryIndex for table: profiles, with index: email @ https://tflteams.public.onecdn.static.microsoft/teams-modular-packages/hashed-assets/precompiled-web-worker-inner~f-eebc7dc95bcd3d1c.worker.js:43
[  205936ms] [WARNING] getSerializedKeyForKeypath returned undefined key in InMemoryIndex for table: profiles, with index: email @ https://tflteams.public.onecdn.static.microsoft/teams-modular-packages/hashed-assets/precompiled-web-worker-inner~f-eebc7dc95bcd3d1c.worker.js:43
[  205936ms] [WARNING] getSerializedKeyForKeypath returned undefined key in InMemoryIndex for table: profiles, with index: email @ https://tflteams.public.onecdn.static.microsoft/teams-modular-packages/hashed-assets/precompiled-web-worker-inner~f-eebc7dc95bcd3d1c.worker.js:43
[  205936ms] [WARNING] getSerializedKeyForKeypath returned undefined key in InMemoryIndex for table: profiles, with index: email @ https://tflteams.public.onecdn.static.microsoft/teams-modular-packages/hashed-assets/precompiled-web-worker-inner~f-eebc7dc95bcd3d1c.worker.js:43
[  205937ms] [WARNING] getSerializedKeyForKeypath returned undefined key in InMemoryIndex for table: profiles, with index: email @ https://tflteams.public.onecdn.static.microsoft/teams-modular-packages/hashed-assets/precompiled-web-worker-inner~f-eebc7dc95bcd3d1c.worker.js:43
[  205941ms] [WARNING] getSerializedKeyForKeypath returned undefined key in InMemoryIndex for table: profiles, with index: email @ https://tflteams.public.onecdn.static.microsoft/teams-modular-packages/hashed-assets/precompiled-web-worker-inner~f-eebc7dc95bcd3d1c.worker.js:43
[  205942ms] [WARNING] getSerializedKeyForKeypath returned undefined key in InMemoryIndex for table: profiles, with index: email @ https://tflteams.public.onecdn.static.microsoft/teams-modular-packages/hashed-assets/precompiled-web-worker-inner~f-eebc7dc95bcd3d1c.worker.js:43
[  205942ms] [WARNING] getSerializedKeyForKeypath returned undefined key in InMemoryIndex for table: profiles, with index: email @ https://tflteams.public.onecdn.static.microsoft/teams-modular-packages/hashed-assets/precompiled-web-worker-inner~f-eebc7dc95bcd3d1c.worker.js:43
[  205942ms] [WARNING] getSerializedKeyForKeypath returned undefined key in InMemoryIndex for table: profiles, with index: email @ https://tflteams.public.onecdn.static.microsoft/teams-modular-packages/hashed-assets/precompiled-web-worker-inner~f-eebc7dc95bcd3d1c.worker.js:43
[  205942ms] [WARNING] getSerializedKeyForKeypath returned undefined key in InMemoryIndex for table: profiles, with index: email @ https://tflteams.public.onecdn.static.microsoft/teams-modular-packages/hashed-assets/precompiled-web-worker-inner~f-eebc7dc95bcd3d1c.worker.js:43
[  205942ms] [WARNING] getSerializedKeyForKeypath returned undefined key in InMemoryIndex for table: profiles, with index: email @ https://tflteams.public.onecdn.static.microsoft/teams-modular-packages/hashed-assets/precompiled-web-worker-inner~f-eebc7dc95bcd3d1c.worker.js:43
[  205942ms] [WARNING] getSerializedKeyForKeypath returned undefined key in InMemoryIndex for table: profiles, with index: email @ https://tflteams.public.onecdn.static.microsoft/teams-modular-packages/hashed-assets/precompiled-web-worker-inner~f-eebc7dc95bcd3d1c.worker.js:43
[  205943ms] [WARNING] getSerializedKeyForKeypath returned undefined key in InMemoryIndex for table: profiles, with index: email @ https://tflteams.public.onecdn.static.microsoft/teams-modular-packages/hashed-assets/precompiled-web-worker-inner~f-eebc7dc95bcd3d1c.worker.js:43
[  205943ms] [WARNING] getSerializedKeyForKeypath returned undefined key in InMemoryIndex for table: profiles, with index: email @ https://tflteams.public.onecdn.static.microsoft/teams-modular-packages/hashed-assets/precompiled-web-worker-inner~f-eebc7dc95bcd3d1c.worker.js:43
[  205943ms] [WARNING] getSerializedKeyForKeypath returned undefined key in InMemoryIndex for table: profiles, with index: email @ https://tflteams.public.onecdn.static.microsoft/teams-modular-packages/hashed-assets/precompiled-web-worker-inner~f-eebc7dc95bcd3d1c.worker.js:43
[  205943ms] [WARNING] getSerializedKeyForKeypath returned undefined key in InMemoryIndex for table: profiles, with index: email @ https://tflteams.public.onecdn.static.microsoft/teams-modular-packages/hashed-assets/precompiled-web-worker-inner~f-eebc7dc95bcd3d1c.worker.js:43
[  205943ms] [WARNING] getSerializedKeyForKeypath returned undefined key in InMemoryIndex for table: profiles, with index: email @ https://tflteams.public.onecdn.static.microsoft/teams-modular-packages/hashed-assets/precompiled-web-worker-inner~f-eebc7dc95bcd3d1c.worker.js:43
[  205943ms] [WARNING] getSerializedKeyForKeypath returned undefined key in InMemoryIndex for table: profiles, with index: email @ https://tflteams.public.onecdn.static.microsoft/teams-modular-packages/hashed-assets/precompiled-web-worker-inner~f-eebc7dc95bcd3d1c.worker.js:43
[  205943ms] [WARNING] getSerializedKeyForKeypath returned undefined key in InMemoryIndex for table: profiles, with index: email @ https://tflteams.public.onecdn.static.microsoft/teams-modular-packages/hashed-assets/precompiled-web-worker-inner~f-eebc7dc95bcd3d1c.worker.js:43
[  205943ms] [WARNING] getSerializedKeyForKeypath returned undefined key in InMemoryIndex for table: profiles, with index: email @ https://tflteams.public.onecdn.static.microsoft/teams-modular-packages/hashed-assets/precompiled-web-worker-inner~f-eebc7dc95bcd3d1c.worker.js:43
[  205943ms] [WARNING] getSerializedKeyForKeypath returned undefined key in InMemoryIndex for table: profiles, with index: email @ https://tflteams.public.onecdn.static.microsoft/teams-modular-packages/hashed-assets/precompiled-web-worker-inner~f-eebc7dc95bcd3d1c.worker.js:43
[  205943ms] [WARNING] getSerializedKeyForKeypath returned undefined key in InMemoryIndex for table: profiles, with index: email @ https://tflteams.public.onecdn.static.microsoft/teams-modular-packages/hashed-assets/precompiled-web-worker-inner~f-eebc7dc95bcd3d1c.worker.js:43
[  205943ms] [WARNING] getSerializedKeyForKeypath returned undefined key in InMemoryIndex for table: profiles, with index: email @ https://tflteams.public.onecdn.static.microsoft/teams-modular-packages/hashed-assets/precompiled-web-worker-inner~f-eebc7dc95bcd3d1c.worker.js:43
[  205944ms] [WARNING] getSerializedKeyForKeypath returned undefined key in InMemoryIndex for table: profiles, with index: email @ https://tflteams.public.onecdn.static.microsoft/teams-modular-packages/hashed-assets/precompiled-web-worker-inner~f-eebc7dc95bcd3d1c.worker.js:43
[  205944ms] [WARNING] getSerializedKeyForKeypath returned undefined key in InMemoryIndex for table: profiles, with index: email @ https://tflteams.public.onecdn.static.microsoft/teams-modular-packages/hashed-assets/precompiled-web-worker-inner~f-eebc7dc95bcd3d1c.worker.js:43
[  205944ms] [WARNING] getSerializedKeyForKeypath returned undefined key in InMemoryIndex for table: profiles, with index: email @ https://tflteams.public.onecdn.static.microsoft/teams-modular-packages/hashed-assets/precompiled-web-worker-inner~f-eebc7dc95bcd3d1c.worker.js:43
[  205944ms] [WARNING] getSerializedKeyForKeypath returned undefined key in InMemoryIndex for table: profiles, with index: email @ https://tflteams.public.onecdn.static.microsoft/teams-modular-packages/hashed-assets/precompiled-web-worker-inner~f-eebc7dc95bcd3d1c.worker.js:43
[  205944ms] [WARNING] getSerializedKeyForKeypath returned undefined key in InMemoryIndex for table: profiles, with index: email @ https://tflteams.public.onecdn.static.microsoft/teams-modular-packages/hashed-assets/precompiled-web-worker-inner~f-eebc7dc95bcd3d1c.worker.js:43
[  205944ms] [WARNING] getSerializedKeyForKeypath returned undefined key in InMemoryIndex for table: profiles, with index: email @ https://tflteams.public.onecdn.static.microsoft/teams-modular-packages/hashed-assets/precompiled-web-worker-inner~f-eebc7dc95bcd3d1c.worker.js:43
[  205944ms] [WARNING] getSerializedKeyForKeypath returned undefined key in InMemoryIndex for table: profiles, with index: email @ https://tflteams.public.onecdn.static.microsoft/teams-modular-packages/hashed-assets/precompiled-web-worker-inner~f-eebc7dc95bcd3d1c.worker.js:43
[  205944ms] [WARNING] getSerializedKeyForKeypath returned undefined key in InMemoryIndex for table: profiles, with index: email @ https://tflteams.public.onecdn.static.microsoft/teams-modular-packages/hashed-assets/precompiled-web-worker-inner~f-eebc7dc95bcd3d1c.worker.js:43
[  205944ms] [WARNING] getSerializedKeyForKeypath returned undefined key in InMemoryIndex for table: profiles, with index: email @ https://tflteams.public.onecdn.static.microsoft/teams-modular-packages/hashed-assets/precompiled-web-worker-inner~f-eebc7dc95bcd3d1c.worker.js:43
[  205944ms] [WARNING] getSerializedKeyForKeypath returned undefined key in InMemoryIndex for table: profiles, with index: email @ https://tflteams.public.onecdn.static.microsoft/teams-modular-packages/hashed-assets/precompiled-web-worker-inner~f-eebc7dc95bcd3d1c.worker.js:43
[  209305ms] [WARNING] The resource https://tflteams.public.onecdn.static.microsoft/teams-modular-packages/hashed-assets/496830-b9bc15da63f131f0.js was preloaded using link preload but not used within a few seconds from the window's load event. Please make sure it has an appropriate `as` value and it is preloaded intentionally. @ https://teams.live.com/v2/:0
[  209305ms] [WARNING] The resource https://tflteams.public.onecdn.static.microsoft/teams-modular-packages/hashed-assets/638055-8639409976087493.js was preloaded using link preload but not used within a few seconds from the window's load event. Please make sure it has an appropriate `as` value and it is preloaded intentionally. @ https://teams.live.com/v2/:0
[  209305ms] [WARNING] The resource https://tflteams.public.onecdn.static.microsoft/teams-modular-packages/hashed-assets/435678-d1bdf03cb0afb625.js was preloaded using link preload but not used within a few seconds from the window's load event. Please make sure it has an appropriate `as` value and it is preloaded intentionally. @ https://teams.live.com/v2/:0
[  209305ms] [WARNING] The resource https://tflteams.public.onecdn.static.microsoft/teams-modular-packages/hashed-assets/234995-0c3f3235fc6b66bd.js was preloaded using link preload but not used within a few seconds from the window's load event. Please make sure it has an appropriate `as` value and it is preloaded intentionally. @ https://teams.live.com/v2/:0
[  209305ms] [WARNING] The resource https://tflteams.public.onecdn.static.microsoft/teams-modular-packages/hashed-assets/341350-43f8cb4c1df179e4.js was preloaded using link preload but not used within a few seconds from the window's load event. Please make sure it has an appropriate `as` value and it is preloaded intentionally. @ https://teams.live.com/v2/:0
[  209305ms] [WARNING] The resource https://tflteams.public.onecdn.static.microsoft/teams-modular-packages/hashed-assets/integrities-ee314ca94868d28c4db2.js was preloaded using link preload but not used within a few seconds from the window's load event. Please make sure it has an appropriate `as` value and it is preloaded intentionally. @ https://teams.live.com/v2/:0
[  209305ms] [WARNING] The resource https://tflteams.public.onecdn.static.microsoft/teams-modular-packages/hashed-assets/griffel-35c4b6c6ca9f299f.css was preloaded using link preload but not used within a few seconds from the window's load event. Please make sure it has an appropriate `as` value and it is preloaded intentionally. @ https://teams.live.com/v2/:0
[  209305ms] [WARNING] The resource https://tflteams.public.onecdn.static.microsoft/teams-modular-packages/hashed-assets/462748-07d8fb6516d15b3a.js was preloaded using link preload but not used within a few seconds from the window's load event. Please make sure it has an appropriate `as` value and it is preloaded intentionally. @ https://teams.live.com/v2/:0
[  209305ms] [WARNING] The resource https://tflteams.public.onecdn.static.microsoft/teams-modular-packages/hashed-assets/54365-bfef35ea66ac127d.js was preloaded using link preload but not used within a few seconds from the window's load event. Please make sure it has an appropriate `as` value and it is preloaded intentionally. @ https://teams.live.com/v2/:0
[  209305ms] [WARNING] The resource https://tflteams.public.onecdn.static.microsoft/teams-modular-packages/hashed-assets/376190-643ba6bb5012b8c2.js was preloaded using link preload but not used within a few seconds from the window's load event. Please make sure it has an appropriate `as` value and it is preloaded intentionally. @ https://teams.live.com/v2/:0
[  209305ms] [WARNING] The resource https://tflteams.public.onecdn.static.microsoft/teams-modular-packages/hashed-assets/249566-274523e882e43004.js was preloaded using link preload but not used within a few seconds from the window's load event. Please make sure it has an appropriate `as` value and it is preloaded intentionally. @ https://teams.live.com/v2/:0
[  209305ms] [WARNING] The resource https://tflteams.public.onecdn.static.microsoft/teams-modular-packages/hashed-assets/main-bf92f430a18ec91b.js was preloaded using link preload but not used within a few seconds from the window's load event. Please make sure it has an appropriate `as` value and it is preloaded intentionally. @ https://teams.live.com/v2/:0
[  209305ms] [WARNING] The resource https://tflteams.public.onecdn.static.microsoft/teams-modular-packages/hashed-assets/runtime-52e013a359f54ff5.js was preloaded using link preload but not used within a few seconds from the window's load event. Please make sure it has an appropriate `as` value and it is preloaded intentionally. @ https://teams.live.com/v2/:0
[  209305ms] [WARNING] The resource https://tflteams.public.onecdn.static.microsoft/teams-modular-packages/hashed-assets/158884-70f571c7e70b86a5.js was preloaded using link preload but not used within a few seconds from the window's load event. Please make sure it has an appropriate `as` value and it is preloaded intentionally. @ https://teams.live.com/v2/:0
[  214221ms] [WARNING] The resource https://tflteams.public.onecdn.static.microsoft/teams-modular-packages/hashed-assets/496830-b9bc15da63f131f0.js was preloaded using link preload but not used within a few seconds from the window's load event. Please make sure it has an appropriate `as` value and it is preloaded intentionally. @ https://teams.live.com/v2/:0
[  214222ms] [WARNING] The resource https://tflteams.public.onecdn.static.microsoft/teams-modular-packages/hashed-assets/638055-8639409976087493.js was preloaded using link preload but not used within a few seconds from the window's load event. Please make sure it has an appropriate `as` value and it is preloaded intentionally. @ https://teams.live.com/v2/:0
[  214222ms] [WARNING] The resource https://tflteams.public.onecdn.static.microsoft/teams-modular-packages/hashed-assets/435678-d1bdf03cb0afb625.js was preloaded using link preload but not used within a few seconds from the window's load event. Please make sure it has an appropriate `as` value and it is preloaded intentionally. @ https://teams.live.com/v2/:0
[  214222ms] [WARNING] The resource https://tflteams.public.onecdn.static.microsoft/teams-modular-packages/hashed-assets/234995-0c3f3235fc6b66bd.js was preloaded using link preload but not used within a few seconds from the window's load event. Please make sure it has an appropriate `as` value and it is preloaded intentionally. @ https://teams.live.com/v2/:0
[  214222ms] [WARNING] The resource https://tflteams.public.onecdn.static.microsoft/teams-modular-packages/hashed-assets/341350-43f8cb4c1df179e4.js was preloaded using link preload but not used within a few seconds from the window's load event. Please make sure it has an appropriate `as` value and it is preloaded intentionally. @ https://teams.live.com/v2/:0
[  214222ms] [WARNING] The resource https://tflteams.public.onecdn.static.microsoft/teams-modular-packages/hashed-assets/integrities-ee314ca94868d28c4db2.js was preloaded using link preload but not used within a few seconds from the window's load event. Please make sure it has an appropriate `as` value and it is preloaded intentionally. @ https://teams.live.com/v2/:0
[  214222ms] [WARNING] The resource https://tflteams.public.onecdn.static.microsoft/teams-modular-packages/hashed-assets/griffel-35c4b6c6ca9f299f.css was preloaded using link preload but not used within a few seconds from the window's load event. Please make sure it has an appropriate `as` value and it is preloaded intentionally. @ https://teams.live.com/v2/:0
[  214222ms] [WARNING] The resource https://tflteams.public.onecdn.static.microsoft/teams-modular-packages/hashed-assets/462748-07d8fb6516d15b3a.js was preloaded using link preload but not used within a few seconds from the window's load event. Please make sure it has an appropriate `as` value and it is preloaded intentionally. @ https://teams.live.com/v2/:0
[  214222ms] [WARNING] The resource https://tflteams.public.onecdn.static.microsoft/teams-modular-packages/hashed-assets/54365-bfef35ea66ac127d.js was preloaded using link preload but not used within a few seconds from the window's load event. Please make sure it has an appropriate `as` value and it is preloaded intentionally. @ https://teams.live.com/v2/:0
[  214222ms] [WARNING] The resource https://tflteams.public.onecdn.static.microsoft/teams-modular-packages/hashed-assets/376190-643ba6bb5012b8c2.js was preloaded using link preload but not used within a few seconds from the window's load event. Please make sure it has an appropriate `as` value and it is preloaded intentionally. @ https://teams.live.com/v2/:0
[  214222ms] [WARNING] The resource https://tflteams.public.onecdn.static.microsoft/teams-modular-packages/hashed-assets/249566-274523e882e43004.js was preloaded using link preload but not used within a few seconds from the window's load event. Please make sure it has an appropriate `as` value and it is preloaded intentionally. @ https://teams.live.com/v2/:0
[  214222ms] [WARNING] The resource https://tflteams.public.onecdn.static.microsoft/teams-modular-packages/hashed-assets/main-bf92f430a18ec91b.js was preloaded using link preload but not used within a few seconds from the window's load event. Please make sure it has an appropriate `as` value and it is preloaded intentionally. @ https://teams.live.com/v2/:0
[  214222ms] [WARNING] The resource https://tflteams.public.onecdn.static.microsoft/teams-modular-packages/hashed-assets/runtime-52e013a359f54ff5.js was preloaded using link preload but not used within a few seconds from the window's load event. Please make sure it has an appropriate `as` value and it is preloaded intentionally. @ https://teams.live.com/v2/:0
[  214222ms] [WARNING] The resource https://tflteams.public.onecdn.static.microsoft/teams-modular-packages/hashed-assets/158884-70f571c7e70b86a5.js was preloaded using link preload but not used within a few seconds from the window's load event. Please make sure it has an appropriate `as` value and it is preloaded intentionally. @ https://teams.live.com/v2/:0
[  255743ms] [WARNING] getSerializedKeyForKeypath returned undefined key in InMemoryIndex for table: profiles, with index: email @ https://tflteams.public.onecdn.static.microsoft/teams-modular-packages/hashed-assets/precompiled-web-worker-inner~f-eebc7dc95bcd3d1c.worker.js:43
[  255743ms] [WARNING] getSerializedKeyForKeypath returned undefined key in InMemoryIndex for table: profiles, with index: email @ https://tflteams.public.onecdn.static.microsoft/teams-modular-packages/hashed-assets/precompiled-web-worker-inner~f-eebc7dc95bcd3d1c.worker.js:43
[  255744ms] [WARNING] getSerializedKeyForKeypath returned undefined key in InMemoryIndex for table: profiles, with index: email @ https://tflteams.public.onecdn.static.microsoft/teams-modular-packages/hashed-assets/precompiled-web-worker-inner~f-eebc7dc95bcd3d1c.worker.js:43
[  255744ms] [WARNING] getSerializedKeyForKeypath returned undefined key in InMemoryIndex for table: profiles, with index: email @ https://tflteams.public.onecdn.static.microsoft/teams-modular-packages/hashed-assets/precompiled-web-worker-inner~f-eebc7dc95bcd3d1c.worker.js:43
[  255744ms] [WARNING] getSerializedKeyForKeypath returned undefined key in InMemoryIndex for table: profiles, with index: email @ https://tflteams.public.onecdn.static.microsoft/teams-modular-packages/hashed-assets/precompiled-web-worker-inner~f-eebc7dc95bcd3d1c.worker.js:43
[  255744ms] [WARNING] getSerializedKeyForKeypath returned undefined key in InMemoryIndex for table: profiles, with index: email @ https://tflteams.public.onecdn.static.microsoft/teams-modular-packages/hashed-assets/precompiled-web-worker-inner~f-eebc7dc95bcd3d1c.worker.js:43
[  255744ms] [WARNING] getSerializedKeyForKeypath returned undefined key in InMemoryIndex for table: profiles, with index: email @ https://tflteams.public.onecdn.static.microsoft/teams-modular-packages/hashed-assets/precompiled-web-worker-inner~f-eebc7dc95bcd3d1c.worker.js:43
[  255744ms] [WARNING] getSerializedKeyForKeypath returned undefined key in InMemoryIndex for table: profiles, with index: email @ https://tflteams.public.onecdn.static.microsoft/teams-modular-packages/hashed-assets/precompiled-web-worker-inner~f-eebc7dc95bcd3d1c.worker.js:43
[  255744ms] [WARNING] getSerializedKeyForKeypath returned undefined key in InMemoryIndex for table: profiles, with index: email @ https://tflteams.public.onecdn.static.microsoft/teams-modular-packages/hashed-assets/precompiled-web-worker-inner~f-eebc7dc95bcd3d1c.worker.js:43
[  255744ms] [WARNING] getSerializedKeyForKeypath returned undefined key in InMemoryIndex for table: profiles, with index: email @ https://tflteams.public.onecdn.static.microsoft/teams-modular-packages/hashed-assets/precompiled-web-worker-inner~f-eebc7dc95bcd3d1c.worker.js:43
[  255744ms] [WARNING] getSerializedKeyForKeypath returned undefined key in InMemoryIndex for table: profiles, with index: email @ https://tflteams.public.onecdn.static.microsoft/teams-modular-packages/hashed-assets/precompiled-web-worker-inner~f-eebc7dc95bcd3d1c.worker.js:43
[  255745ms] [WARNING] getSerializedKeyForKeypath returned undefined key in InMemoryIndex for table: profiles, with index: email @ https://tflteams.public.onecdn.static.microsoft/teams-modular-packages/hashed-assets/precompiled-web-worker-inner~f-eebc7dc95bcd3d1c.worker.js:43
[  255745ms] [WARNING] getSerializedKeyForKeypath returned undefined key in InMemoryIndex for table: profiles, with index: email @ https://tflteams.public.onecdn.static.microsoft/teams-modular-packages/hashed-assets/precompiled-web-worker-inner~f-eebc7dc95bcd3d1c.worker.js:43
[  255745ms] [WARNING] getSerializedKeyForKeypath returned undefined key in InMemoryIndex for table: profiles, with index: email @ https://tflteams.public.onecdn.static.microsoft/teams-modular-packages/hashed-assets/precompiled-web-worker-inner~f-eebc7dc95bcd3d1c.worker.js:43
[  255745ms] [WARNING] getSerializedKeyForKeypath returned undefined key in InMemoryIndex for table: profiles, with index: email @ https://tflteams.public.onecdn.static.microsoft/teams-modular-packages/hashed-assets/precompiled-web-worker-inner~f-eebc7dc95bcd3d1c.worker.js:43
[  255745ms] [WARNING] getSerializedKeyForKeypath returned undefined key in InMemoryIndex for table: profiles, with index: email @ https://tflteams.public.onecdn.static.microsoft/teams-modular-packages/hashed-assets/precompiled-web-worker-inner~f-eebc7dc95bcd3d1c.worker.js:43
[  255745ms] [WARNING] getSerializedKeyForKeypath returned undefined key in InMemoryIndex for table: profiles, with index: email @ https://tflteams.public.onecdn.static.microsoft/teams-modular-packages/hashed-assets/precompiled-web-worker-inner~f-eebc7dc95bcd3d1c.worker.js:43
[  255745ms] [WARNING] getSerializedKeyForKeypath returned undefined key in InMemoryIndex for table: profiles, with index: email @ https://tflteams.public.onecdn.static.microsoft/teams-modular-packages/hashed-assets/precompiled-web-worker-inner~f-eebc7dc95bcd3d1c.worker.js:43
[  255745ms] [WARNING] getSerializedKeyForKeypath returned undefined key in InMemoryIndex for table: profiles, with index: email @ https://tflteams.public.onecdn.static.microsoft/teams-modular-packages/hashed-assets/precompiled-web-worker-inner~f-eebc7dc95bcd3d1c.worker.js:43
[  255745ms] [WARNING] getSerializedKeyForKeypath returned undefined key in InMemoryIndex for table: profiles, with index: email @ https://tflteams.public.onecdn.static.microsoft/teams-modular-packages/hashed-assets/precompiled-web-worker-inner~f-eebc7dc95bcd3d1c.worker.js:43
[  255745ms] [WARNING] getSerializedKeyForKeypath returned undefined key in InMemoryIndex for table: profiles, with index: email @ https://tflteams.public.onecdn.static.microsoft/teams-modular-packages/hashed-assets/precompiled-web-worker-inner~f-eebc7dc95bcd3d1c.worker.js:43
[  255745ms] [WARNING] getSerializedKeyForKeypath returned undefined key in InMemoryIndex for table: profiles, with index: email @ https://tflteams.public.onecdn.static.microsoft/teams-modular-packages/hashed-assets/precompiled-web-worker-inner~f-eebc7dc95bcd3d1c.worker.js:43
[  255745ms] [WARNING] getSerializedKeyForKeypath returned undefined key in InMemoryIndex for table: profiles, with index: email @ https://tflteams.public.onecdn.static.microsoft/teams-modular-packages/hashed-assets/precompiled-web-worker-inner~f-eebc7dc95bcd3d1c.worker.js:43
[  255745ms] [WARNING] getSerializedKeyForKeypath returned undefined key in InMemoryIndex for table: profiles, with index: email @ https://tflteams.public.onecdn.static.microsoft/teams-modular-packages/hashed-assets/precompiled-web-worker-inner~f-eebc7dc95bcd3d1c.worker.js:43
[  255745ms] [WARNING] getSerializedKeyForKeypath returned undefined key in InMemoryIndex for table: profiles, with index: email @ https://tflteams.public.onecdn.static.microsoft/teams-modular-packages/hashed-assets/precompiled-web-worker-inner~f-eebc7dc95bcd3d1c.worker.js:43
[  255745ms] [WARNING] getSerializedKeyForKeypath returned undefined key in InMemoryIndex for table: profiles, with index: email @ https://tflteams.public.onecdn.static.microsoft/teams-modular-packages/hashed-assets/precompiled-web-worker-inner~f-eebc7dc95bcd3d1c.worker.js:43
[  255745ms] [WARNING] getSerializedKeyForKeypath returned undefined key in InMemoryIndex for table: profiles, with index: email @ https://tflteams.public.onecdn.static.microsoft/teams-modular-packages/hashed-assets/precompiled-web-worker-inner~f-eebc7dc95bcd3d1c.worker.js:43
[  255746ms] [WARNING] getSerializedKeyForKeypath returned undefined key in InMemoryIndex for table: profiles, with index: email @ https://tflteams.public.onecdn.static.microsoft/teams-modular-packages/hashed-assets/precompiled-web-worker-inner~f-eebc7dc95bcd3d1c.worker.js:43
[  255746ms] [WARNING] getSerializedKeyForKeypath returned undefined key in InMemoryIndex for table: profiles, with index: email @ https://tflteams.public.onecdn.static.microsoft/teams-modular-packages/hashed-assets/precompiled-web-worker-inner~f-eebc7dc95bcd3d1c.worker.js:43
[  255746ms] [WARNING] getSerializedKeyForKeypath returned undefined key in InMemoryIndex for table: profiles, with index: email @ https://tflteams.public.onecdn.static.microsoft/teams-modular-packages/hashed-assets/precompiled-web-worker-inner~f-eebc7dc95bcd3d1c.worker.js:43
[  255746ms] [WARNING] getSerializedKeyForKeypath returned undefined key in InMemoryIndex for table: profiles, with index: email @ https://tflteams.public.onecdn.static.microsoft/teams-modular-packages/hashed-assets/precompiled-web-worker-inner~f-eebc7dc95bcd3d1c.worker.js:43
[  255746ms] [WARNING] getSerializedKeyForKeypath returned undefined key in InMemoryIndex for table: profiles, with index: email @ https://tflteams.public.onecdn.static.microsoft/teams-modular-packages/hashed-assets/precompiled-web-worker-inner~f-eebc7dc95bcd3d1c.worker.js:43
[  255746ms] [WARNING] getSerializedKeyForKeypath returned undefined key in InMemoryIndex for table: profiles, with index: email @ https://tflteams.public.onecdn.static.microsoft/teams-modular-packages/hashed-assets/precompiled-web-worker-inner~f-eebc7dc95bcd3d1c.worker.js:43
[  255746ms] [WARNING] getSerializedKeyForKeypath returned undefined key in InMemoryIndex for table: profiles, with index: email @ https://tflteams.public.onecdn.static.microsoft/teams-modular-packages/hashed-assets/precompiled-web-worker-inner~f-eebc7dc95bcd3d1c.worker.js:43
[  255746ms] [WARNING] getSerializedKeyForKeypath returned undefined key in InMemoryIndex for table: profiles, with index: email @ https://tflteams.public.onecdn.static.microsoft/teams-modular-packages/hashed-assets/precompiled-web-worker-inner~f-eebc7dc95bcd3d1c.worker.js:43
[  255746ms] [WARNING] getSerializedKeyForKeypath returned undefined key in InMemoryIndex for table: profiles, with index: email @ https://tflteams.public.onecdn.static.microsoft/teams-modular-packages/hashed-assets/precompiled-web-worker-inner~f-eebc7dc95bcd3d1c.worker.js:43
[  255746ms] [WARNING] getSerializedKeyForKeypath returned undefined key in InMemoryIndex for table: profiles, with index: email @ https://tflteams.public.onecdn.static.microsoft/teams-modular-packages/hashed-assets/precompiled-web-worker-inner~f-eebc7dc95bcd3d1c.worker.js:43
[  255746ms] [WARNING] getSerializedKeyForKeypath returned undefined key in InMemoryIndex for table: profiles, with index: email @ https://tflteams.public.onecdn.static.microsoft/teams-modular-packages/hashed-assets/precompiled-web-worker-inner~f-eebc7dc95bcd3d1c.worker.js:43
[  258868ms] [WARNING] The resource https://tflteams.public.onecdn.static.microsoft/teams-modular-packages/hashed-assets/496830-b9bc15da63f131f0.js was preloaded using link preload but not used within a few seconds from the window's load event. Please make sure it has an appropriate `as` value and it is preloaded intentionally. @ https://teams.live.com/v2/:0
[  258869ms] [WARNING] The resource https://tflteams.public.onecdn.static.microsoft/teams-modular-packages/hashed-assets/638055-8639409976087493.js was preloaded using link preload but not used within a few seconds from the window's load event. Please make sure it has an appropriate `as` value and it is preloaded intentionally. @ https://teams.live.com/v2/:0
[  258869ms] [WARNING] The resource https://tflteams.public.onecdn.static.microsoft/teams-modular-packages/hashed-assets/435678-d1bdf03cb0afb625.js was preloaded using link preload but not used within a few seconds from the window's load event. Please make sure it has an appropriate `as` value and it is preloaded intentionally. @ https://teams.live.com/v2/:0
[  258870ms] [WARNING] The resource https://tflteams.public.onecdn.static.microsoft/teams-modular-packages/hashed-assets/234995-0c3f3235fc6b66bd.js was preloaded using link preload but not used within a few seconds from the window's load event. Please make sure it has an appropriate `as` value and it is preloaded intentionally. @ https://teams.live.com/v2/:0
[  258870ms] [WARNING] The resource https://tflteams.public.onecdn.static.microsoft/teams-modular-packages/hashed-assets/341350-43f8cb4c1df179e4.js was preloaded using link preload but not used within a few seconds from the window's load event. Please make sure it has an appropriate `as` value and it is preloaded intentionally. @ https://teams.live.com/v2/:0
[  258870ms] [WARNING] The resource https://tflteams.public.onecdn.static.microsoft/teams-modular-packages/hashed-assets/integrities-ee314ca94868d28c4db2.js was preloaded using link preload but not used within a few seconds from the window's load event. Please make sure it has an appropriate `as` value and it is preloaded intentionally. @ https://teams.live.com/v2/:0
[  258870ms] [WARNING] The resource https://tflteams.public.onecdn.static.microsoft/teams-modular-packages/hashed-assets/griffel-35c4b6c6ca9f299f.css was preloaded using link preload but not used within a few seconds from the window's load event. Please make sure it has an appropriate `as` value and it is preloaded intentionally. @ https://teams.live.com/v2/:0
[  258870ms] [WARNING] The resource https://tflteams.public.onecdn.static.microsoft/teams-modular-packages/hashed-assets/462748-07d8fb6516d15b3a.js was preloaded using link preload but not used within a few seconds from the window's load event. Please make sure it has an appropriate `as` value and it is preloaded intentionally. @ https://teams.live.com/v2/:0
[  258871ms] [WARNING] The resource https://tflteams.public.onecdn.static.microsoft/teams-modular-packages/hashed-assets/54365-bfef35ea66ac127d.js was preloaded using link preload but not used within a few seconds from the window's load event. Please make sure it has an appropriate `as` value and it is preloaded intentionally. @ https://teams.live.com/v2/:0
[  258871ms] [WARNING] The resource https://tflteams.public.onecdn.static.microsoft/teams-modular-packages/hashed-assets/376190-643ba6bb5012b8c2.js was preloaded using link preload but not used within a few seconds from the window's load event. Please make sure it has an appropriate `as` value and it is preloaded intentionally. @ https://teams.live.com/v2/:0
[  258871ms] [WARNING] The resource https://tflteams.public.onecdn.static.microsoft/teams-modular-packages/hashed-assets/249566-274523e882e43004.js was preloaded using link preload but not used within a few seconds from the window's load event. Please make sure it has an appropriate `as` value and it is preloaded intentionally. @ https://teams.live.com/v2/:0
[  258871ms] [WARNING] The resource https://tflteams.public.onecdn.static.microsoft/teams-modular-packages/hashed-assets/main-bf92f430a18ec91b.js was preloaded using link preload but not used within a few seconds from the window's load event. Please make sure it has an appropriate `as` value and it is preloaded intentionally. @ https://teams.live.com/v2/:0
[  258872ms] [WARNING] The resource https://tflteams.public.onecdn.static.microsoft/teams-modular-packages/hashed-assets/runtime-52e013a359f54ff5.js was preloaded using link preload but not used within a few seconds from the window's load event. Please make sure it has an appropriate `as` value and it is preloaded intentionally. @ https://teams.live.com/v2/:0
[  258872ms] [WARNING] The resource https://tflteams.public.onecdn.static.microsoft/teams-modular-packages/hashed-assets/158884-70f571c7e70b86a5.js was preloaded using link preload but not used within a few seconds from the window's load event. Please make sure it has an appropriate `as` value and it is preloaded intentionally. @ https://teams.live.com/v2/:0
[  263820ms] [WARNING] The resource https://tflteams.public.onecdn.static.microsoft/teams-modular-packages/hashed-assets/496830-b9bc15da63f131f0.js was preloaded using link preload but not used within a few seconds from the window's load event. Please make sure it has an appropriate `as` value and it is preloaded intentionally. @ https://teams.live.com/v2/:0
[  263820ms] [WARNING] The resource https://tflteams.public.onecdn.static.microsoft/teams-modular-packages/hashed-assets/638055-8639409976087493.js was preloaded using link preload but not used within a few seconds from the window's load event. Please make sure it has an appropriate `as` value and it is preloaded intentionally. @ https://teams.live.com/v2/:0
[  263820ms] [WARNING] The resource https://tflteams.public.onecdn.static.microsoft/teams-modular-packages/hashed-assets/435678-d1bdf03cb0afb625.js was preloaded using link preload but not used within a few seconds from the window's load event. Please make sure it has an appropriate `as` value and it is preloaded intentionally. @ https://teams.live.com/v2/:0
[  263820ms] [WARNING] The resource https://tflteams.public.onecdn.static.microsoft/teams-modular-packages/hashed-assets/234995-0c3f3235fc6b66bd.js was preloaded using link preload but not used within a few seconds from the window's load event. Please make sure it has an appropriate `as` value and it is preloaded intentionally. @ https://teams.live.com/v2/:0
[  263820ms] [WARNING] The resource https://tflteams.public.onecdn.static.microsoft/teams-modular-packages/hashed-assets/341350-43f8cb4c1df179e4.js was preloaded using link preload but not used within a few seconds from the window's load event. Please make sure it has an appropriate `as` value and it is preloaded intentionally. @ https://teams.live.com/v2/:0
[  263820ms] [WARNING] The resource https://tflteams.public.onecdn.static.microsoft/teams-modular-packages/hashed-assets/integrities-ee314ca94868d28c4db2.js was preloaded using link preload but not used within a few seconds from the window's load event. Please make sure it has an appropriate `as` value and it is preloaded intentionally. @ https://teams.live.com/v2/:0
[  263820ms] [WARNING] The resource https://tflteams.public.onecdn.static.microsoft/teams-modular-packages/hashed-assets/griffel-35c4b6c6ca9f299f.css was preloaded using link preload but not used within a few seconds from the window's load event. Please make sure it has an appropriate `as` value and it is preloaded intentionally. @ https://teams.live.com/v2/:0
[  263820ms] [WARNING] The resource https://tflteams.public.onecdn.static.microsoft/teams-modular-packages/hashed-assets/462748-07d8fb6516d15b3a.js was preloaded using link preload but not used within a few seconds from the window's load event. Please make sure it has an appropriate `as` value and it is preloaded intentionally. @ https://teams.live.com/v2/:0
[  263821ms] [WARNING] The resource https://tflteams.public.onecdn.static.microsoft/teams-modular-packages/hashed-assets/54365-bfef35ea66ac127d.js was preloaded using link preload but not used within a few seconds from the window's load event. Please make sure it has an appropriate `as` value and it is preloaded intentionally. @ https://teams.live.com/v2/:0
[  263821ms] [WARNING] The resource https://tflteams.public.onecdn.static.microsoft/teams-modular-packages/hashed-assets/376190-643ba6bb5012b8c2.js was preloaded using link preload but not used within a few seconds from the window's load event. Please make sure it has an appropriate `as` value and it is preloaded intentionally. @ https://teams.live.com/v2/:0
[  263821ms] [WARNING] The resource https://tflteams.public.onecdn.static.microsoft/teams-modular-packages/hashed-assets/249566-274523e882e43004.js was preloaded using link preload but not used within a few seconds from the window's load event. Please make sure it has an appropriate `as` value and it is preloaded intentionally. @ https://teams.live.com/v2/:0
[  263821ms] [WARNING] The resource https://tflteams.public.onecdn.static.microsoft/teams-modular-packages/hashed-assets/main-bf92f430a18ec91b.js was preloaded using link preload but not used within a few seconds from the window's load event. Please make sure it has an appropriate `as` value and it is preloaded intentionally. @ https://teams.live.com/v2/:0
[  263821ms] [WARNING] The resource https://tflteams.public.onecdn.static.microsoft/teams-modular-packages/hashed-assets/runtime-52e013a359f54ff5.js was preloaded using link preload but not used within a few seconds from the window's load event. Please make sure it has an appropriate `as` value and it is preloaded intentionally. @ https://teams.live.com/v2/:0
[  263821ms] [WARNING] The resource https://tflteams.public.onecdn.static.microsoft/teams-modular-packages/hashed-assets/158884-70f571c7e70b86a5.js was preloaded using link preload but not used within a few seconds from the window's load event. Please make sure it has an appropriate `as` value and it is preloaded intentionally. @ https://teams.live.com/v2/:0
[  303240ms] [WARNING] getSerializedKeyForKeypath returned undefined key in InMemoryIndex for table: profiles, with index: email @ https://tflteams.public.onecdn.static.microsoft/teams-modular-packages/hashed-assets/precompiled-web-worker-inner~f-eebc7dc95bcd3d1c.worker.js:43
[  303240ms] [WARNING] getSerializedKeyForKeypath returned undefined key in InMemoryIndex for table: profiles, with index: email @ https://tflteams.public.onecdn.static.microsoft/teams-modular-packages/hashed-assets/precompiled-web-worker-inner~f-eebc7dc95bcd3d1c.worker.js:43
[  303240ms] [WARNING] getSerializedKeyForKeypath returned undefined key in InMemoryIndex for table: profiles, with index: email @ https://tflteams.public.onecdn.static.microsoft/teams-modular-packages/hashed-assets/precompiled-web-worker-inner~f-eebc7dc95bcd3d1c.worker.js:43
[  303240ms] [WARNING] getSerializedKeyForKeypath returned undefined key in InMemoryIndex for table: profiles, with index: email @ https://tflteams.public.onecdn.static.microsoft/teams-modular-packages/hashed-assets/precompiled-web-worker-inner~f-eebc7dc95bcd3d1c.worker.js:43
[  303240ms] [WARNING] getSerializedKeyForKeypath returned undefined key in InMemoryIndex for table: profiles, with index: email @ https://tflteams.public.onecdn.static.microsoft/teams-modular-packages/hashed-assets/precompiled-web-worker-inner~f-eebc7dc95bcd3d1c.worker.js:43
[  303240ms] [WARNING] getSerializedKeyForKeypath returned undefined key in InMemoryIndex for table: profiles, with index: email @ https://tflteams.public.onecdn.static.microsoft/teams-modular-packages/hashed-assets/precompiled-web-worker-inner~f-eebc7dc95bcd3d1c.worker.js:43
[  303240ms] [WARNING] getSerializedKeyForKeypath returned undefined key in InMemoryIndex for table: profiles, with index: email @ https://tflteams.public.onecdn.static.microsoft/teams-modular-packages/hashed-assets/precompiled-web-worker-inner~f-eebc7dc95bcd3d1c.worker.js:43
[  303240ms] [WARNING] getSerializedKeyForKeypath returned undefined key in InMemoryIndex for table: profiles, with index: email @ https://tflteams.public.onecdn.static.microsoft/teams-modular-packages/hashed-assets/precompiled-web-worker-inner~f-eebc7dc95bcd3d1c.worker.js:43
[  303240ms] [WARNING] getSerializedKeyForKeypath returned undefined key in InMemoryIndex for table: profiles, with index: email @ https://tflteams.public.onecdn.static.microsoft/teams-modular-packages/hashed-assets/precompiled-web-worker-inner~f-eebc7dc95bcd3d1c.worker.js:43
[  303240ms] [WARNING] getSerializedKeyForKeypath returned undefined key in InMemoryIndex for table: profiles, with index: email @ https://tflteams.public.onecdn.static.microsoft/teams-modular-packages/hashed-assets/precompiled-web-worker-inner~f-eebc7dc95bcd3d1c.worker.js:43
[  303240ms] [WARNING] getSerializedKeyForKeypath returned undefined key in InMemoryIndex for table: profiles, with index: email @ https://tflteams.public.onecdn.static.microsoft/teams-modular-packages/hashed-assets/precompiled-web-worker-inner~f-eebc7dc95bcd3d1c.worker.js:43
[  303240ms] [WARNING] getSerializedKeyForKeypath returned undefined key in InMemoryIndex for table: profiles, with index: email @ https://tflteams.public.onecdn.static.microsoft/teams-modular-packages/hashed-assets/precompiled-web-worker-inner~f-eebc7dc95bcd3d1c.worker.js:43
[  303240ms] [WARNING] getSerializedKeyForKeypath returned undefined key in InMemoryIndex for table: profiles, with index: email @ https://tflteams.public.onecdn.static.microsoft/teams-modular-packages/hashed-assets/precompiled-web-worker-inner~f-eebc7dc95bcd3d1c.worker.js:43
[  303240ms] [WARNING] getSerializedKeyForKeypath returned undefined key in InMemoryIndex for table: profiles, with index: email @ https://tflteams.public.onecdn.static.microsoft/teams-modular-packages/hashed-assets/precompiled-web-worker-inner~f-eebc7dc95bcd3d1c.worker.js:43
[  303240ms] [WARNING] getSerializedKeyForKeypath returned undefined key in InMemoryIndex for table: profiles, with index: email @ https://tflteams.public.onecdn.static.microsoft/teams-modular-packages/hashed-assets/precompiled-web-worker-inner~f-eebc7dc95bcd3d1c.worker.js:43
[  303240ms] [WARNING] getSerializedKeyForKeypath returned undefined key in InMemoryIndex for table: profiles, with index: email @ https://tflteams.public.onecdn.static.microsoft/teams-modular-packages/hashed-assets/precompiled-web-worker-inner~f-eebc7dc95bcd3d1c.worker.js:43
[  303241ms] [WARNING] getSerializedKeyForKeypath returned undefined key in InMemoryIndex for table: profiles, with index: email @ https://tflteams.public.onecdn.static.microsoft/teams-modular-packages/hashed-assets/precompiled-web-worker-inner~f-eebc7dc95bcd3d1c.worker.js:43
[  303241ms] [WARNING] getSerializedKeyForKeypath returned undefined key in InMemoryIndex for table: profiles, with index: email @ https://tflteams.public.onecdn.static.microsoft/teams-modular-packages/hashed-assets/precompiled-web-worker-inner~f-eebc7dc95bcd3d1c.worker.js:43
[  303241ms] [WARNING] getSerializedKeyForKeypath returned undefined key in InMemoryIndex for table: profiles, with index: email @ https://tflteams.public.onecdn.static.microsoft/teams-modular-packages/hashed-assets/precompiled-web-worker-inner~f-eebc7dc95bcd3d1c.worker.js:43
[  303241ms] [WARNING] getSerializedKeyForKeypath returned undefined key in InMemoryIndex for table: profiles, with index: email @ https://tflteams.public.onecdn.static.microsoft/teams-modular-packages/hashed-assets/precompiled-web-worker-inner~f-eebc7dc95bcd3d1c.worker.js:43
[  303241ms] [WARNING] getSerializedKeyForKeypath returned undefined key in InMemoryIndex for table: profiles, with index: email @ https://tflteams.public.onecdn.static.microsoft/teams-modular-packages/hashed-assets/precompiled-web-worker-inner~f-eebc7dc95bcd3d1c.worker.js:43
[  303241ms] [WARNING] getSerializedKeyForKeypath returned undefined key in InMemoryIndex for table: profiles, with index: email @ https://tflteams.public.onecdn.static.microsoft/teams-modular-packages/hashed-assets/precompiled-web-worker-inner~f-eebc7dc95bcd3d1c.worker.js:43
[  303241ms] [WARNING] getSerializedKeyForKeypath returned undefined key in InMemoryIndex for table: profiles, with index: email @ https://tflteams.public.onecdn.static.microsoft/teams-modular-packages/hashed-assets/precompiled-web-worker-inner~f-eebc7dc95bcd3d1c.worker.js:43
[  303241ms] [WARNING] getSerializedKeyForKeypath returned undefined key in InMemoryIndex for table: profiles, with index: email @ https://tflteams.public.onecdn.static.microsoft/teams-modular-packages/hashed-assets/precompiled-web-worker-inner~f-eebc7dc95bcd3d1c.worker.js:43
[  303241ms] [WARNING] getSerializedKeyForKeypath returned undefined key in InMemoryIndex for table: profiles, with index: email @ https://tflteams.public.onecdn.static.microsoft/teams-modular-packages/hashed-assets/precompiled-web-worker-inner~f-eebc7dc95bcd3d1c.worker.js:43
[  303241ms] [WARNING] getSerializedKeyForKeypath returned undefined key in InMemoryIndex for table: profiles, with index: email @ https://tflteams.public.onecdn.static.microsoft/teams-modular-packages/hashed-assets/precompiled-web-worker-inner~f-eebc7dc95bcd3d1c.worker.js:43
[  303241ms] [WARNING] getSerializedKeyForKeypath returned undefined key in InMemoryIndex for table: profiles, with index: email @ https://tflteams.public.onecdn.static.microsoft/teams-modular-packages/hashed-assets/precompiled-web-worker-inner~f-eebc7dc95bcd3d1c.worker.js:43
[  303241ms] [WARNING] getSerializedKeyForKeypath returned undefined key in InMemoryIndex for table: profiles, with index: email @ https://tflteams.public.onecdn.static.microsoft/teams-modular-packages/hashed-assets/precompiled-web-worker-inner~f-eebc7dc95bcd3d1c.worker.js:43
[  303241ms] [WARNING] getSerializedKeyForKeypath returned undefined key in InMemoryIndex for table: profiles, with index: email @ https://tflteams.public.onecdn.static.microsoft/teams-modular-packages/hashed-assets/precompiled-web-worker-inner~f-eebc7dc95bcd3d1c.worker.js:43
[  303241ms] [WARNING] getSerializedKeyForKeypath returned undefined key in InMemoryIndex for table: profiles, with index: email @ https://tflteams.public.onecdn.static.microsoft/teams-modular-packages/hashed-assets/precompiled-web-worker-inner~f-eebc7dc95bcd3d1c.worker.js:43
[  303241ms] [WARNING] getSerializedKeyForKeypath returned undefined key in InMemoryIndex for table: profiles, with index: email @ https://tflteams.public.onecdn.static.microsoft/teams-modular-packages/hashed-assets/precompiled-web-worker-inner~f-eebc7dc95bcd3d1c.worker.js:43
[  303242ms] [WARNING] getSerializedKeyForKeypath returned undefined key in InMemoryIndex for table: profiles, with index: email @ https://tflteams.public.onecdn.static.microsoft/teams-modular-packages/hashed-assets/precompiled-web-worker-inner~f-eebc7dc95bcd3d1c.worker.js:43
[  303242ms] [WARNING] getSerializedKeyForKeypath returned undefined key in InMemoryIndex for table: profiles, with index: email @ https://tflteams.public.onecdn.static.microsoft/teams-modular-packages/hashed-assets/precompiled-web-worker-inner~f-eebc7dc95bcd3d1c.worker.js:43
[  303242ms] [WARNING] getSerializedKeyForKeypath returned undefined key in InMemoryIndex for table: profiles, with index: email @ https://tflteams.public.onecdn.static.microsoft/teams-modular-packages/hashed-assets/precompiled-web-worker-inner~f-eebc7dc95bcd3d1c.worker.js:43
[  303242ms] [WARNING] getSerializedKeyForKeypath returned undefined key in InMemoryIndex for table: profiles, with index: email @ https://tflteams.public.onecdn.static.microsoft/teams-modular-packages/hashed-assets/precompiled-web-worker-inner~f-eebc7dc95bcd3d1c.worker.js:43
[  303242ms] [WARNING] getSerializedKeyForKeypath returned undefined key in InMemoryIndex for table: profiles, with index: email @ https://tflteams.public.onecdn.static.microsoft/teams-modular-packages/hashed-assets/precompiled-web-worker-inner~f-eebc7dc95bcd3d1c.worker.js:43
[  303242ms] [WARNING] getSerializedKeyForKeypath returned undefined key in InMemoryIndex for table: profiles, with index: email @ https://tflteams.public.onecdn.static.microsoft/teams-modular-packages/hashed-assets/precompiled-web-worker-inner~f-eebc7dc95bcd3d1c.worker.js:43
[  303242ms] [WARNING] getSerializedKeyForKeypath returned undefined key in InMemoryIndex for table: profiles, with index: email @ https://tflteams.public.onecdn.static.microsoft/teams-modular-packages/hashed-assets/precompiled-web-worker-inner~f-eebc7dc95bcd3d1c.worker.js:43
[  306342ms] [WARNING] The resource https://tflteams.public.onecdn.static.microsoft/teams-modular-packages/hashed-assets/496830-b9bc15da63f131f0.js was preloaded using link preload but not used within a few seconds from the window's load event. Please make sure it has an appropriate `as` value and it is preloaded intentionally. @ https://teams.live.com/v2/:0
[  306343ms] [WARNING] The resource https://tflteams.public.onecdn.static.microsoft/teams-modular-packages/hashed-assets/638055-8639409976087493.js was preloaded using link preload but not used within a few seconds from the window's load event. Please make sure it has an appropriate `as` value and it is preloaded intentionally. @ https://teams.live.com/v2/:0
[  306343ms] [WARNING] The resource https://tflteams.public.onecdn.static.microsoft/teams-modular-packages/hashed-assets/435678-d1bdf03cb0afb625.js was preloaded using link preload but not used within a few seconds from the window's load event. Please make sure it has an appropriate `as` value and it is preloaded intentionally. @ https://teams.live.com/v2/:0
[  306343ms] [WARNING] The resource https://tflteams.public.onecdn.static.microsoft/teams-modular-packages/hashed-assets/234995-0c3f3235fc6b66bd.js was preloaded using link preload but not used within a few seconds from the window's load event. Please make sure it has an appropriate `as` value and it is preloaded intentionally. @ https://teams.live.com/v2/:0
[  306343ms] [WARNING] The resource https://tflteams.public.onecdn.static.microsoft/teams-modular-packages/hashed-assets/341350-43f8cb4c1df179e4.js was preloaded using link preload but not used within a few seconds from the window's load event. Please make sure it has an appropriate `as` value and it is preloaded intentionally. @ https://teams.live.com/v2/:0
[  306343ms] [WARNING] The resource https://tflteams.public.onecdn.static.microsoft/teams-modular-packages/hashed-assets/integrities-ee314ca94868d28c4db2.js was preloaded using link preload but not used within a few seconds from the window's load event. Please make sure it has an appropriate `as` value and it is preloaded intentionally. @ https://teams.live.com/v2/:0
[  306343ms] [WARNING] The resource https://tflteams.public.onecdn.static.microsoft/teams-modular-packages/hashed-assets/griffel-35c4b6c6ca9f299f.css was preloaded using link preload but not used within a few seconds from the window's load event. Please make sure it has an appropriate `as` value and it is preloaded intentionally. @ https://teams.live.com/v2/:0
[  306343ms] [WARNING] The resource https://tflteams.public.onecdn.static.microsoft/teams-modular-packages/hashed-assets/462748-07d8fb6516d15b3a.js was preloaded using link preload but not used within a few seconds from the window's load event. Please make sure it has an appropriate `as` value and it is preloaded intentionally. @ https://teams.live.com/v2/:0
[  306343ms] [WARNING] The resource https://tflteams.public.onecdn.static.microsoft/teams-modular-packages/hashed-assets/54365-bfef35ea66ac127d.js was preloaded using link preload but not used within a few seconds from the window's load event. Please make sure it has an appropriate `as` value and it is preloaded intentionally. @ https://teams.live.com/v2/:0
[  306343ms] [WARNING] The resource https://tflteams.public.onecdn.static.microsoft/teams-modular-packages/hashed-assets/376190-643ba6bb5012b8c2.js was preloaded using link preload but not used within a few seconds from the window's load event. Please make sure it has an appropriate `as` value and it is preloaded intentionally. @ https://teams.live.com/v2/:0
[  306343ms] [WARNING] The resource https://tflteams.public.onecdn.static.microsoft/teams-modular-packages/hashed-assets/249566-274523e882e43004.js was preloaded using link preload but not used within a few seconds from the window's load event. Please make sure it has an appropriate `as` value and it is preloaded intentionally. @ https://teams.live.com/v2/:0
[  306343ms] [WARNING] The resource https://tflteams.public.onecdn.static.microsoft/teams-modular-packages/hashed-assets/main-bf92f430a18ec91b.js was preloaded using link preload but not used within a few seconds from the window's load event. Please make sure it has an appropriate `as` value and it is preloaded intentionally. @ https://teams.live.com/v2/:0
[  306343ms] [WARNING] The resource https://tflteams.public.onecdn.static.microsoft/teams-modular-packages/hashed-assets/runtime-52e013a359f54ff5.js was preloaded using link preload but not used within a few seconds from the window's load event. Please make sure it has an appropriate `as` value and it is preloaded intentionally. @ https://teams.live.com/v2/:0
[  306343ms] [WARNING] The resource https://tflteams.public.onecdn.static.microsoft/teams-modular-packages/hashed-assets/158884-70f571c7e70b86a5.js was preloaded using link preload but not used within a few seconds from the window's load event. Please make sure it has an appropriate `as` value and it is preloaded intentionally. @ https://teams.live.com/v2/:0
[  311319ms] [WARNING] The resource https://tflteams.public.onecdn.static.microsoft/teams-modular-packages/hashed-assets/496830-b9bc15da63f131f0.js was preloaded using link preload but not used within a few seconds from the window's load event. Please make sure it has an appropriate `as` value and it is preloaded intentionally. @ https://teams.live.com/v2/:0
[  311319ms] [WARNING] The resource https://tflteams.public.onecdn.static.microsoft/teams-modular-packages/hashed-assets/638055-8639409976087493.js was preloaded using link preload but not used within a few seconds from the window's load event. Please make sure it has an appropriate `as` value and it is preloaded intentionally. @ https://teams.live.com/v2/:0
[  311319ms] [WARNING] The resource https://tflteams.public.onecdn.static.microsoft/teams-modular-packages/hashed-assets/435678-d1bdf03cb0afb625.js was preloaded using link preload but not used within a few seconds from the window's load event. Please make sure it has an appropriate `as` value and it is preloaded intentionally. @ https://teams.live.com/v2/:0
[  311319ms] [WARNING] The resource https://tflteams.public.onecdn.static.microsoft/teams-modular-packages/hashed-assets/234995-0c3f3235fc6b66bd.js was preloaded using link preload but not used within a few seconds from the window's load event. Please make sure it has an appropriate `as` value and it is preloaded intentionally. @ https://teams.live.com/v2/:0
[  311319ms] [WARNING] The resource https://tflteams.public.onecdn.static.microsoft/teams-modular-packages/hashed-assets/341350-43f8cb4c1df179e4.js was preloaded using link preload but not used within a few seconds from the window's load event. Please make sure it has an appropriate `as` value and it is preloaded intentionally. @ https://teams.live.com/v2/:0
[  311319ms] [WARNING] The resource https://tflteams.public.onecdn.static.microsoft/teams-modular-packages/hashed-assets/integrities-ee314ca94868d28c4db2.js was preloaded using link preload but not used within a few seconds from the window's load event. Please make sure it has an appropriate `as` value and it is preloaded intentionally. @ https://teams.live.com/v2/:0
[  311319ms] [WARNING] The resource https://tflteams.public.onecdn.static.microsoft/teams-modular-packages/hashed-assets/griffel-35c4b6c6ca9f299f.css was preloaded using link preload but not used within a few seconds from the window's load event. Please make sure it has an appropriate `as` value and it is preloaded intentionally. @ https://teams.live.com/v2/:0
[  311319ms] [WARNING] The resource https://tflteams.public.onecdn.static.microsoft/teams-modular-packages/hashed-assets/462748-07d8fb6516d15b3a.js was preloaded using link preload but not used within a few seconds from the window's load event. Please make sure it has an appropriate `as` value and it is preloaded intentionally. @ https://teams.live.com/v2/:0
[  311319ms] [WARNING] The resource https://tflteams.public.onecdn.static.microsoft/teams-modular-packages/hashed-assets/54365-bfef35ea66ac127d.js was preloaded using link preload but not used within a few seconds from the window's load event. Please make sure it has an appropriate `as` value and it is preloaded intentionally. @ https://teams.live.com/v2/:0
[  311319ms] [WARNING] The resource https://tflteams.public.onecdn.static.microsoft/teams-modular-packages/hashed-assets/376190-643ba6bb5012b8c2.js was preloaded using link preload but not used within a few seconds from the window's load event. Please make sure it has an appropriate `as` value and it is preloaded intentionally. @ https://teams.live.com/v2/:0
[  311319ms] [WARNING] The resource https://tflteams.public.onecdn.static.microsoft/teams-modular-packages/hashed-assets/249566-274523e882e43004.js was preloaded using link preload but not used within a few seconds from the window's load event. Please make sure it has an appropriate `as` value and it is preloaded intentionally. @ https://teams.live.com/v2/:0
[  311320ms] [WARNING] The resource https://tflteams.public.onecdn.static.microsoft/teams-modular-packages/hashed-assets/main-bf92f430a18ec91b.js was preloaded using link preload but not used within a few seconds from the window's load event. Please make sure it has an appropriate `as` value and it is preloaded intentionally. @ https://teams.live.com/v2/:0
[  311320ms] [WARNING] The resource https://tflteams.public.onecdn.static.microsoft/teams-modular-packages/hashed-assets/runtime-52e013a359f54ff5.js was preloaded using link preload but not used within a few seconds from the window's load event. Please make sure it has an appropriate `as` value and it is preloaded intentionally. @ https://teams.live.com/v2/:0
[  311320ms] [WARNING] The resource https://tflteams.public.onecdn.static.microsoft/teams-modular-packages/hashed-assets/158884-70f571c7e70b86a5.js was preloaded using link preload but not used within a few seconds from the window's load event. Please make sure it has an appropriate `as` value and it is preloaded intentionally. @ https://teams.live.com/v2/:0
[  780994ms] [WARNING] getSerializedKeyForKeypath returned undefined key in InMemoryIndex for table: profiles, with index: email @ https://tflteams.public.onecdn.static.microsoft/teams-modular-packages/hashed-assets/precompiled-web-worker-inner~f-eebc7dc95bcd3d1c.worker.js:43
[  780995ms] [WARNING] getSerializedKeyForKeypath returned undefined key in InMemoryIndex for table: profiles, with index: email @ https://tflteams.public.onecdn.static.microsoft/teams-modular-packages/hashed-assets/precompiled-web-worker-inner~f-eebc7dc95bcd3d1c.worker.js:43
[  780995ms] [WARNING] getSerializedKeyForKeypath returned undefined key in InMemoryIndex for table: profiles, with index: email @ https://tflteams.public.onecdn.static.microsoft/teams-modular-packages/hashed-assets/precompiled-web-worker-inner~f-eebc7dc95bcd3d1c.worker.js:43
[  780995ms] [WARNING] getSerializedKeyForKeypath returned undefined key in InMemoryIndex for table: profiles, with index: email @ https://tflteams.public.onecdn.static.microsoft/teams-modular-packages/hashed-assets/precompiled-web-worker-inner~f-eebc7dc95bcd3d1c.worker.js:43
[  780995ms] [WARNING] getSerializedKeyForKeypath returned undefined key in InMemoryIndex for table: profiles, with index: email @ https://tflteams.public.onecdn.static.microsoft/teams-modular-packages/hashed-assets/precompiled-web-worker-inner~f-eebc7dc95bcd3d1c.worker.js:43
[  780995ms] [WARNING] getSerializedKeyForKeypath returned undefined key in InMemoryIndex for table: profiles, with index: email @ https://tflteams.public.onecdn.static.microsoft/teams-modular-packages/hashed-assets/precompiled-web-worker-inner~f-eebc7dc95bcd3d1c.worker.js:43
[  780995ms] [WARNING] getSerializedKeyForKeypath returned undefined key in InMemoryIndex for table: profiles, with index: email @ https://tflteams.public.onecdn.static.microsoft/teams-modular-packages/hashed-assets/precompiled-web-worker-inner~f-eebc7dc95bcd3d1c.worker.js:43
[  780995ms] [WARNING] getSerializedKeyForKeypath returned undefined key in InMemoryIndex for table: profiles, with index: email @ https://tflteams.public.onecdn.static.microsoft/teams-modular-packages/hashed-assets/precompiled-web-worker-inner~f-eebc7dc95bcd3d1c.worker.js:43
[  780995ms] [WARNING] getSerializedKeyForKeypath returned undefined key in InMemoryIndex for table: profiles, with index: email @ https://tflteams.public.onecdn.static.microsoft/teams-modular-packages/hashed-assets/precompiled-web-worker-inner~f-eebc7dc95bcd3d1c.worker.js:43
[  780995ms] [WARNING] getSerializedKeyForKeypath returned undefined key in InMemoryIndex for table: profiles, with index: email @ https://tflteams.public.onecdn.static.microsoft/teams-modular-packages/hashed-assets/precompiled-web-worker-inner~f-eebc7dc95bcd3d1c.worker.js:43
[  780995ms] [WARNING] getSerializedKeyForKeypath returned undefined key in InMemoryIndex for table: profiles, with index: email @ https://tflteams.public.onecdn.static.microsoft/teams-modular-packages/hashed-assets/precompiled-web-worker-inner~f-eebc7dc95bcd3d1c.worker.js:43
[  780995ms] [WARNING] getSerializedKeyForKeypath returned undefined key in InMemoryIndex for table: profiles, with index: email @ https://tflteams.public.onecdn.static.microsoft/teams-modular-packages/hashed-assets/precompiled-web-worker-inner~f-eebc7dc95bcd3d1c.worker.js:43
[  780995ms] [WARNING] getSerializedKeyForKeypath returned undefined key in InMemoryIndex for table: profiles, with index: email @ https://tflteams.public.onecdn.static.microsoft/teams-modular-packages/hashed-assets/precompiled-web-worker-inner~f-eebc7dc95bcd3d1c.worker.js:43
[  780995ms] [WARNING] getSerializedKeyForKeypath returned undefined key in InMemoryIndex for table: profiles, with index: email @ https://tflteams.public.onecdn.static.microsoft/teams-modular-packages/hashed-assets/precompiled-web-worker-inner~f-eebc7dc95bcd3d1c.worker.js:43
[  780996ms] [WARNING] getSerializedKeyForKeypath returned undefined key in InMemoryIndex for table: profiles, with index: email @ https://tflteams.public.onecdn.static.microsoft/teams-modular-packages/hashed-assets/precompiled-web-worker-inner~f-eebc7dc95bcd3d1c.worker.js:43
[  780996ms] [WARNING] getSerializedKeyForKeypath returned undefined key in InMemoryIndex for table: profiles, with index: email @ https://tflteams.public.onecdn.static.microsoft/teams-modular-packages/hashed-assets/precompiled-web-worker-inner~f-eebc7dc95bcd3d1c.worker.js:43
[  780996ms] [WARNING] getSerializedKeyForKeypath returned undefined key in InMemoryIndex for table: profiles, with index: email @ https://tflteams.public.onecdn.static.microsoft/teams-modular-packages/hashed-assets/precompiled-web-worker-inner~f-eebc7dc95bcd3d1c.worker.js:43
[  780996ms] [WARNING] getSerializedKeyForKeypath returned undefined key in InMemoryIndex for table: profiles, with index: email @ https://tflteams.public.onecdn.static.microsoft/teams-modular-packages/hashed-assets/precompiled-web-worker-inner~f-eebc7dc95bcd3d1c.worker.js:43
[  780996ms] [WARNING] getSerializedKeyForKeypath returned undefined key in InMemoryIndex for table: profiles, with index: email @ https://tflteams.public.onecdn.static.microsoft/teams-modular-packages/hashed-assets/precompiled-web-worker-inner~f-eebc7dc95bcd3d1c.worker.js:43
[  780996ms] [WARNING] getSerializedKeyForKeypath returned undefined key in InMemoryIndex for table: profiles, with index: email @ https://tflteams.public.onecdn.static.microsoft/teams-modular-packages/hashed-assets/precompiled-web-worker-inner~f-eebc7dc95bcd3d1c.worker.js:43
[  780996ms] [WARNING] getSerializedKeyForKeypath returned undefined key in InMemoryIndex for table: profiles, with index: email @ https://tflteams.public.onecdn.static.microsoft/teams-modular-packages/hashed-assets/precompiled-web-worker-inner~f-eebc7dc95bcd3d1c.worker.js:43
[  780996ms] [WARNING] getSerializedKeyForKeypath returned undefined key in InMemoryIndex for table: profiles, with index: email @ https://tflteams.public.onecdn.static.microsoft/teams-modular-packages/hashed-assets/precompiled-web-worker-inner~f-eebc7dc95bcd3d1c.worker.js:43
[  780996ms] [WARNING] getSerializedKeyForKeypath returned undefined key in InMemoryIndex for table: profiles, with index: email @ https://tflteams.public.onecdn.static.microsoft/teams-modular-packages/hashed-assets/precompiled-web-worker-inner~f-eebc7dc95bcd3d1c.worker.js:43
[  780996ms] [WARNING] getSerializedKeyForKeypath returned undefined key in InMemoryIndex for table: profiles, with index: email @ https://tflteams.public.onecdn.static.microsoft/teams-modular-packages/hashed-assets/precompiled-web-worker-inner~f-eebc7dc95bcd3d1c.worker.js:43
[  780996ms] [WARNING] getSerializedKeyForKeypath returned undefined key in InMemoryIndex for table: profiles, with index: email @ https://tflteams.public.onecdn.static.microsoft/teams-modular-packages/hashed-assets/precompiled-web-worker-inner~f-eebc7dc95bcd3d1c.worker.js:43
[  780996ms] [WARNING] getSerializedKeyForKeypath returned undefined key in InMemoryIndex for table: profiles, with index: email @ https://tflteams.public.onecdn.static.microsoft/teams-modular-packages/hashed-assets/precompiled-web-worker-inner~f-eebc7dc95bcd3d1c.worker.js:43
[  780996ms] [WARNING] getSerializedKeyForKeypath returned undefined key in InMemoryIndex for table: profiles, with index: email @ https://tflteams.public.onecdn.static.microsoft/teams-modular-packages/hashed-assets/precompiled-web-worker-inner~f-eebc7dc95bcd3d1c.worker.js:43
[  780996ms] [WARNING] getSerializedKeyForKeypath returned undefined key in InMemoryIndex for table: profiles, with index: email @ https://tflteams.public.onecdn.static.microsoft/teams-modular-packages/hashed-assets/precompiled-web-worker-inner~f-eebc7dc95bcd3d1c.worker.js:43
[  780996ms] [WARNING] getSerializedKeyForKeypath returned undefined key in InMemoryIndex for table: profiles, with index: email @ https://tflteams.public.onecdn.static.microsoft/teams-modular-packages/hashed-assets/precompiled-web-worker-inner~f-eebc7dc95bcd3d1c.worker.js:43
[  780997ms] [WARNING] getSerializedKeyForKeypath returned undefined key in InMemoryIndex for table: profiles, with index: email @ https://tflteams.public.onecdn.static.microsoft/teams-modular-packages/hashed-assets/precompiled-web-worker-inner~f-eebc7dc95bcd3d1c.worker.js:43
[  780997ms] [WARNING] getSerializedKeyForKeypath returned undefined key in InMemoryIndex for table: profiles, with index: email @ https://tflteams.public.onecdn.static.microsoft/teams-modular-packages/hashed-assets/precompiled-web-worker-inner~f-eebc7dc95bcd3d1c.worker.js:43
[  780997ms] [WARNING] getSerializedKeyForKeypath returned undefined key in InMemoryIndex for table: profiles, with index: email @ https://tflteams.public.onecdn.static.microsoft/teams-modular-packages/hashed-assets/precompiled-web-worker-inner~f-eebc7dc95bcd3d1c.worker.js:43
[  780997ms] [WARNING] getSerializedKeyForKeypath returned undefined key in InMemoryIndex for table: profiles, with index: email @ https://tflteams.public.onecdn.static.microsoft/teams-modular-packages/hashed-assets/precompiled-web-worker-inner~f-eebc7dc95bcd3d1c.worker.js:43
[  780997ms] [WARNING] getSerializedKeyForKeypath returned undefined key in InMemoryIndex for table: profiles, with index: email @ https://tflteams.public.onecdn.static.microsoft/teams-modular-packages/hashed-assets/precompiled-web-worker-inner~f-eebc7dc95bcd3d1c.worker.js:43
[  780997ms] [WARNING] getSerializedKeyForKeypath returned undefined key in InMemoryIndex for table: profiles, with index: email @ https://tflteams.public.onecdn.static.microsoft/teams-modular-packages/hashed-assets/precompiled-web-worker-inner~f-eebc7dc95bcd3d1c.worker.js:43
[  780997ms] [WARNING] getSerializedKeyForKeypath returned undefined key in InMemoryIndex for table: profiles, with index: email @ https://tflteams.public.onecdn.static.microsoft/teams-modular-packages/hashed-assets/precompiled-web-worker-inner~f-eebc7dc95bcd3d1c.worker.js:43
[  780997ms] [WARNING] getSerializedKeyForKeypath returned undefined key in InMemoryIndex for table: profiles, with index: email @ https://tflteams.public.onecdn.static.microsoft/teams-modular-packages/hashed-assets/precompiled-web-worker-inner~f-eebc7dc95bcd3d1c.worker.js:43
[  780997ms] [WARNING] getSerializedKeyForKeypath returned undefined key in InMemoryIndex for table: profiles, with index: email @ https://tflteams.public.onecdn.static.microsoft/teams-modular-packages/hashed-assets/precompiled-web-worker-inner~f-eebc7dc95bcd3d1c.worker.js:43
[  784125ms] [WARNING] The resource https://tflteams.public.onecdn.static.microsoft/teams-modular-packages/hashed-assets/496830-b9bc15da63f131f0.js was preloaded using link preload but not used within a few seconds from the window's load event. Please make sure it has an appropriate `as` value and it is preloaded intentionally. @ https://teams.live.com/v2/:0
[  784126ms] [WARNING] The resource https://tflteams.public.onecdn.static.microsoft/teams-modular-packages/hashed-assets/638055-8639409976087493.js was preloaded using link preload but not used within a few seconds from the window's load event. Please make sure it has an appropriate `as` value and it is preloaded intentionally. @ https://teams.live.com/v2/:0
[  784126ms] [WARNING] The resource https://tflteams.public.onecdn.static.microsoft/teams-modular-packages/hashed-assets/435678-d1bdf03cb0afb625.js was preloaded using link preload but not used within a few seconds from the window's load event. Please make sure it has an appropriate `as` value and it is preloaded intentionally. @ https://teams.live.com/v2/:0
[  784126ms] [WARNING] The resource https://tflteams.public.onecdn.static.microsoft/teams-modular-packages/hashed-assets/234995-0c3f3235fc6b66bd.js was preloaded using link preload but not used within a few seconds from the window's load event. Please make sure it has an appropriate `as` value and it is preloaded intentionally. @ https://teams.live.com/v2/:0
[  784126ms] [WARNING] The resource https://tflteams.public.onecdn.static.microsoft/teams-modular-packages/hashed-assets/341350-43f8cb4c1df179e4.js was preloaded using link preload but not used within a few seconds from the window's load event. Please make sure it has an appropriate `as` value and it is preloaded intentionally. @ https://teams.live.com/v2/:0
[  784126ms] [WARNING] The resource https://tflteams.public.onecdn.static.microsoft/teams-modular-packages/hashed-assets/integrities-ee314ca94868d28c4db2.js was preloaded using link preload but not used within a few seconds from the window's load event. Please make sure it has an appropriate `as` value and it is preloaded intentionally. @ https://teams.live.com/v2/:0
[  784126ms] [WARNING] The resource https://tflteams.public.onecdn.static.microsoft/teams-modular-packages/hashed-assets/griffel-35c4b6c6ca9f299f.css was preloaded using link preload but not used within a few seconds from the window's load event. Please make sure it has an appropriate `as` value and it is preloaded intentionally. @ https://teams.live.com/v2/:0
[  784126ms] [WARNING] The resource https://tflteams.public.onecdn.static.microsoft/teams-modular-packages/hashed-assets/462748-07d8fb6516d15b3a.js was preloaded using link preload but not used within a few seconds from the window's load event. Please make sure it has an appropriate `as` value and it is preloaded intentionally. @ https://teams.live.com/v2/:0
[  784126ms] [WARNING] The resource https://tflteams.public.onecdn.static.microsoft/teams-modular-packages/hashed-assets/54365-bfef35ea66ac127d.js was preloaded using link preload but not used within a few seconds from the window's load event. Please make sure it has an appropriate `as` value and it is preloaded intentionally. @ https://teams.live.com/v2/:0
[  784126ms] [WARNING] The resource https://tflteams.public.onecdn.static.microsoft/teams-modular-packages/hashed-assets/376190-643ba6bb5012b8c2.js was preloaded using link preload but not used within a few seconds from the window's load event. Please make sure it has an appropriate `as` value and it is preloaded intentionally. @ https://teams.live.com/v2/:0
[  784126ms] [WARNING] The resource https://tflteams.public.onecdn.static.microsoft/teams-modular-packages/hashed-assets/249566-274523e882e43004.js was preloaded using link preload but not used within a few seconds from the window's load event. Please make sure it has an appropriate `as` value and it is preloaded intentionally. @ https://teams.live.com/v2/:0
[  784126ms] [WARNING] The resource https://tflteams.public.onecdn.static.microsoft/teams-modular-packages/hashed-assets/main-bf92f430a18ec91b.js was preloaded using link preload but not used within a few seconds from the window's load event. Please make sure it has an appropriate `as` value and it is preloaded intentionally. @ https://teams.live.com/v2/:0
[  784126ms] [WARNING] The resource https://tflteams.public.onecdn.static.microsoft/teams-modular-packages/hashed-assets/runtime-52e013a359f54ff5.js was preloaded using link preload but not used within a few seconds from the window's load event. Please make sure it has an appropriate `as` value and it is preloaded intentionally. @ https://teams.live.com/v2/:0
[  784126ms] [WARNING] The resource https://tflteams.public.onecdn.static.microsoft/teams-modular-packages/hashed-assets/158884-70f571c7e70b86a5.js was preloaded using link preload but not used within a few seconds from the window's load event. Please make sure it has an appropriate `as` value and it is preloaded intentionally. @ https://teams.live.com/v2/:0
[  789069ms] [WARNING] The resource https://tflteams.public.onecdn.static.microsoft/teams-modular-packages/hashed-assets/496830-b9bc15da63f131f0.js was preloaded using link preload but not used within a few seconds from the window's load event. Please make sure it has an appropriate `as` value and it is preloaded intentionally. @ https://teams.live.com/v2/:0
[  789069ms] [WARNING] The resource https://tflteams.public.onecdn.static.microsoft/teams-modular-packages/hashed-assets/638055-8639409976087493.js was preloaded using link preload but not used within a few seconds from the window's load event. Please make sure it has an appropriate `as` value and it is preloaded intentionally. @ https://teams.live.com/v2/:0
[  789069ms] [WARNING] The resource https://tflteams.public.onecdn.static.microsoft/teams-modular-packages/hashed-assets/435678-d1bdf03cb0afb625.js was preloaded using link preload but not used within a few seconds from the window's load event. Please make sure it has an appropriate `as` value and it is preloaded intentionally. @ https://teams.live.com/v2/:0
[  789069ms] [WARNING] The resource https://tflteams.public.onecdn.static.microsoft/teams-modular-packages/hashed-assets/234995-0c3f3235fc6b66bd.js was preloaded using link preload but not used within a few seconds from the window's load event. Please make sure it has an appropriate `as` value and it is preloaded intentionally. @ https://teams.live.com/v2/:0
[  789069ms] [WARNING] The resource https://tflteams.public.onecdn.static.microsoft/teams-modular-packages/hashed-assets/341350-43f8cb4c1df179e4.js was preloaded using link preload but not used within a few seconds from the window's load event. Please make sure it has an appropriate `as` value and it is preloaded intentionally. @ https://teams.live.com/v2/:0
[  789069ms] [WARNING] The resource https://tflteams.public.onecdn.static.microsoft/teams-modular-packages/hashed-assets/integrities-ee314ca94868d28c4db2.js was preloaded using link preload but not used within a few seconds from the window's load event. Please make sure it has an appropriate `as` value and it is preloaded intentionally. @ https://teams.live.com/v2/:0
[  789069ms] [WARNING] The resource https://tflteams.public.onecdn.static.microsoft/teams-modular-packages/hashed-assets/griffel-35c4b6c6ca9f299f.css was preloaded using link preload but not used within a few seconds from the window's load event. Please make sure it has an appropriate `as` value and it is preloaded intentionally. @ https://teams.live.com/v2/:0
[  789069ms] [WARNING] The resource https://tflteams.public.onecdn.static.microsoft/teams-modular-packages/hashed-assets/462748-07d8fb6516d15b3a.js was preloaded using link preload but not used within a few seconds from the window's load event. Please make sure it has an appropriate `as` value and it is preloaded intentionally. @ https://teams.live.com/v2/:0
[  789069ms] [WARNING] The resource https://tflteams.public.onecdn.static.microsoft/teams-modular-packages/hashed-assets/54365-bfef35ea66ac127d.js was preloaded using link preload but not used within a few seconds from the window's load event. Please make sure it has an appropriate `as` value and it is preloaded intentionally. @ https://teams.live.com/v2/:0
[  789069ms] [WARNING] The resource https://tflteams.public.onecdn.static.microsoft/teams-modular-packages/hashed-assets/376190-643ba6bb5012b8c2.js was preloaded using link preload but not used within a few seconds from the window's load event. Please make sure it has an appropriate `as` value and it is preloaded intentionally. @ https://teams.live.com/v2/:0
[  789069ms] [WARNING] The resource https://tflteams.public.onecdn.static.microsoft/teams-modular-packages/hashed-assets/249566-274523e882e43004.js was preloaded using link preload but not used within a few seconds from the window's load event. Please make sure it has an appropriate `as` value and it is preloaded intentionally. @ https://teams.live.com/v2/:0
[  789069ms] [WARNING] The resource https://tflteams.public.onecdn.static.microsoft/teams-modular-packages/hashed-assets/main-bf92f430a18ec91b.js was preloaded using link preload but not used within a few seconds from the window's load event. Please make sure it has an appropriate `as` value and it is preloaded intentionally. @ https://teams.live.com/v2/:0
[  789069ms] [WARNING] The resource https://tflteams.public.onecdn.static.microsoft/teams-modular-packages/hashed-assets/runtime-52e013a359f54ff5.js was preloaded using link preload but not used within a few seconds from the window's load event. Please make sure it has an appropriate `as` value and it is preloaded intentionally. @ https://teams.live.com/v2/:0
[  789069ms] [WARNING] The resource https://tflteams.public.onecdn.static.microsoft/teams-modular-packages/hashed-assets/158884-70f571c7e70b86a5.js was preloaded using link preload but not used within a few seconds from the window's load event. Please make sure it has an appropriate `as` value and it is preloaded intentionally. @ https://teams.live.com/v2/:0
[  804599ms] [WARNING] getSerializedKeyForKeypath returned undefined key in InMemoryIndex for table: profiles, with index: email @ https://tflteams.public.onecdn.static.microsoft/teams-modular-packages/hashed-assets/precompiled-web-worker-inner~f-eebc7dc95bcd3d1c.worker.js:43
[  804599ms] [WARNING] getSerializedKeyForKeypath returned undefined key in InMemoryIndex for table: profiles, with index: email @ https://tflteams.public.onecdn.static.microsoft/teams-modular-packages/hashed-assets/precompiled-web-worker-inner~f-eebc7dc95bcd3d1c.worker.js:43
[  804599ms] [WARNING] getSerializedKeyForKeypath returned undefined key in InMemoryIndex for table: profiles, with index: email @ https://tflteams.public.onecdn.static.microsoft/teams-modular-packages/hashed-assets/precompiled-web-worker-inner~f-eebc7dc95bcd3d1c.worker.js:43
[  804599ms] [WARNING] getSerializedKeyForKeypath returned undefined key in InMemoryIndex for table: profiles, with index: email @ https://tflteams.public.onecdn.static.microsoft/teams-modular-packages/hashed-assets/precompiled-web-worker-inner~f-eebc7dc95bcd3d1c.worker.js:43
[  804600ms] [WARNING] getSerializedKeyForKeypath returned undefined key in InMemoryIndex for table: profiles, with index: email @ https://tflteams.public.onecdn.static.microsoft/teams-modular-packages/hashed-assets/precompiled-web-worker-inner~f-eebc7dc95bcd3d1c.worker.js:43
[  804600ms] [WARNING] getSerializedKeyForKeypath returned undefined key in InMemoryIndex for table: profiles, with index: email @ https://tflteams.public.onecdn.static.microsoft/teams-modular-packages/hashed-assets/precompiled-web-worker-inner~f-eebc7dc95bcd3d1c.worker.js:43
[  804600ms] [WARNING] getSerializedKeyForKeypath returned undefined key in InMemoryIndex for table: profiles, with index: email @ https://tflteams.public.onecdn.static.microsoft/teams-modular-packages/hashed-assets/precompiled-web-worker-inner~f-eebc7dc95bcd3d1c.worker.js:43
[  804600ms] [WARNING] getSerializedKeyForKeypath returned undefined key in InMemoryIndex for table: profiles, with index: email @ https://tflteams.public.onecdn.static.microsoft/teams-modular-packages/hashed-assets/precompiled-web-worker-inner~f-eebc7dc95bcd3d1c.worker.js:43
[  804600ms] [WARNING] getSerializedKeyForKeypath returned undefined key in InMemoryIndex for table: profiles, with index: email @ https://tflteams.public.onecdn.static.microsoft/teams-modular-packages/hashed-assets/precompiled-web-worker-inner~f-eebc7dc95bcd3d1c.worker.js:43
[  804600ms] [WARNING] getSerializedKeyForKeypath returned undefined key in InMemoryIndex for table: profiles, with index: email @ https://tflteams.public.onecdn.static.microsoft/teams-modular-packages/hashed-assets/precompiled-web-worker-inner~f-eebc7dc95bcd3d1c.worker.js:43
[  804600ms] [WARNING] getSerializedKeyForKeypath returned undefined key in InMemoryIndex for table: profiles, with index: email @ https://tflteams.public.onecdn.static.microsoft/teams-modular-packages/hashed-assets/precompiled-web-worker-inner~f-eebc7dc95bcd3d1c.worker.js:43
[  804600ms] [WARNING] getSerializedKeyForKeypath returned undefined key in InMemoryIndex for table: profiles, with index: email @ https://tflteams.public.onecdn.static.microsoft/teams-modular-packages/hashed-assets/precompiled-web-worker-inner~f-eebc7dc95bcd3d1c.worker.js:43
[  804600ms] [WARNING] getSerializedKeyForKeypath returned undefined key in InMemoryIndex for table: profiles, with index: email @ https://tflteams.public.onecdn.static.microsoft/teams-modular-packages/hashed-assets/precompiled-web-worker-inner~f-eebc7dc95bcd3d1c.worker.js:43
[  804600ms] [WARNING] getSerializedKeyForKeypath returned undefined key in InMemoryIndex for table: profiles, with index: email @ https://tflteams.public.onecdn.static.microsoft/teams-modular-packages/hashed-assets/precompiled-web-worker-inner~f-eebc7dc95bcd3d1c.worker.js:43
[  804600ms] [WARNING] getSerializedKeyForKeypath returned undefined key in InMemoryIndex for table: profiles, with index: email @ https://tflteams.public.onecdn.static.microsoft/teams-modular-packages/hashed-assets/precompiled-web-worker-inner~f-eebc7dc95bcd3d1c.worker.js:43
[  804600ms] [WARNING] getSerializedKeyForKeypath returned undefined key in InMemoryIndex for table: profiles, with index: email @ https://tflteams.public.onecdn.static.microsoft/teams-modular-packages/hashed-assets/precompiled-web-worker-inner~f-eebc7dc95bcd3d1c.worker.js:43
[  804600ms] [WARNING] getSerializedKeyForKeypath returned undefined key in InMemoryIndex for table: profiles, with index: email @ https://tflteams.public.onecdn.static.microsoft/teams-modular-packages/hashed-assets/precompiled-web-worker-inner~f-eebc7dc95bcd3d1c.worker.js:43
[  804600ms] [WARNING] getSerializedKeyForKeypath returned undefined key in InMemoryIndex for table: profiles, with index: email @ https://tflteams.public.onecdn.static.microsoft/teams-modular-packages/hashed-assets/precompiled-web-worker-inner~f-eebc7dc95bcd3d1c.worker.js:43
[  804600ms] [WARNING] getSerializedKeyForKeypath returned undefined key in InMemoryIndex for table: profiles, with index: email @ https://tflteams.public.onecdn.static.microsoft/teams-modular-packages/hashed-assets/precompiled-web-worker-inner~f-eebc7dc95bcd3d1c.worker.js:43
[  804600ms] [WARNING] getSerializedKeyForKeypath returned undefined key in InMemoryIndex for table: profiles, with index: email @ https://tflteams.public.onecdn.static.microsoft/teams-modular-packages/hashed-assets/precompiled-web-worker-inner~f-eebc7dc95bcd3d1c.worker.js:43
[  804600ms] [WARNING] getSerializedKeyForKeypath returned undefined key in InMemoryIndex for table: profiles, with index: email @ https://tflteams.public.onecdn.static.microsoft/teams-modular-packages/hashed-assets/precompiled-web-worker-inner~f-eebc7dc95bcd3d1c.worker.js:43
[  804600ms] [WARNING] getSerializedKeyForKeypath returned undefined key in InMemoryIndex for table: profiles, with index: email @ https://tflteams.public.onecdn.static.microsoft/teams-modular-packages/hashed-assets/precompiled-web-worker-inner~f-eebc7dc95bcd3d1c.worker.js:43
[  804601ms] [WARNING] getSerializedKeyForKeypath returned undefined key in InMemoryIndex for table: profiles, with index: email @ https://tflteams.public.onecdn.static.microsoft/teams-modular-packages/hashed-assets/precompiled-web-worker-inner~f-eebc7dc95bcd3d1c.worker.js:43
[  804601ms] [WARNING] getSerializedKeyForKeypath returned undefined key in InMemoryIndex for table: profiles, with index: email @ https://tflteams.public.onecdn.static.microsoft/teams-modular-packages/hashed-assets/precompiled-web-worker-inner~f-eebc7dc95bcd3d1c.worker.js:43
[  804601ms] [WARNING] getSerializedKeyForKeypath returned undefined key in InMemoryIndex for table: profiles, with index: email @ https://tflteams.public.onecdn.static.microsoft/teams-modular-packages/hashed-assets/precompiled-web-worker-inner~f-eebc7dc95bcd3d1c.worker.js:43
[  804601ms] [WARNING] getSerializedKeyForKeypath returned undefined key in InMemoryIndex for table: profiles, with index: email @ https://tflteams.public.onecdn.static.microsoft/teams-modular-packages/hashed-assets/precompiled-web-worker-inner~f-eebc7dc95bcd3d1c.worker.js:43
[  804601ms] [WARNING] getSerializedKeyForKeypath returned undefined key in InMemoryIndex for table: profiles, with index: email @ https://tflteams.public.onecdn.static.microsoft/teams-modular-packages/hashed-assets/precompiled-web-worker-inner~f-eebc7dc95bcd3d1c.worker.js:43
[  804601ms] [WARNING] getSerializedKeyForKeypath returned undefined key in InMemoryIndex for table: profiles, with index: email @ https://tflteams.public.onecdn.static.microsoft/teams-modular-packages/hashed-assets/precompiled-web-worker-inner~f-eebc7dc95bcd3d1c.worker.js:43
[  804601ms] [WARNING] getSerializedKeyForKeypath returned undefined key in InMemoryIndex for table: profiles, with index: email @ https://tflteams.public.onecdn.static.microsoft/teams-modular-packages/hashed-assets/precompiled-web-worker-inner~f-eebc7dc95bcd3d1c.worker.js:43
[  804601ms] [WARNING] getSerializedKeyForKeypath returned undefined key in InMemoryIndex for table: profiles, with index: email @ https://tflteams.public.onecdn.static.microsoft/teams-modular-packages/hashed-assets/precompiled-web-worker-inner~f-eebc7dc95bcd3d1c.worker.js:43
[  804601ms] [WARNING] getSerializedKeyForKeypath returned undefined key in InMemoryIndex for table: profiles, with index: email @ https://tflteams.public.onecdn.static.microsoft/teams-modular-packages/hashed-assets/precompiled-web-worker-inner~f-eebc7dc95bcd3d1c.worker.js:43
[  804601ms] [WARNING] getSerializedKeyForKeypath returned undefined key in InMemoryIndex for table: profiles, with index: email @ https://tflteams.public.onecdn.static.microsoft/teams-modular-packages/hashed-assets/precompiled-web-worker-inner~f-eebc7dc95bcd3d1c.worker.js:43
[  804601ms] [WARNING] getSerializedKeyForKeypath returned undefined key in InMemoryIndex for table: profiles, with index: email @ https://tflteams.public.onecdn.static.microsoft/teams-modular-packages/hashed-assets/precompiled-web-worker-inner~f-eebc7dc95bcd3d1c.worker.js:43
[  804601ms] [WARNING] getSerializedKeyForKeypath returned undefined key in InMemoryIndex for table: profiles, with index: email @ https://tflteams.public.onecdn.static.microsoft/teams-modular-packages/hashed-assets/precompiled-web-worker-inner~f-eebc7dc95bcd3d1c.worker.js:43
[  804601ms] [WARNING] getSerializedKeyForKeypath returned undefined key in InMemoryIndex for table: profiles, with index: email @ https://tflteams.public.onecdn.static.microsoft/teams-modular-packages/hashed-assets/precompiled-web-worker-inner~f-eebc7dc95bcd3d1c.worker.js:43
[  804601ms] [WARNING] getSerializedKeyForKeypath returned undefined key in InMemoryIndex for table: profiles, with index: email @ https://tflteams.public.onecdn.static.microsoft/teams-modular-packages/hashed-assets/precompiled-web-worker-inner~f-eebc7dc95bcd3d1c.worker.js:43
[  804601ms] [WARNING] getSerializedKeyForKeypath returned undefined key in InMemoryIndex for table: profiles, with index: email @ https://tflteams.public.onecdn.static.microsoft/teams-modular-packages/hashed-assets/precompiled-web-worker-inner~f-eebc7dc95bcd3d1c.worker.js:43
[  804601ms] [WARNING] getSerializedKeyForKeypath returned undefined key in InMemoryIndex for table: profiles, with index: email @ https://tflteams.public.onecdn.static.microsoft/teams-modular-packages/hashed-assets/precompiled-web-worker-inner~f-eebc7dc95bcd3d1c.worker.js:43
[  807694ms] [WARNING] The resource https://tflteams.public.onecdn.static.microsoft/teams-modular-packages/hashed-assets/496830-b9bc15da63f131f0.js was preloaded using link preload but not used within a few seconds from the window's load event. Please make sure it has an appropriate `as` value and it is preloaded intentionally. @ https://teams.live.com/v2/:0
[  807694ms] [WARNING] The resource https://tflteams.public.onecdn.static.microsoft/teams-modular-packages/hashed-assets/638055-8639409976087493.js was preloaded using link preload but not used within a few seconds from the window's load event. Please make sure it has an appropriate `as` value and it is preloaded intentionally. @ https://teams.live.com/v2/:0
[  807694ms] [WARNING] The resource https://tflteams.public.onecdn.static.microsoft/teams-modular-packages/hashed-assets/435678-d1bdf03cb0afb625.js was preloaded using link preload but not used within a few seconds from the window's load event. Please make sure it has an appropriate `as` value and it is preloaded intentionally. @ https://teams.live.com/v2/:0
[  807694ms] [WARNING] The resource https://tflteams.public.onecdn.static.microsoft/teams-modular-packages/hashed-assets/234995-0c3f3235fc6b66bd.js was preloaded using link preload but not used within a few seconds from the window's load event. Please make sure it has an appropriate `as` value and it is preloaded intentionally. @ https://teams.live.com/v2/:0
[  807694ms] [WARNING] The resource https://tflteams.public.onecdn.static.microsoft/teams-modular-packages/hashed-assets/341350-43f8cb4c1df179e4.js was preloaded using link preload but not used within a few seconds from the window's load event. Please make sure it has an appropriate `as` value and it is preloaded intentionally. @ https://teams.live.com/v2/:0
[  807694ms] [WARNING] The resource https://tflteams.public.onecdn.static.microsoft/teams-modular-packages/hashed-assets/integrities-ee314ca94868d28c4db2.js was preloaded using link preload but not used within a few seconds from the window's load event. Please make sure it has an appropriate `as` value and it is preloaded intentionally. @ https://teams.live.com/v2/:0
[  807694ms] [WARNING] The resource https://tflteams.public.onecdn.static.microsoft/teams-modular-packages/hashed-assets/griffel-35c4b6c6ca9f299f.css was preloaded using link preload but not used within a few seconds from the window's load event. Please make sure it has an appropriate `as` value and it is preloaded intentionally. @ https://teams.live.com/v2/:0
[  807694ms] [WARNING] The resource https://tflteams.public.onecdn.static.microsoft/teams-modular-packages/hashed-assets/462748-07d8fb6516d15b3a.js was preloaded using link preload but not used within a few seconds from the window's load event. Please make sure it has an appropriate `as` value and it is preloaded intentionally. @ https://teams.live.com/v2/:0
[  807694ms] [WARNING] The resource https://tflteams.public.onecdn.static.microsoft/teams-modular-packages/hashed-assets/54365-bfef35ea66ac127d.js was preloaded using link preload but not used within a few seconds from the window's load event. Please make sure it has an appropriate `as` value and it is preloaded intentionally. @ https://teams.live.com/v2/:0
[  807694ms] [WARNING] The resource https://tflteams.public.onecdn.static.microsoft/teams-modular-packages/hashed-assets/376190-643ba6bb5012b8c2.js was preloaded using link preload but not used within a few seconds from the window's load event. Please make sure it has an appropriate `as` value and it is preloaded intentionally. @ https://teams.live.com/v2/:0
[  807694ms] [WARNING] The resource https://tflteams.public.onecdn.static.microsoft/teams-modular-packages/hashed-assets/249566-274523e882e43004.js was preloaded using link preload but not used within a few seconds from the window's load event. Please make sure it has an appropriate `as` value and it is preloaded intentionally. @ https://teams.live.com/v2/:0
[  807694ms] [WARNING] The resource https://tflteams.public.onecdn.static.microsoft/teams-modular-packages/hashed-assets/main-bf92f430a18ec91b.js was preloaded using link preload but not used within a few seconds from the window's load event. Please make sure it has an appropriate `as` value and it is preloaded intentionally. @ https://teams.live.com/v2/:0
[  807694ms] [WARNING] The resource https://tflteams.public.onecdn.static.microsoft/teams-modular-packages/hashed-assets/runtime-52e013a359f54ff5.js was preloaded using link preload but not used within a few seconds from the window's load event. Please make sure it has an appropriate `as` value and it is preloaded intentionally. @ https://teams.live.com/v2/:0
[  807694ms] [WARNING] The resource https://tflteams.public.onecdn.static.microsoft/teams-modular-packages/hashed-assets/158884-70f571c7e70b86a5.js was preloaded using link preload but not used within a few seconds from the window's load event. Please make sure it has an appropriate `as` value and it is preloaded intentionally. @ https://teams.live.com/v2/:0
[  812663ms] [WARNING] The resource https://tflteams.public.onecdn.static.microsoft/teams-modular-packages/hashed-assets/496830-b9bc15da63f131f0.js was preloaded using link preload but not used within a few seconds from the window's load event. Please make sure it has an appropriate `as` value and it is preloaded intentionally. @ https://teams.live.com/v2/:0
[  812663ms] [WARNING] The resource https://tflteams.public.onecdn.static.microsoft/teams-modular-packages/hashed-assets/638055-8639409976087493.js was preloaded using link preload but not used within a few seconds from the window's load event. Please make sure it has an appropriate `as` value and it is preloaded intentionally. @ https://teams.live.com/v2/:0
[  812663ms] [WARNING] The resource https://tflteams.public.onecdn.static.microsoft/teams-modular-packages/hashed-assets/435678-d1bdf03cb0afb625.js was preloaded using link preload but not used within a few seconds from the window's load event. Please make sure it has an appropriate `as` value and it is preloaded intentionally. @ https://teams.live.com/v2/:0
[  812663ms] [WARNING] The resource https://tflteams.public.onecdn.static.microsoft/teams-modular-packages/hashed-assets/234995-0c3f3235fc6b66bd.js was preloaded using link preload but not used within a few seconds from the window's load event. Please make sure it has an appropriate `as` value and it is preloaded intentionally. @ https://teams.live.com/v2/:0
[  812663ms] [WARNING] The resource https://tflteams.public.onecdn.static.microsoft/teams-modular-packages/hashed-assets/341350-43f8cb4c1df179e4.js was preloaded using link preload but not used within a few seconds from the window's load event. Please make sure it has an appropriate `as` value and it is preloaded intentionally. @ https://teams.live.com/v2/:0
[  812663ms] [WARNING] The resource https://tflteams.public.onecdn.static.microsoft/teams-modular-packages/hashed-assets/integrities-ee314ca94868d28c4db2.js was preloaded using link preload but not used within a few seconds from the window's load event. Please make sure it has an appropriate `as` value and it is preloaded intentionally. @ https://teams.live.com/v2/:0
[  812663ms] [WARNING] The resource https://tflteams.public.onecdn.static.microsoft/teams-modular-packages/hashed-assets/griffel-35c4b6c6ca9f299f.css was preloaded using link preload but not used within a few seconds from the window's load event. Please make sure it has an appropriate `as` value and it is preloaded intentionally. @ https://teams.live.com/v2/:0
[  812663ms] [WARNING] The resource https://tflteams.public.onecdn.static.microsoft/teams-modular-packages/hashed-assets/462748-07d8fb6516d15b3a.js was preloaded using link preload but not used within a few seconds from the window's load event. Please make sure it has an appropriate `as` value and it is preloaded intentionally. @ https://teams.live.com/v2/:0
[  812663ms] [WARNING] The resource https://tflteams.public.onecdn.static.microsoft/teams-modular-packages/hashed-assets/54365-bfef35ea66ac127d.js was preloaded using link preload but not used within a few seconds from the window's load event. Please make sure it has an appropriate `as` value and it is preloaded intentionally. @ https://teams.live.com/v2/:0
[  812663ms] [WARNING] The resource https://tflteams.public.onecdn.static.microsoft/teams-modular-packages/hashed-assets/376190-643ba6bb5012b8c2.js was preloaded using link preload but not used within a few seconds from the window's load event. Please make sure it has an appropriate `as` value and it is preloaded intentionally. @ https://teams.live.com/v2/:0
[  812663ms] [WARNING] The resource https://tflteams.public.onecdn.static.microsoft/teams-modular-packages/hashed-assets/249566-274523e882e43004.js was preloaded using link preload but not used within a few seconds from the window's load event. Please make sure it has an appropriate `as` value and it is preloaded intentionally. @ https://teams.live.com/v2/:0
[  812663ms] [WARNING] The resource https://tflteams.public.onecdn.static.microsoft/teams-modular-packages/hashed-assets/main-bf92f430a18ec91b.js was preloaded using link preload but not used within a few seconds from the window's load event. Please make sure it has an appropriate `as` value and it is preloaded intentionally. @ https://teams.live.com/v2/:0
[  812663ms] [WARNING] The resource https://tflteams.public.onecdn.static.microsoft/teams-modular-packages/hashed-assets/runtime-52e013a359f54ff5.js was preloaded using link preload but not used within a few seconds from the window's load event. Please make sure it has an appropriate `as` value and it is preloaded intentionally. @ https://teams.live.com/v2/:0
[  812663ms] [WARNING] The resource https://tflteams.public.onecdn.static.microsoft/teams-modular-packages/hashed-assets/158884-70f571c7e70b86a5.js was preloaded using link preload but not used within a few seconds from the window's load event. Please make sure it has an appropriate `as` value and it is preloaded intentionally. @ https://teams.live.com/v2/:0
[  829880ms] [WARNING] getSerializedKeyForKeypath returned undefined key in InMemoryIndex for table: profiles, with index: email @ https://tflteams.public.onecdn.static.microsoft/teams-modular-packages/hashed-assets/precompiled-web-worker-inner~f-eebc7dc95bcd3d1c.worker.js:43
[  829880ms] [WARNING] getSerializedKeyForKeypath returned undefined key in InMemoryIndex for table: profiles, with index: email @ https://tflteams.public.onecdn.static.microsoft/teams-modular-packages/hashed-assets/precompiled-web-worker-inner~f-eebc7dc95bcd3d1c.worker.js:43
[  829880ms] [WARNING] getSerializedKeyForKeypath returned undefined key in InMemoryIndex for table: profiles, with index: email @ https://tflteams.public.onecdn.static.microsoft/teams-modular-packages/hashed-assets/precompiled-web-worker-inner~f-eebc7dc95bcd3d1c.worker.js:43
[  829881ms] [WARNING] getSerializedKeyForKeypath returned undefined key in InMemoryIndex for table: profiles, with index: email @ https://tflteams.public.onecdn.static.microsoft/teams-modular-packages/hashed-assets/precompiled-web-worker-inner~f-eebc7dc95bcd3d1c.worker.js:43
[  829881ms] [WARNING] getSerializedKeyForKeypath returned undefined key in InMemoryIndex for table: profiles, with index: email @ https://tflteams.public.onecdn.static.microsoft/teams-modular-packages/hashed-assets/precompiled-web-worker-inner~f-eebc7dc95bcd3d1c.worker.js:43
[  829881ms] [WARNING] getSerializedKeyForKeypath returned undefined key in InMemoryIndex for table: profiles, with index: email @ https://tflteams.public.onecdn.static.microsoft/teams-modular-packages/hashed-assets/precompiled-web-worker-inner~f-eebc7dc95bcd3d1c.worker.js:43
[  829881ms] [WARNING] getSerializedKeyForKeypath returned undefined key in InMemoryIndex for table: profiles, with index: email @ https://tflteams.public.onecdn.static.microsoft/teams-modular-packages/hashed-assets/precompiled-web-worker-inner~f-eebc7dc95bcd3d1c.worker.js:43
[  829881ms] [WARNING] getSerializedKeyForKeypath returned undefined key in InMemoryIndex for table: profiles, with index: email @ https://tflteams.public.onecdn.static.microsoft/teams-modular-packages/hashed-assets/precompiled-web-worker-inner~f-eebc7dc95bcd3d1c.worker.js:43
[  829881ms] [WARNING] getSerializedKeyForKeypath returned undefined key in InMemoryIndex for table: profiles, with index: email @ https://tflteams.public.onecdn.static.microsoft/teams-modular-packages/hashed-assets/precompiled-web-worker-inner~f-eebc7dc95bcd3d1c.worker.js:43
[  829881ms] [WARNING] getSerializedKeyForKeypath returned undefined key in InMemoryIndex for table: profiles, with index: email @ https://tflteams.public.onecdn.static.microsoft/teams-modular-packages/hashed-assets/precompiled-web-worker-inner~f-eebc7dc95bcd3d1c.worker.js:43
[  829881ms] [WARNING] getSerializedKeyForKeypath returned undefined key in InMemoryIndex for table: profiles, with index: email @ https://tflteams.public.onecdn.static.microsoft/teams-modular-packages/hashed-assets/precompiled-web-worker-inner~f-eebc7dc95bcd3d1c.worker.js:43
[  829881ms] [WARNING] getSerializedKeyForKeypath returned undefined key in InMemoryIndex for table: profiles, with index: email @ https://tflteams.public.onecdn.static.microsoft/teams-modular-packages/hashed-assets/precompiled-web-worker-inner~f-eebc7dc95bcd3d1c.worker.js:43
[  829881ms] [WARNING] getSerializedKeyForKeypath returned undefined key in InMemoryIndex for table: profiles, with index: email @ https://tflteams.public.onecdn.static.microsoft/teams-modular-packages/hashed-assets/precompiled-web-worker-inner~f-eebc7dc95bcd3d1c.worker.js:43
[  829881ms] [WARNING] getSerializedKeyForKeypath returned undefined key in InMemoryIndex for table: profiles, with index: email @ https://tflteams.public.onecdn.static.microsoft/teams-modular-packages/hashed-assets/precompiled-web-worker-inner~f-eebc7dc95bcd3d1c.worker.js:43
[  829881ms] [WARNING] getSerializedKeyForKeypath returned undefined key in InMemoryIndex for table: profiles, with index: email @ https://tflteams.public.onecdn.static.microsoft/teams-modular-packages/hashed-assets/precompiled-web-worker-inner~f-eebc7dc95bcd3d1c.worker.js:43
[  829881ms] [WARNING] getSerializedKeyForKeypath returned undefined key in InMemoryIndex for table: profiles, with index: email @ https://tflteams.public.onecdn.static.microsoft/teams-modular-packages/hashed-assets/precompiled-web-worker-inner~f-eebc7dc95bcd3d1c.worker.js:43
[  829882ms] [WARNING] getSerializedKeyForKeypath returned undefined key in InMemoryIndex for table: profiles, with index: email @ https://tflteams.public.onecdn.static.microsoft/teams-modular-packages/hashed-assets/precompiled-web-worker-inner~f-eebc7dc95bcd3d1c.worker.js:43
[  829882ms] [WARNING] getSerializedKeyForKeypath returned undefined key in InMemoryIndex for table: profiles, with index: email @ https://tflteams.public.onecdn.static.microsoft/teams-modular-packages/hashed-assets/precompiled-web-worker-inner~f-eebc7dc95bcd3d1c.worker.js:43
[  829882ms] [WARNING] getSerializedKeyForKeypath returned undefined key in InMemoryIndex for table: profiles, with index: email @ https://tflteams.public.onecdn.static.microsoft/teams-modular-packages/hashed-assets/precompiled-web-worker-inner~f-eebc7dc95bcd3d1c.worker.js:43
[  829882ms] [WARNING] getSerializedKeyForKeypath returned undefined key in InMemoryIndex for table: profiles, with index: email @ https://tflteams.public.onecdn.static.microsoft/teams-modular-packages/hashed-assets/precompiled-web-worker-inner~f-eebc7dc95bcd3d1c.worker.js:43
[  829882ms] [WARNING] getSerializedKeyForKeypath returned undefined key in InMemoryIndex for table: profiles, with index: email @ https://tflteams.public.onecdn.static.microsoft/teams-modular-packages/hashed-assets/precompiled-web-worker-inner~f-eebc7dc95bcd3d1c.worker.js:43
[  829882ms] [WARNING] getSerializedKeyForKeypath returned undefined key in InMemoryIndex for table: profiles, with index: email @ https://tflteams.public.onecdn.static.microsoft/teams-modular-packages/hashed-assets/precompiled-web-worker-inner~f-eebc7dc95bcd3d1c.worker.js:43
[  829882ms] [WARNING] getSerializedKeyForKeypath returned undefined key in InMemoryIndex for table: profiles, with index: email @ https://tflteams.public.onecdn.static.microsoft/teams-modular-packages/hashed-assets/precompiled-web-worker-inner~f-eebc7dc95bcd3d1c.worker.js:43
[  829882ms] [WARNING] getSerializedKeyForKeypath returned undefined key in InMemoryIndex for table: profiles, with index: email @ https://tflteams.public.onecdn.static.microsoft/teams-modular-packages/hashed-assets/precompiled-web-worker-inner~f-eebc7dc95bcd3d1c.worker.js:43
[  829882ms] [WARNING] getSerializedKeyForKeypath returned undefined key in InMemoryIndex for table: profiles, with index: email @ https://tflteams.public.onecdn.static.microsoft/teams-modular-packages/hashed-assets/precompiled-web-worker-inner~f-eebc7dc95bcd3d1c.worker.js:43
[  829882ms] [WARNING] getSerializedKeyForKeypath returned undefined key in InMemoryIndex for table: profiles, with index: email @ https://tflteams.public.onecdn.static.microsoft/teams-modular-packages/hashed-assets/precompiled-web-worker-inner~f-eebc7dc95bcd3d1c.worker.js:43
[  829882ms] [WARNING] getSerializedKeyForKeypath returned undefined key in InMemoryIndex for table: profiles, with index: email @ https://tflteams.public.onecdn.static.microsoft/teams-modular-packages/hashed-assets/precompiled-web-worker-inner~f-eebc7dc95bcd3d1c.worker.js:43
[  829882ms] [WARNING] getSerializedKeyForKeypath returned undefined key in InMemoryIndex for table: profiles, with index: email @ https://tflteams.public.onecdn.static.microsoft/teams-modular-packages/hashed-assets/precompiled-web-worker-inner~f-eebc7dc95bcd3d1c.worker.js:43
[  829882ms] [WARNING] getSerializedKeyForKeypath returned undefined key in InMemoryIndex for table: profiles, with index: email @ https://tflteams.public.onecdn.static.microsoft/teams-modular-packages/hashed-assets/precompiled-web-worker-inner~f-eebc7dc95bcd3d1c.worker.js:43
[  829883ms] [WARNING] getSerializedKeyForKeypath returned undefined key in InMemoryIndex for table: profiles, with index: email @ https://tflteams.public.onecdn.static.microsoft/teams-modular-packages/hashed-assets/precompiled-web-worker-inner~f-eebc7dc95bcd3d1c.worker.js:43
[  829883ms] [WARNING] getSerializedKeyForKeypath returned undefined key in InMemoryIndex for table: profiles, with index: email @ https://tflteams.public.onecdn.static.microsoft/teams-modular-packages/hashed-assets/precompiled-web-worker-inner~f-eebc7dc95bcd3d1c.worker.js:43
[  829883ms] [WARNING] getSerializedKeyForKeypath returned undefined key in InMemoryIndex for table: profiles, with index: email @ https://tflteams.public.onecdn.static.microsoft/teams-modular-packages/hashed-assets/precompiled-web-worker-inner~f-eebc7dc95bcd3d1c.worker.js:43
[  829883ms] [WARNING] getSerializedKeyForKeypath returned undefined key in InMemoryIndex for table: profiles, with index: email @ https://tflteams.public.onecdn.static.microsoft/teams-modular-packages/hashed-assets/precompiled-web-worker-inner~f-eebc7dc95bcd3d1c.worker.js:43
[  829883ms] [WARNING] getSerializedKeyForKeypath returned undefined key in InMemoryIndex for table: profiles, with index: email @ https://tflteams.public.onecdn.static.microsoft/teams-modular-packages/hashed-assets/precompiled-web-worker-inner~f-eebc7dc95bcd3d1c.worker.js:43
[  829883ms] [WARNING] getSerializedKeyForKeypath returned undefined key in InMemoryIndex for table: profiles, with index: email @ https://tflteams.public.onecdn.static.microsoft/teams-modular-packages/hashed-assets/precompiled-web-worker-inner~f-eebc7dc95bcd3d1c.worker.js:43
[  829883ms] [WARNING] getSerializedKeyForKeypath returned undefined key in InMemoryIndex for table: profiles, with index: email @ https://tflteams.public.onecdn.static.microsoft/teams-modular-packages/hashed-assets/precompiled-web-worker-inner~f-eebc7dc95bcd3d1c.worker.js:43
[  829883ms] [WARNING] getSerializedKeyForKeypath returned undefined key in InMemoryIndex for table: profiles, with index: email @ https://tflteams.public.onecdn.static.microsoft/teams-modular-packages/hashed-assets/precompiled-web-worker-inner~f-eebc7dc95bcd3d1c.worker.js:43
[  829883ms] [WARNING] getSerializedKeyForKeypath returned undefined key in InMemoryIndex for table: profiles, with index: email @ https://tflteams.public.onecdn.static.microsoft/teams-modular-packages/hashed-assets/precompiled-web-worker-inner~f-eebc7dc95bcd3d1c.worker.js:43
[  833004ms] [WARNING] The resource https://tflteams.public.onecdn.static.microsoft/teams-modular-packages/hashed-assets/496830-b9bc15da63f131f0.js was preloaded using link preload but not used within a few seconds from the window's load event. Please make sure it has an appropriate `as` value and it is preloaded intentionally. @ https://teams.live.com/v2/:0
[  833005ms] [WARNING] The resource https://tflteams.public.onecdn.static.microsoft/teams-modular-packages/hashed-assets/638055-8639409976087493.js was preloaded using link preload but not used within a few seconds from the window's load event. Please make sure it has an appropriate `as` value and it is preloaded intentionally. @ https://teams.live.com/v2/:0
[  833005ms] [WARNING] The resource https://tflteams.public.onecdn.static.microsoft/teams-modular-packages/hashed-assets/435678-d1bdf03cb0afb625.js was preloaded using link preload but not used within a few seconds from the window's load event. Please make sure it has an appropriate `as` value and it is preloaded intentionally. @ https://teams.live.com/v2/:0
[  833005ms] [WARNING] The resource https://tflteams.public.onecdn.static.microsoft/teams-modular-packages/hashed-assets/234995-0c3f3235fc6b66bd.js was preloaded using link preload but not used within a few seconds from the window's load event. Please make sure it has an appropriate `as` value and it is preloaded intentionally. @ https://teams.live.com/v2/:0
[  833005ms] [WARNING] The resource https://tflteams.public.onecdn.static.microsoft/teams-modular-packages/hashed-assets/341350-43f8cb4c1df179e4.js was preloaded using link preload but not used within a few seconds from the window's load event. Please make sure it has an appropriate `as` value and it is preloaded intentionally. @ https://teams.live.com/v2/:0
[  833005ms] [WARNING] The resource https://tflteams.public.onecdn.static.microsoft/teams-modular-packages/hashed-assets/integrities-ee314ca94868d28c4db2.js was preloaded using link preload but not used within a few seconds from the window's load event. Please make sure it has an appropriate `as` value and it is preloaded intentionally. @ https://teams.live.com/v2/:0
[  833005ms] [WARNING] The resource https://tflteams.public.onecdn.static.microsoft/teams-modular-packages/hashed-assets/griffel-35c4b6c6ca9f299f.css was preloaded using link preload but not used within a few seconds from the window's load event. Please make sure it has an appropriate `as` value and it is preloaded intentionally. @ https://teams.live.com/v2/:0
[  833005ms] [WARNING] The resource https://tflteams.public.onecdn.static.microsoft/teams-modular-packages/hashed-assets/462748-07d8fb6516d15b3a.js was preloaded using link preload but not used within a few seconds from the window's load event. Please make sure it has an appropriate `as` value and it is preloaded intentionally. @ https://teams.live.com/v2/:0
[  833005ms] [WARNING] The resource https://tflteams.public.onecdn.static.microsoft/teams-modular-packages/hashed-assets/54365-bfef35ea66ac127d.js was preloaded using link preload but not used within a few seconds from the window's load event. Please make sure it has an appropriate `as` value and it is preloaded intentionally. @ https://teams.live.com/v2/:0
[  833005ms] [WARNING] The resource https://tflteams.public.onecdn.static.microsoft/teams-modular-packages/hashed-assets/376190-643ba6bb5012b8c2.js was preloaded using link preload but not used within a few seconds from the window's load event. Please make sure it has an appropriate `as` value and it is preloaded intentionally. @ https://teams.live.com/v2/:0
[  833005ms] [WARNING] The resource https://tflteams.public.onecdn.static.microsoft/teams-modular-packages/hashed-assets/249566-274523e882e43004.js was preloaded using link preload but not used within a few seconds from the window's load event. Please make sure it has an appropriate `as` value and it is preloaded intentionally. @ https://teams.live.com/v2/:0
[  833005ms] [WARNING] The resource https://tflteams.public.onecdn.static.microsoft/teams-modular-packages/hashed-assets/main-bf92f430a18ec91b.js was preloaded using link preload but not used within a few seconds from the window's load event. Please make sure it has an appropriate `as` value and it is preloaded intentionally. @ https://teams.live.com/v2/:0
[  833005ms] [WARNING] The resource https://tflteams.public.onecdn.static.microsoft/teams-modular-packages/hashed-assets/runtime-52e013a359f54ff5.js was preloaded using link preload but not used within a few seconds from the window's load event. Please make sure it has an appropriate `as` value and it is preloaded intentionally. @ https://teams.live.com/v2/:0
[  833005ms] [WARNING] The resource https://tflteams.public.onecdn.static.microsoft/teams-modular-packages/hashed-assets/158884-70f571c7e70b86a5.js was preloaded using link preload but not used within a few seconds from the window's load event. Please make sure it has an appropriate `as` value and it is preloaded intentionally. @ https://teams.live.com/v2/:0
[  837940ms] [WARNING] The resource https://tflteams.public.onecdn.static.microsoft/teams-modular-packages/hashed-assets/496830-b9bc15da63f131f0.js was preloaded using link preload but not used within a few seconds from the window's load event. Please make sure it has an appropriate `as` value and it is preloaded intentionally. @ https://teams.live.com/v2/:0
[  837940ms] [WARNING] The resource https://tflteams.public.onecdn.static.microsoft/teams-modular-packages/hashed-assets/638055-8639409976087493.js was preloaded using link preload but not used within a few seconds from the window's load event. Please make sure it has an appropriate `as` value and it is preloaded intentionally. @ https://teams.live.com/v2/:0
[  837940ms] [WARNING] The resource https://tflteams.public.onecdn.static.microsoft/teams-modular-packages/hashed-assets/435678-d1bdf03cb0afb625.js was preloaded using link preload but not used within a few seconds from the window's load event. Please make sure it has an appropriate `as` value and it is preloaded intentionally. @ https://teams.live.com/v2/:0
[  837940ms] [WARNING] The resource https://tflteams.public.onecdn.static.microsoft/teams-modular-packages/hashed-assets/234995-0c3f3235fc6b66bd.js was preloaded using link preload but not used within a few seconds from the window's load event. Please make sure it has an appropriate `as` value and it is preloaded intentionally. @ https://teams.live.com/v2/:0
[  837940ms] [WARNING] The resource https://tflteams.public.onecdn.static.microsoft/teams-modular-packages/hashed-assets/341350-43f8cb4c1df179e4.js was preloaded using link preload but not used within a few seconds from the window's load event. Please make sure it has an appropriate `as` value and it is preloaded intentionally. @ https://teams.live.com/v2/:0
[  837940ms] [WARNING] The resource https://tflteams.public.onecdn.static.microsoft/teams-modular-packages/hashed-assets/integrities-ee314ca94868d28c4db2.js was preloaded using link preload but not used within a few seconds from the window's load event. Please make sure it has an appropriate `as` value and it is preloaded intentionally. @ https://teams.live.com/v2/:0
[  837940ms] [WARNING] The resource https://tflteams.public.onecdn.static.microsoft/teams-modular-packages/hashed-assets/griffel-35c4b6c6ca9f299f.css was preloaded using link preload but not used within a few seconds from the window's load event. Please make sure it has an appropriate `as` value and it is preloaded intentionally. @ https://teams.live.com/v2/:0
[  837940ms] [WARNING] The resource https://tflteams.public.onecdn.static.microsoft/teams-modular-packages/hashed-assets/462748-07d8fb6516d15b3a.js was preloaded using link preload but not used within a few seconds from the window's load event. Please make sure it has an appropriate `as` value and it is preloaded intentionally. @ https://teams.live.com/v2/:0
[  837940ms] [WARNING] The resource https://tflteams.public.onecdn.static.microsoft/teams-modular-packages/hashed-assets/54365-bfef35ea66ac127d.js was preloaded using link preload but not used within a few seconds from the window's load event. Please make sure it has an appropriate `as` value and it is preloaded intentionally. @ https://teams.live.com/v2/:0
[  837940ms] [WARNING] The resource https://tflteams.public.onecdn.static.microsoft/teams-modular-packages/hashed-assets/376190-643ba6bb5012b8c2.js was preloaded using link preload but not used within a few seconds from the window's load event. Please make sure it has an appropriate `as` value and it is preloaded intentionally. @ https://teams.live.com/v2/:0
[  837940ms] [WARNING] The resource https://tflteams.public.onecdn.static.microsoft/teams-modular-packages/hashed-assets/249566-274523e882e43004.js was preloaded using link preload but not used within a few seconds from the window's load event. Please make sure it has an appropriate `as` value and it is preloaded intentionally. @ https://teams.live.com/v2/:0
[  837940ms] [WARNING] The resource https://tflteams.public.onecdn.static.microsoft/teams-modular-packages/hashed-assets/main-bf92f430a18ec91b.js was preloaded using link preload but not used within a few seconds from the window's load event. Please make sure it has an appropriate `as` value and it is preloaded intentionally. @ https://teams.live.com/v2/:0
[  837940ms] [WARNING] The resource https://tflteams.public.onecdn.static.microsoft/teams-modular-packages/hashed-assets/runtime-52e013a359f54ff5.js was preloaded using link preload but not used within a few seconds from the window's load event. Please make sure it has an appropriate `as` value and it is preloaded intentionally. @ https://teams.live.com/v2/:0
[  837940ms] [WARNING] The resource https://tflteams.public.onecdn.static.microsoft/teams-modular-packages/hashed-assets/158884-70f571c7e70b86a5.js was preloaded using link preload but not used within a few seconds from the window's load event. Please make sure it has an appropriate `as` value and it is preloaded intentionally. @ https://teams.live.com/v2/:0
[  840108ms] [WARNING] getSerializedKeyForKeypath returned undefined key in InMemoryIndex for table: profiles, with index: email @ https://tflteams.public.onecdn.static.microsoft/teams-modular-packages/hashed-assets/precompiled-web-worker-inner~f-eebc7dc95bcd3d1c.worker.js:43
[  840109ms] [WARNING] getSerializedKeyForKeypath returned undefined key in InMemoryIndex for table: profiles, with index: email @ https://tflteams.public.onecdn.static.microsoft/teams-modular-packages/hashed-assets/precompiled-web-worker-inner~f-eebc7dc95bcd3d1c.worker.js:43
[  840109ms] [WARNING] getSerializedKeyForKeypath returned undefined key in InMemoryIndex for table: profiles, with index: email @ https://tflteams.public.onecdn.static.microsoft/teams-modular-packages/hashed-assets/precompiled-web-worker-inner~f-eebc7dc95bcd3d1c.worker.js:43
[  840109ms] [WARNING] getSerializedKeyForKeypath returned undefined key in InMemoryIndex for table: profiles, with index: email @ https://tflteams.public.onecdn.static.microsoft/teams-modular-packages/hashed-assets/precompiled-web-worker-inner~f-eebc7dc95bcd3d1c.worker.js:43
[  840109ms] [WARNING] getSerializedKeyForKeypath returned undefined key in InMemoryIndex for table: profiles, with index: email @ https://tflteams.public.onecdn.static.microsoft/teams-modular-packages/hashed-assets/precompiled-web-worker-inner~f-eebc7dc95bcd3d1c.worker.js:43
[  840110ms] [WARNING] getSerializedKeyForKeypath returned undefined key in InMemoryIndex for table: profiles, with index: email @ https://tflteams.public.onecdn.static.microsoft/teams-modular-packages/hashed-assets/precompiled-web-worker-inner~f-eebc7dc95bcd3d1c.worker.js:43
[  840110ms] [WARNING] getSerializedKeyForKeypath returned undefined key in InMemoryIndex for table: profiles, with index: email @ https://tflteams.public.onecdn.static.microsoft/teams-modular-packages/hashed-assets/precompiled-web-worker-inner~f-eebc7dc95bcd3d1c.worker.js:43
[  840110ms] [WARNING] getSerializedKeyForKeypath returned undefined key in InMemoryIndex for table: profiles, with index: email @ https://tflteams.public.onecdn.static.microsoft/teams-modular-packages/hashed-assets/precompiled-web-worker-inner~f-eebc7dc95bcd3d1c.worker.js:43
[  840111ms] [WARNING] getSerializedKeyForKeypath returned undefined key in InMemoryIndex for table: profiles, with index: email @ https://tflteams.public.onecdn.static.microsoft/teams-modular-packages/hashed-assets/precompiled-web-worker-inner~f-eebc7dc95bcd3d1c.worker.js:43
[  840111ms] [WARNING] getSerializedKeyForKeypath returned undefined key in InMemoryIndex for table: profiles, with index: email @ https://tflteams.public.onecdn.static.microsoft/teams-modular-packages/hashed-assets/precompiled-web-worker-inner~f-eebc7dc95bcd3d1c.worker.js:43
[  840111ms] [WARNING] getSerializedKeyForKeypath returned undefined key in InMemoryIndex for table: profiles, with index: email @ https://tflteams.public.onecdn.static.microsoft/teams-modular-packages/hashed-assets/precompiled-web-worker-inner~f-eebc7dc95bcd3d1c.worker.js:43
[  840111ms] [WARNING] getSerializedKeyForKeypath returned undefined key in InMemoryIndex for table: profiles, with index: email @ https://tflteams.public.onecdn.static.microsoft/teams-modular-packages/hashed-assets/precompiled-web-worker-inner~f-eebc7dc95bcd3d1c.worker.js:43
[  840111ms] [WARNING] getSerializedKeyForKeypath returned undefined key in InMemoryIndex for table: profiles, with index: email @ https://tflteams.public.onecdn.static.microsoft/teams-modular-packages/hashed-assets/precompiled-web-worker-inner~f-eebc7dc95bcd3d1c.worker.js:43
[  840112ms] [WARNING] getSerializedKeyForKeypath returned undefined key in InMemoryIndex for table: profiles, with index: email @ https://tflteams.public.onecdn.static.microsoft/teams-modular-packages/hashed-assets/precompiled-web-worker-inner~f-eebc7dc95bcd3d1c.worker.js:43
[  840113ms] [WARNING] getSerializedKeyForKeypath returned undefined key in InMemoryIndex for table: profiles, with index: email @ https://tflteams.public.onecdn.static.microsoft/teams-modular-packages/hashed-assets/precompiled-web-worker-inner~f-eebc7dc95bcd3d1c.worker.js:43
[  840113ms] [WARNING] getSerializedKeyForKeypath returned undefined key in InMemoryIndex for table: profiles, with index: email @ https://tflteams.public.onecdn.static.microsoft/teams-modular-packages/hashed-assets/precompiled-web-worker-inner~f-eebc7dc95bcd3d1c.worker.js:43
[  840113ms] [WARNING] getSerializedKeyForKeypath returned undefined key in InMemoryIndex for table: profiles, with index: email @ https://tflteams.public.onecdn.static.microsoft/teams-modular-packages/hashed-assets/precompiled-web-worker-inner~f-eebc7dc95bcd3d1c.worker.js:43
[  840113ms] [WARNING] getSerializedKeyForKeypath returned undefined key in InMemoryIndex for table: profiles, with index: email @ https://tflteams.public.onecdn.static.microsoft/teams-modular-packages/hashed-assets/precompiled-web-worker-inner~f-eebc7dc95bcd3d1c.worker.js:43
[  840113ms] [WARNING] getSerializedKeyForKeypath returned undefined key in InMemoryIndex for table: profiles, with index: email @ https://tflteams.public.onecdn.static.microsoft/teams-modular-packages/hashed-assets/precompiled-web-worker-inner~f-eebc7dc95bcd3d1c.worker.js:43
[  840113ms] [WARNING] getSerializedKeyForKeypath returned undefined key in InMemoryIndex for table: profiles, with index: email @ https://tflteams.public.onecdn.static.microsoft/teams-modular-packages/hashed-assets/precompiled-web-worker-inner~f-eebc7dc95bcd3d1c.worker.js:43
[  840113ms] [WARNING] getSerializedKeyForKeypath returned undefined key in InMemoryIndex for table: profiles, with index: email @ https://tflteams.public.onecdn.static.microsoft/teams-modular-packages/hashed-assets/precompiled-web-worker-inner~f-eebc7dc95bcd3d1c.worker.js:43
[  840114ms] [WARNING] getSerializedKeyForKeypath returned undefined key in InMemoryIndex for table: profiles, with index: email @ https://tflteams.public.onecdn.static.microsoft/teams-modular-packages/hashed-assets/precompiled-web-worker-inner~f-eebc7dc95bcd3d1c.worker.js:43
[  840114ms] [WARNING] getSerializedKeyForKeypath returned undefined key in InMemoryIndex for table: profiles, with index: email @ https://tflteams.public.onecdn.static.microsoft/teams-modular-packages/hashed-assets/precompiled-web-worker-inner~f-eebc7dc95bcd3d1c.worker.js:43
[  840114ms] [WARNING] getSerializedKeyForKeypath returned undefined key in InMemoryIndex for table: profiles, with index: email @ https://tflteams.public.onecdn.static.microsoft/teams-modular-packages/hashed-assets/precompiled-web-worker-inner~f-eebc7dc95bcd3d1c.worker.js:43
[  840114ms] [WARNING] getSerializedKeyForKeypath returned undefined key in InMemoryIndex for table: profiles, with index: email @ https://tflteams.public.onecdn.static.microsoft/teams-modular-packages/hashed-assets/precompiled-web-worker-inner~f-eebc7dc95bcd3d1c.worker.js:43
[  840115ms] [WARNING] getSerializedKeyForKeypath returned undefined key in InMemoryIndex for table: profiles, with index: email @ https://tflteams.public.onecdn.static.microsoft/teams-modular-packages/hashed-assets/precompiled-web-worker-inner~f-eebc7dc95bcd3d1c.worker.js:43
[  840115ms] [WARNING] getSerializedKeyForKeypath returned undefined key in InMemoryIndex for table: profiles, with index: email @ https://tflteams.public.onecdn.static.microsoft/teams-modular-packages/hashed-assets/precompiled-web-worker-inner~f-eebc7dc95bcd3d1c.worker.js:43
[  840115ms] [WARNING] getSerializedKeyForKeypath returned undefined key in InMemoryIndex for table: profiles, with index: email @ https://tflteams.public.onecdn.static.microsoft/teams-modular-packages/hashed-assets/precompiled-web-worker-inner~f-eebc7dc95bcd3d1c.worker.js:43
[  840117ms] [WARNING] getSerializedKeyForKeypath returned undefined key in InMemoryIndex for table: profiles, with index: email @ https://tflteams.public.onecdn.static.microsoft/teams-modular-packages/hashed-assets/precompiled-web-worker-inner~f-eebc7dc95bcd3d1c.worker.js:43
[  840117ms] [WARNING] getSerializedKeyForKeypath returned undefined key in InMemoryIndex for table: profiles, with index: email @ https://tflteams.public.onecdn.static.microsoft/teams-modular-packages/hashed-assets/precompiled-web-worker-inner~f-eebc7dc95bcd3d1c.worker.js:43
[  840117ms] [WARNING] getSerializedKeyForKeypath returned undefined key in InMemoryIndex for table: profiles, with index: email @ https://tflteams.public.onecdn.static.microsoft/teams-modular-packages/hashed-assets/precompiled-web-worker-inner~f-eebc7dc95bcd3d1c.worker.js:43
[  840119ms] [WARNING] getSerializedKeyForKeypath returned undefined key in InMemoryIndex for table: profiles, with index: email @ https://tflteams.public.onecdn.static.microsoft/teams-modular-packages/hashed-assets/precompiled-web-worker-inner~f-eebc7dc95bcd3d1c.worker.js:43
[  840119ms] [WARNING] getSerializedKeyForKeypath returned undefined key in InMemoryIndex for table: profiles, with index: email @ https://tflteams.public.onecdn.static.microsoft/teams-modular-packages/hashed-assets/precompiled-web-worker-inner~f-eebc7dc95bcd3d1c.worker.js:43
[  840119ms] [WARNING] getSerializedKeyForKeypath returned undefined key in InMemoryIndex for table: profiles, with index: email @ https://tflteams.public.onecdn.static.microsoft/teams-modular-packages/hashed-assets/precompiled-web-worker-inner~f-eebc7dc95bcd3d1c.worker.js:43
[  840119ms] [WARNING] getSerializedKeyForKeypath returned undefined key in InMemoryIndex for table: profiles, with index: email @ https://tflteams.public.onecdn.static.microsoft/teams-modular-packages/hashed-assets/precompiled-web-worker-inner~f-eebc7dc95bcd3d1c.worker.js:43
[  840119ms] [WARNING] getSerializedKeyForKeypath returned undefined key in InMemoryIndex for table: profiles, with index: email @ https://tflteams.public.onecdn.static.microsoft/teams-modular-packages/hashed-assets/precompiled-web-worker-inner~f-eebc7dc95bcd3d1c.worker.js:43
[  840120ms] [WARNING] getSerializedKeyForKeypath returned undefined key in InMemoryIndex for table: profiles, with index: email @ https://tflteams.public.onecdn.static.microsoft/teams-modular-packages/hashed-assets/precompiled-web-worker-inner~f-eebc7dc95bcd3d1c.worker.js:43
[  840120ms] [WARNING] getSerializedKeyForKeypath returned undefined key in InMemoryIndex for table: profiles, with index: email @ https://tflteams.public.onecdn.static.microsoft/teams-modular-packages/hashed-assets/precompiled-web-worker-inner~f-eebc7dc95bcd3d1c.worker.js:43
[  843350ms] [WARNING] The resource https://tflteams.public.onecdn.static.microsoft/teams-modular-packages/hashed-assets/496830-b9bc15da63f131f0.js was preloaded using link preload but not used within a few seconds from the window's load event. Please make sure it has an appropriate `as` value and it is preloaded intentionally. @ https://teams.live.com/v2/:0
[  843350ms] [WARNING] The resource https://tflteams.public.onecdn.static.microsoft/teams-modular-packages/hashed-assets/638055-8639409976087493.js was preloaded using link preload but not used within a few seconds from the window's load event. Please make sure it has an appropriate `as` value and it is preloaded intentionally. @ https://teams.live.com/v2/:0
[  843350ms] [WARNING] The resource https://tflteams.public.onecdn.static.microsoft/teams-modular-packages/hashed-assets/435678-d1bdf03cb0afb625.js was preloaded using link preload but not used within a few seconds from the window's load event. Please make sure it has an appropriate `as` value and it is preloaded intentionally. @ https://teams.live.com/v2/:0
[  843350ms] [WARNING] The resource https://tflteams.public.onecdn.static.microsoft/teams-modular-packages/hashed-assets/234995-0c3f3235fc6b66bd.js was preloaded using link preload but not used within a few seconds from the window's load event. Please make sure it has an appropriate `as` value and it is preloaded intentionally. @ https://teams.live.com/v2/:0
[  843350ms] [WARNING] The resource https://tflteams.public.onecdn.static.microsoft/teams-modular-packages/hashed-assets/341350-43f8cb4c1df179e4.js was preloaded using link preload but not used within a few seconds from the window's load event. Please make sure it has an appropriate `as` value and it is preloaded intentionally. @ https://teams.live.com/v2/:0
[  843350ms] [WARNING] The resource https://tflteams.public.onecdn.static.microsoft/teams-modular-packages/hashed-assets/integrities-ee314ca94868d28c4db2.js was preloaded using link preload but not used within a few seconds from the window's load event. Please make sure it has an appropriate `as` value and it is preloaded intentionally. @ https://teams.live.com/v2/:0
[  843350ms] [WARNING] The resource https://tflteams.public.onecdn.static.microsoft/teams-modular-packages/hashed-assets/griffel-35c4b6c6ca9f299f.css was preloaded using link preload but not used within a few seconds from the window's load event. Please make sure it has an appropriate `as` value and it is preloaded intentionally. @ https://teams.live.com/v2/:0
[  843350ms] [WARNING] The resource https://tflteams.public.onecdn.static.microsoft/teams-modular-packages/hashed-assets/462748-07d8fb6516d15b3a.js was preloaded using link preload but not used within a few seconds from the window's load event. Please make sure it has an appropriate `as` value and it is preloaded intentionally. @ https://teams.live.com/v2/:0
[  843350ms] [WARNING] The resource https://tflteams.public.onecdn.static.microsoft/teams-modular-packages/hashed-assets/54365-bfef35ea66ac127d.js was preloaded using link preload but not used within a few seconds from the window's load event. Please make sure it has an appropriate `as` value and it is preloaded intentionally. @ https://teams.live.com/v2/:0
[  843350ms] [WARNING] The resource https://tflteams.public.onecdn.static.microsoft/teams-modular-packages/hashed-assets/376190-643ba6bb5012b8c2.js was preloaded using link preload but not used within a few seconds from the window's load event. Please make sure it has an appropriate `as` value and it is preloaded intentionally. @ https://teams.live.com/v2/:0
[  843350ms] [WARNING] The resource https://tflteams.public.onecdn.static.microsoft/teams-modular-packages/hashed-assets/249566-274523e882e43004.js was preloaded using link preload but not used within a few seconds from the window's load event. Please make sure it has an appropriate `as` value and it is preloaded intentionally. @ https://teams.live.com/v2/:0
[  843350ms] [WARNING] The resource https://tflteams.public.onecdn.static.microsoft/teams-modular-packages/hashed-assets/main-bf92f430a18ec91b.js was preloaded using link preload but not used within a few seconds from the window's load event. Please make sure it has an appropriate `as` value and it is preloaded intentionally. @ https://teams.live.com/v2/:0
[  843350ms] [WARNING] The resource https://tflteams.public.onecdn.static.microsoft/teams-modular-packages/hashed-assets/runtime-52e013a359f54ff5.js was preloaded using link preload but not used within a few seconds from the window's load event. Please make sure it has an appropriate `as` value and it is preloaded intentionally. @ https://teams.live.com/v2/:0
[  843350ms] [WARNING] The resource https://tflteams.public.onecdn.static.microsoft/teams-modular-packages/hashed-assets/158884-70f571c7e70b86a5.js was preloaded using link preload but not used within a few seconds from the window's load event. Please make sure it has an appropriate `as` value and it is preloaded intentionally. @ https://teams.live.com/v2/:0
[  848305ms] [WARNING] The resource https://tflteams.public.onecdn.static.microsoft/teams-modular-packages/hashed-assets/496830-b9bc15da63f131f0.js was preloaded using link preload but not used within a few seconds from the window's load event. Please make sure it has an appropriate `as` value and it is preloaded intentionally. @ https://teams.live.com/v2/:0
[  848305ms] [WARNING] The resource https://tflteams.public.onecdn.static.microsoft/teams-modular-packages/hashed-assets/638055-8639409976087493.js was preloaded using link preload but not used within a few seconds from the window's load event. Please make sure it has an appropriate `as` value and it is preloaded intentionally. @ https://teams.live.com/v2/:0
[  848305ms] [WARNING] The resource https://tflteams.public.onecdn.static.microsoft/teams-modular-packages/hashed-assets/435678-d1bdf03cb0afb625.js was preloaded using link preload but not used within a few seconds from the window's load event. Please make sure it has an appropriate `as` value and it is preloaded intentionally. @ https://teams.live.com/v2/:0
[  848305ms] [WARNING] The resource https://tflteams.public.onecdn.static.microsoft/teams-modular-packages/hashed-assets/234995-0c3f3235fc6b66bd.js was preloaded using link preload but not used within a few seconds from the window's load event. Please make sure it has an appropriate `as` value and it is preloaded intentionally. @ https://teams.live.com/v2/:0
[  848305ms] [WARNING] The resource https://tflteams.public.onecdn.static.microsoft/teams-modular-packages/hashed-assets/341350-43f8cb4c1df179e4.js was preloaded using link preload but not used within a few seconds from the window's load event. Please make sure it has an appropriate `as` value and it is preloaded intentionally. @ https://teams.live.com/v2/:0
[  848305ms] [WARNING] The resource https://tflteams.public.onecdn.static.microsoft/teams-modular-packages/hashed-assets/integrities-ee314ca94868d28c4db2.js was preloaded using link preload but not used within a few seconds from the window's load event. Please make sure it has an appropriate `as` value and it is preloaded intentionally. @ https://teams.live.com/v2/:0
[  848305ms] [WARNING] The resource https://tflteams.public.onecdn.static.microsoft/teams-modular-packages/hashed-assets/griffel-35c4b6c6ca9f299f.css was preloaded using link preload but not used within a few seconds from the window's load event. Please make sure it has an appropriate `as` value and it is preloaded intentionally. @ https://teams.live.com/v2/:0
[  848305ms] [WARNING] The resource https://tflteams.public.onecdn.static.microsoft/teams-modular-packages/hashed-assets/462748-07d8fb6516d15b3a.js was preloaded using link preload but not used within a few seconds from the window's load event. Please make sure it has an appropriate `as` value and it is preloaded intentionally. @ https://teams.live.com/v2/:0
[  848305ms] [WARNING] The resource https://tflteams.public.onecdn.static.microsoft/teams-modular-packages/hashed-assets/54365-bfef35ea66ac127d.js was preloaded using link preload but not used within a few seconds from the window's load event. Please make sure it has an appropriate `as` value and it is preloaded intentionally. @ https://teams.live.com/v2/:0
[  848305ms] [WARNING] The resource https://tflteams.public.onecdn.static.microsoft/teams-modular-packages/hashed-assets/376190-643ba6bb5012b8c2.js was preloaded using link preload but not used within a few seconds from the window's load event. Please make sure it has an appropriate `as` value and it is preloaded intentionally. @ https://teams.live.com/v2/:0
[  848305ms] [WARNING] The resource https://tflteams.public.onecdn.static.microsoft/teams-modular-packages/hashed-assets/249566-274523e882e43004.js was preloaded using link preload but not used within a few seconds from the window's load event. Please make sure it has an appropriate `as` value and it is preloaded intentionally. @ https://teams.live.com/v2/:0
[  848306ms] [WARNING] The resource https://tflteams.public.onecdn.static.microsoft/teams-modular-packages/hashed-assets/main-bf92f430a18ec91b.js was preloaded using link preload but not used within a few seconds from the window's load event. Please make sure it has an appropriate `as` value and it is preloaded intentionally. @ https://teams.live.com/v2/:0
[  848306ms] [WARNING] The resource https://tflteams.public.onecdn.static.microsoft/teams-modular-packages/hashed-assets/runtime-52e013a359f54ff5.js was preloaded using link preload but not used within a few seconds from the window's load event. Please make sure it has an appropriate `as` value and it is preloaded intentionally. @ https://teams.live.com/v2/:0
[  848306ms] [WARNING] The resource https://tflteams.public.onecdn.static.microsoft/teams-modular-packages/hashed-assets/158884-70f571c7e70b86a5.js was preloaded using link preload but not used within a few seconds from the window's load event. Please make sure it has an appropriate `as` value and it is preloaded intentionally. @ https://teams.live.com/v2/:0
[  880718ms] [WARNING] getSerializedKeyForKeypath returned undefined key in InMemoryIndex for table: profiles, with index: email @ https://tflteams.public.onecdn.static.microsoft/teams-modular-packages/hashed-assets/precompiled-web-worker-inner~f-eebc7dc95bcd3d1c.worker.js:43
[  880718ms] [WARNING] getSerializedKeyForKeypath returned undefined key in InMemoryIndex for table: profiles, with index: email @ https://tflteams.public.onecdn.static.microsoft/teams-modular-packages/hashed-assets/precompiled-web-worker-inner~f-eebc7dc95bcd3d1c.worker.js:43
[  880718ms] [WARNING] getSerializedKeyForKeypath returned undefined key in InMemoryIndex for table: profiles, with index: email @ https://tflteams.public.onecdn.static.microsoft/teams-modular-packages/hashed-assets/precompiled-web-worker-inner~f-eebc7dc95bcd3d1c.worker.js:43
[  880718ms] [WARNING] getSerializedKeyForKeypath returned undefined key in InMemoryIndex for table: profiles, with index: email @ https://tflteams.public.onecdn.static.microsoft/teams-modular-packages/hashed-assets/precompiled-web-worker-inner~f-eebc7dc95bcd3d1c.worker.js:43
[  880718ms] [WARNING] getSerializedKeyForKeypath returned undefined key in InMemoryIndex for table: profiles, with index: email @ https://tflteams.public.onecdn.static.microsoft/teams-modular-packages/hashed-assets/precompiled-web-worker-inner~f-eebc7dc95bcd3d1c.worker.js:43
[  880718ms] [WARNING] getSerializedKeyForKeypath returned undefined key in InMemoryIndex for table: profiles, with index: email @ https://tflteams.public.onecdn.static.microsoft/teams-modular-packages/hashed-assets/precompiled-web-worker-inner~f-eebc7dc95bcd3d1c.worker.js:43
[  880718ms] [WARNING] getSerializedKeyForKeypath returned undefined key in InMemoryIndex for table: profiles, with index: email @ https://tflteams.public.onecdn.static.microsoft/teams-modular-packages/hashed-assets/precompiled-web-worker-inner~f-eebc7dc95bcd3d1c.worker.js:43
[  880718ms] [WARNING] getSerializedKeyForKeypath returned undefined key in InMemoryIndex for table: profiles, with index: email @ https://tflteams.public.onecdn.static.microsoft/teams-modular-packages/hashed-assets/precompiled-web-worker-inner~f-eebc7dc95bcd3d1c.worker.js:43
[  880719ms] [WARNING] getSerializedKeyForKeypath returned undefined key in InMemoryIndex for table: profiles, with index: email @ https://tflteams.public.onecdn.static.microsoft/teams-modular-packages/hashed-assets/precompiled-web-worker-inner~f-eebc7dc95bcd3d1c.worker.js:43
[  880719ms] [WARNING] getSerializedKeyForKeypath returned undefined key in InMemoryIndex for table: profiles, with index: email @ https://tflteams.public.onecdn.static.microsoft/teams-modular-packages/hashed-assets/precompiled-web-worker-inner~f-eebc7dc95bcd3d1c.worker.js:43
[  880719ms] [WARNING] getSerializedKeyForKeypath returned undefined key in InMemoryIndex for table: profiles, with index: email @ https://tflteams.public.onecdn.static.microsoft/teams-modular-packages/hashed-assets/precompiled-web-worker-inner~f-eebc7dc95bcd3d1c.worker.js:43
[  880719ms] [WARNING] getSerializedKeyForKeypath returned undefined key in InMemoryIndex for table: profiles, with index: email @ https://tflteams.public.onecdn.static.microsoft/teams-modular-packages/hashed-assets/precompiled-web-worker-inner~f-eebc7dc95bcd3d1c.worker.js:43
[  880719ms] [WARNING] getSerializedKeyForKeypath returned undefined key in InMemoryIndex for table: profiles, with index: email @ https://tflteams.public.onecdn.static.microsoft/teams-modular-packages/hashed-assets/precompiled-web-worker-inner~f-eebc7dc95bcd3d1c.worker.js:43
[  880719ms] [WARNING] getSerializedKeyForKeypath returned undefined key in InMemoryIndex for table: profiles, with index: email @ https://tflteams.public.onecdn.static.microsoft/teams-modular-packages/hashed-assets/precompiled-web-worker-inner~f-eebc7dc95bcd3d1c.worker.js:43
[  880719ms] [WARNING] getSerializedKeyForKeypath returned undefined key in InMemoryIndex for table: profiles, with index: email @ https://tflteams.public.onecdn.static.microsoft/teams-modular-packages/hashed-assets/precompiled-web-worker-inner~f-eebc7dc95bcd3d1c.worker.js:43
[  880719ms] [WARNING] getSerializedKeyForKeypath returned undefined key in InMemoryIndex for table: profiles, with index: email @ https://tflteams.public.onecdn.static.microsoft/teams-modular-packages/hashed-assets/precompiled-web-worker-inner~f-eebc7dc95bcd3d1c.worker.js:43
[  880719ms] [WARNING] getSerializedKeyForKeypath returned undefined key in InMemoryIndex for table: profiles, with index: email @ https://tflteams.public.onecdn.static.microsoft/teams-modular-packages/hashed-assets/precompiled-web-worker-inner~f-eebc7dc95bcd3d1c.worker.js:43
[  880719ms] [WARNING] getSerializedKeyForKeypath returned undefined key in InMemoryIndex for table: profiles, with index: email @ https://tflteams.public.onecdn.static.microsoft/teams-modular-packages/hashed-assets/precompiled-web-worker-inner~f-eebc7dc95bcd3d1c.worker.js:43
[  880719ms] [WARNING] getSerializedKeyForKeypath returned undefined key in InMemoryIndex for table: profiles, with index: email @ https://tflteams.public.onecdn.static.microsoft/teams-modular-packages/hashed-assets/precompiled-web-worker-inner~f-eebc7dc95bcd3d1c.worker.js:43
[  880719ms] [WARNING] getSerializedKeyForKeypath returned undefined key in InMemoryIndex for table: profiles, with index: email @ https://tflteams.public.onecdn.static.microsoft/teams-modular-packages/hashed-assets/precompiled-web-worker-inner~f-eebc7dc95bcd3d1c.worker.js:43
[  880719ms] [WARNING] getSerializedKeyForKeypath returned undefined key in InMemoryIndex for table: profiles, with index: email @ https://tflteams.public.onecdn.static.microsoft/teams-modular-packages/hashed-assets/precompiled-web-worker-inner~f-eebc7dc95bcd3d1c.worker.js:43
[  880719ms] [WARNING] getSerializedKeyForKeypath returned undefined key in InMemoryIndex for table: profiles, with index: email @ https://tflteams.public.onecdn.static.microsoft/teams-modular-packages/hashed-assets/precompiled-web-worker-inner~f-eebc7dc95bcd3d1c.worker.js:43
[  880719ms] [WARNING] getSerializedKeyForKeypath returned undefined key in InMemoryIndex for table: profiles, with index: email @ https://tflteams.public.onecdn.static.microsoft/teams-modular-packages/hashed-assets/precompiled-web-worker-inner~f-eebc7dc95bcd3d1c.worker.js:43
[  880719ms] [WARNING] getSerializedKeyForKeypath returned undefined key in InMemoryIndex for table: profiles, with index: email @ https://tflteams.public.onecdn.static.microsoft/teams-modular-packages/hashed-assets/precompiled-web-worker-inner~f-eebc7dc95bcd3d1c.worker.js:43
[  880719ms] [WARNING] getSerializedKeyForKeypath returned undefined key in InMemoryIndex for table: profiles, with index: email @ https://tflteams.public.onecdn.static.microsoft/teams-modular-packages/hashed-assets/precompiled-web-worker-inner~f-eebc7dc95bcd3d1c.worker.js:43
[  880720ms] [WARNING] getSerializedKeyForKeypath returned undefined key in InMemoryIndex for table: profiles, with index: email @ https://tflteams.public.onecdn.static.microsoft/teams-modular-packages/hashed-assets/precompiled-web-worker-inner~f-eebc7dc95bcd3d1c.worker.js:43
[  880720ms] [WARNING] getSerializedKeyForKeypath returned undefined key in InMemoryIndex for table: profiles, with index: email @ https://tflteams.public.onecdn.static.microsoft/teams-modular-packages/hashed-assets/precompiled-web-worker-inner~f-eebc7dc95bcd3d1c.worker.js:43
[  880720ms] [WARNING] getSerializedKeyForKeypath returned undefined key in InMemoryIndex for table: profiles, with index: email @ https://tflteams.public.onecdn.static.microsoft/teams-modular-packages/hashed-assets/precompiled-web-worker-inner~f-eebc7dc95bcd3d1c.worker.js:43
[  880720ms] [WARNING] getSerializedKeyForKeypath returned undefined key in InMemoryIndex for table: profiles, with index: email @ https://tflteams.public.onecdn.static.microsoft/teams-modular-packages/hashed-assets/precompiled-web-worker-inner~f-eebc7dc95bcd3d1c.worker.js:43
[  880720ms] [WARNING] getSerializedKeyForKeypath returned undefined key in InMemoryIndex for table: profiles, with index: email @ https://tflteams.public.onecdn.static.microsoft/teams-modular-packages/hashed-assets/precompiled-web-worker-inner~f-eebc7dc95bcd3d1c.worker.js:43
[  880720ms] [WARNING] getSerializedKeyForKeypath returned undefined key in InMemoryIndex for table: profiles, with index: email @ https://tflteams.public.onecdn.static.microsoft/teams-modular-packages/hashed-assets/precompiled-web-worker-inner~f-eebc7dc95bcd3d1c.worker.js:43
[  880720ms] [WARNING] getSerializedKeyForKeypath returned undefined key in InMemoryIndex for table: profiles, with index: email @ https://tflteams.public.onecdn.static.microsoft/teams-modular-packages/hashed-assets/precompiled-web-worker-inner~f-eebc7dc95bcd3d1c.worker.js:43
[  880720ms] [WARNING] getSerializedKeyForKeypath returned undefined key in InMemoryIndex for table: profiles, with index: email @ https://tflteams.public.onecdn.static.microsoft/teams-modular-packages/hashed-assets/precompiled-web-worker-inner~f-eebc7dc95bcd3d1c.worker.js:43
[  880720ms] [WARNING] getSerializedKeyForKeypath returned undefined key in InMemoryIndex for table: profiles, with index: email @ https://tflteams.public.onecdn.static.microsoft/teams-modular-packages/hashed-assets/precompiled-web-worker-inner~f-eebc7dc95bcd3d1c.worker.js:43
[  880720ms] [WARNING] getSerializedKeyForKeypath returned undefined key in InMemoryIndex for table: profiles, with index: email @ https://tflteams.public.onecdn.static.microsoft/teams-modular-packages/hashed-assets/precompiled-web-worker-inner~f-eebc7dc95bcd3d1c.worker.js:43
[  880720ms] [WARNING] getSerializedKeyForKeypath returned undefined key in InMemoryIndex for table: profiles, with index: email @ https://tflteams.public.onecdn.static.microsoft/teams-modular-packages/hashed-assets/precompiled-web-worker-inner~f-eebc7dc95bcd3d1c.worker.js:43
[  880720ms] [WARNING] getSerializedKeyForKeypath returned undefined key in InMemoryIndex for table: profiles, with index: email @ https://tflteams.public.onecdn.static.microsoft/teams-modular-packages/hashed-assets/precompiled-web-worker-inner~f-eebc7dc95bcd3d1c.worker.js:43
[  880720ms] [WARNING] getSerializedKeyForKeypath returned undefined key in InMemoryIndex for table: profiles, with index: email @ https://tflteams.public.onecdn.static.microsoft/teams-modular-packages/hashed-assets/precompiled-web-worker-inner~f-eebc7dc95bcd3d1c.worker.js:43
[  883946ms] [WARNING] The resource https://tflteams.public.onecdn.static.microsoft/teams-modular-packages/hashed-assets/496830-b9bc15da63f131f0.js was preloaded using link preload but not used within a few seconds from the window's load event. Please make sure it has an appropriate `as` value and it is preloaded intentionally. @ https://teams.live.com/v2/:0
[  883946ms] [WARNING] The resource https://tflteams.public.onecdn.static.microsoft/teams-modular-packages/hashed-assets/638055-8639409976087493.js was preloaded using link preload but not used within a few seconds from the window's load event. Please make sure it has an appropriate `as` value and it is preloaded intentionally. @ https://teams.live.com/v2/:0
[  883946ms] [WARNING] The resource https://tflteams.public.onecdn.static.microsoft/teams-modular-packages/hashed-assets/435678-d1bdf03cb0afb625.js was preloaded using link preload but not used within a few seconds from the window's load event. Please make sure it has an appropriate `as` value and it is preloaded intentionally. @ https://teams.live.com/v2/:0
[  883946ms] [WARNING] The resource https://tflteams.public.onecdn.static.microsoft/teams-modular-packages/hashed-assets/234995-0c3f3235fc6b66bd.js was preloaded using link preload but not used within a few seconds from the window's load event. Please make sure it has an appropriate `as` value and it is preloaded intentionally. @ https://teams.live.com/v2/:0
[  883946ms] [WARNING] The resource https://tflteams.public.onecdn.static.microsoft/teams-modular-packages/hashed-assets/341350-43f8cb4c1df179e4.js was preloaded using link preload but not used within a few seconds from the window's load event. Please make sure it has an appropriate `as` value and it is preloaded intentionally. @ https://teams.live.com/v2/:0
[  883946ms] [WARNING] The resource https://tflteams.public.onecdn.static.microsoft/teams-modular-packages/hashed-assets/integrities-ee314ca94868d28c4db2.js was preloaded using link preload but not used within a few seconds from the window's load event. Please make sure it has an appropriate `as` value and it is preloaded intentionally. @ https://teams.live.com/v2/:0
[  883946ms] [WARNING] The resource https://tflteams.public.onecdn.static.microsoft/teams-modular-packages/hashed-assets/griffel-35c4b6c6ca9f299f.css was preloaded using link preload but not used within a few seconds from the window's load event. Please make sure it has an appropriate `as` value and it is preloaded intentionally. @ https://teams.live.com/v2/:0
[  883946ms] [WARNING] The resource https://tflteams.public.onecdn.static.microsoft/teams-modular-packages/hashed-assets/462748-07d8fb6516d15b3a.js was preloaded using link preload but not used within a few seconds from the window's load event. Please make sure it has an appropriate `as` value and it is preloaded intentionally. @ https://teams.live.com/v2/:0
[  883946ms] [WARNING] The resource https://tflteams.public.onecdn.static.microsoft/teams-modular-packages/hashed-assets/54365-bfef35ea66ac127d.js was preloaded using link preload but not used within a few seconds from the window's load event. Please make sure it has an appropriate `as` value and it is preloaded intentionally. @ https://teams.live.com/v2/:0
[  883946ms] [WARNING] The resource https://tflteams.public.onecdn.static.microsoft/teams-modular-packages/hashed-assets/376190-643ba6bb5012b8c2.js was preloaded using link preload but not used within a few seconds from the window's load event. Please make sure it has an appropriate `as` value and it is preloaded intentionally. @ https://teams.live.com/v2/:0
[  883946ms] [WARNING] The resource https://tflteams.public.onecdn.static.microsoft/teams-modular-packages/hashed-assets/249566-274523e882e43004.js was preloaded using link preload but not used within a few seconds from the window's load event. Please make sure it has an appropriate `as` value and it is preloaded intentionally. @ https://teams.live.com/v2/:0
[  883946ms] [WARNING] The resource https://tflteams.public.onecdn.static.microsoft/teams-modular-packages/hashed-assets/main-bf92f430a18ec91b.js was preloaded using link preload but not used within a few seconds from the window's load event. Please make sure it has an appropriate `as` value and it is preloaded intentionally. @ https://teams.live.com/v2/:0
[  883946ms] [WARNING] The resource https://tflteams.public.onecdn.static.microsoft/teams-modular-packages/hashed-assets/runtime-52e013a359f54ff5.js was preloaded using link preload but not used within a few seconds from the window's load event. Please make sure it has an appropriate `as` value and it is preloaded intentionally. @ https://teams.live.com/v2/:0
[  883946ms] [WARNING] The resource https://tflteams.public.onecdn.static.microsoft/teams-modular-packages/hashed-assets/158884-70f571c7e70b86a5.js was preloaded using link preload but not used within a few seconds from the window's load event. Please make sure it has an appropriate `as` value and it is preloaded intentionally. @ https://teams.live.com/v2/:0
[  888815ms] [WARNING] The resource https://tflteams.public.onecdn.static.microsoft/teams-modular-packages/hashed-assets/496830-b9bc15da63f131f0.js was preloaded using link preload but not used within a few seconds from the window's load event. Please make sure it has an appropriate `as` value and it is preloaded intentionally. @ https://teams.live.com/v2/:0
[  888815ms] [WARNING] The resource https://tflteams.public.onecdn.static.microsoft/teams-modular-packages/hashed-assets/638055-8639409976087493.js was preloaded using link preload but not used within a few seconds from the window's load event. Please make sure it has an appropriate `as` value and it is preloaded intentionally. @ https://teams.live.com/v2/:0
[  888815ms] [WARNING] The resource https://tflteams.public.onecdn.static.microsoft/teams-modular-packages/hashed-assets/435678-d1bdf03cb0afb625.js was preloaded using link preload but not used within a few seconds from the window's load event. Please make sure it has an appropriate `as` value and it is preloaded intentionally. @ https://teams.live.com/v2/:0
[  888815ms] [WARNING] The resource https://tflteams.public.onecdn.static.microsoft/teams-modular-packages/hashed-assets/234995-0c3f3235fc6b66bd.js was preloaded using link preload but not used within a few seconds from the window's load event. Please make sure it has an appropriate `as` value and it is preloaded intentionally. @ https://teams.live.com/v2/:0
[  888815ms] [WARNING] The resource https://tflteams.public.onecdn.static.microsoft/teams-modular-packages/hashed-assets/341350-43f8cb4c1df179e4.js was preloaded using link preload but not used within a few seconds from the window's load event. Please make sure it has an appropriate `as` value and it is preloaded intentionally. @ https://teams.live.com/v2/:0
[  888815ms] [WARNING] The resource https://tflteams.public.onecdn.static.microsoft/teams-modular-packages/hashed-assets/integrities-ee314ca94868d28c4db2.js was preloaded using link preload but not used within a few seconds from the window's load event. Please make sure it has an appropriate `as` value and it is preloaded intentionally. @ https://teams.live.com/v2/:0
[  888815ms] [WARNING] The resource https://tflteams.public.onecdn.static.microsoft/teams-modular-packages/hashed-assets/griffel-35c4b6c6ca9f299f.css was preloaded using link preload but not used within a few seconds from the window's load event. Please make sure it has an appropriate `as` value and it is preloaded intentionally. @ https://teams.live.com/v2/:0
[  888815ms] [WARNING] The resource https://tflteams.public.onecdn.static.microsoft/teams-modular-packages/hashed-assets/462748-07d8fb6516d15b3a.js was preloaded using link preload but not used within a few seconds from the window's load event. Please make sure it has an appropriate `as` value and it is preloaded intentionally. @ https://teams.live.com/v2/:0
[  888815ms] [WARNING] The resource https://tflteams.public.onecdn.static.microsoft/teams-modular-packages/hashed-assets/54365-bfef35ea66ac127d.js was preloaded using link preload but not used within a few seconds from the window's load event. Please make sure it has an appropriate `as` value and it is preloaded intentionally. @ https://teams.live.com/v2/:0
[  888815ms] [WARNING] The resource https://tflteams.public.onecdn.static.microsoft/teams-modular-packages/hashed-assets/376190-643ba6bb5012b8c2.js was preloaded using link preload but not used within a few seconds from the window's load event. Please make sure it has an appropriate `as` value and it is preloaded intentionally. @ https://teams.live.com/v2/:0
[  888815ms] [WARNING] The resource https://tflteams.public.onecdn.static.microsoft/teams-modular-packages/hashed-assets/249566-274523e882e43004.js was preloaded using link preload but not used within a few seconds from the window's load event. Please make sure it has an appropriate `as` value and it is preloaded intentionally. @ https://teams.live.com/v2/:0
[  888815ms] [WARNING] The resource https://tflteams.public.onecdn.static.microsoft/teams-modular-packages/hashed-assets/main-bf92f430a18ec91b.js was preloaded using link preload but not used within a few seconds from the window's load event. Please make sure it has an appropriate `as` value and it is preloaded intentionally. @ https://teams.live.com/v2/:0
[  888815ms] [WARNING] The resource https://tflteams.public.onecdn.static.microsoft/teams-modular-packages/hashed-assets/runtime-52e013a359f54ff5.js was preloaded using link preload but not used within a few seconds from the window's load event. Please make sure it has an appropriate `as` value and it is preloaded intentionally. @ https://teams.live.com/v2/:0
[  888815ms] [WARNING] The resource https://tflteams.public.onecdn.static.microsoft/teams-modular-packages/hashed-assets/158884-70f571c7e70b86a5.js was preloaded using link preload but not used within a few seconds from the window's load event. Please make sure it has an appropriate `as` value and it is preloaded intentionally. @ https://teams.live.com/v2/:0
[  902595ms] [WARNING] getSerializedKeyForKeypath returned undefined key in InMemoryIndex for table: profiles, with index: email @ https://tflteams.public.onecdn.static.microsoft/teams-modular-packages/hashed-assets/precompiled-web-worker-inner~f-eebc7dc95bcd3d1c.worker.js:43
[  902595ms] [WARNING] getSerializedKeyForKeypath returned undefined key in InMemoryIndex for table: profiles, with index: email @ https://tflteams.public.onecdn.static.microsoft/teams-modular-packages/hashed-assets/precompiled-web-worker-inner~f-eebc7dc95bcd3d1c.worker.js:43
[  902595ms] [WARNING] getSerializedKeyForKeypath returned undefined key in InMemoryIndex for table: profiles, with index: email @ https://tflteams.public.onecdn.static.microsoft/teams-modular-packages/hashed-assets/precompiled-web-worker-inner~f-eebc7dc95bcd3d1c.worker.js:43
[  902595ms] [WARNING] getSerializedKeyForKeypath returned undefined key in InMemoryIndex for table: profiles, with index: email @ https://tflteams.public.onecdn.static.microsoft/teams-modular-packages/hashed-assets/precompiled-web-worker-inner~f-eebc7dc95bcd3d1c.worker.js:43
[  902595ms] [WARNING] getSerializedKeyForKeypath returned undefined key in InMemoryIndex for table: profiles, with index: email @ https://tflteams.public.onecdn.static.microsoft/teams-modular-packages/hashed-assets/precompiled-web-worker-inner~f-eebc7dc95bcd3d1c.worker.js:43
[  902595ms] [WARNING] getSerializedKeyForKeypath returned undefined key in InMemoryIndex for table: profiles, with index: email @ https://tflteams.public.onecdn.static.microsoft/teams-modular-packages/hashed-assets/precompiled-web-worker-inner~f-eebc7dc95bcd3d1c.worker.js:43
[  902595ms] [WARNING] getSerializedKeyForKeypath returned undefined key in InMemoryIndex for table: profiles, with index: email @ https://tflteams.public.onecdn.static.microsoft/teams-modular-packages/hashed-assets/precompiled-web-worker-inner~f-eebc7dc95bcd3d1c.worker.js:43
[  902595ms] [WARNING] getSerializedKeyForKeypath returned undefined key in InMemoryIndex for table: profiles, with index: email @ https://tflteams.public.onecdn.static.microsoft/teams-modular-packages/hashed-assets/precompiled-web-worker-inner~f-eebc7dc95bcd3d1c.worker.js:43
[  902596ms] [WARNING] getSerializedKeyForKeypath returned undefined key in InMemoryIndex for table: profiles, with index: email @ https://tflteams.public.onecdn.static.microsoft/teams-modular-packages/hashed-assets/precompiled-web-worker-inner~f-eebc7dc95bcd3d1c.worker.js:43
[  902596ms] [WARNING] getSerializedKeyForKeypath returned undefined key in InMemoryIndex for table: profiles, with index: email @ https://tflteams.public.onecdn.static.microsoft/teams-modular-packages/hashed-assets/precompiled-web-worker-inner~f-eebc7dc95bcd3d1c.worker.js:43
[  902596ms] [WARNING] getSerializedKeyForKeypath returned undefined key in InMemoryIndex for table: profiles, with index: email @ https://tflteams.public.onecdn.static.microsoft/teams-modular-packages/hashed-assets/precompiled-web-worker-inner~f-eebc7dc95bcd3d1c.worker.js:43
[  902596ms] [WARNING] getSerializedKeyForKeypath returned undefined key in InMemoryIndex for table: profiles, with index: email @ https://tflteams.public.onecdn.static.microsoft/teams-modular-packages/hashed-assets/precompiled-web-worker-inner~f-eebc7dc95bcd3d1c.worker.js:43
[  902596ms] [WARNING] getSerializedKeyForKeypath returned undefined key in InMemoryIndex for table: profiles, with index: email @ https://tflteams.public.onecdn.static.microsoft/teams-modular-packages/hashed-assets/precompiled-web-worker-inner~f-eebc7dc95bcd3d1c.worker.js:43
[  902596ms] [WARNING] getSerializedKeyForKeypath returned undefined key in InMemoryIndex for table: profiles, with index: email @ https://tflteams.public.onecdn.static.microsoft/teams-modular-packages/hashed-assets/precompiled-web-worker-inner~f-eebc7dc95bcd3d1c.worker.js:43
[  902596ms] [WARNING] getSerializedKeyForKeypath returned undefined key in InMemoryIndex for table: profiles, with index: email @ https://tflteams.public.onecdn.static.microsoft/teams-modular-packages/hashed-assets/precompiled-web-worker-inner~f-eebc7dc95bcd3d1c.worker.js:43
[  902596ms] [WARNING] getSerializedKeyForKeypath returned undefined key in InMemoryIndex for table: profiles, with index: email @ https://tflteams.public.onecdn.static.microsoft/teams-modular-packages/hashed-assets/precompiled-web-worker-inner~f-eebc7dc95bcd3d1c.worker.js:43
[  902596ms] [WARNING] getSerializedKeyForKeypath returned undefined key in InMemoryIndex for table: profiles, with index: email @ https://tflteams.public.onecdn.static.microsoft/teams-modular-packages/hashed-assets/precompiled-web-worker-inner~f-eebc7dc95bcd3d1c.worker.js:43
[  902596ms] [WARNING] getSerializedKeyForKeypath returned undefined key in InMemoryIndex for table: profiles, with index: email @ https://tflteams.public.onecdn.static.microsoft/teams-modular-packages/hashed-assets/precompiled-web-worker-inner~f-eebc7dc95bcd3d1c.worker.js:43
[  902596ms] [WARNING] getSerializedKeyForKeypath returned undefined key in InMemoryIndex for table: profiles, with index: email @ https://tflteams.public.onecdn.static.microsoft/teams-modular-packages/hashed-assets/precompiled-web-worker-inner~f-eebc7dc95bcd3d1c.worker.js:43
[  902596ms] [WARNING] getSerializedKeyForKeypath returned undefined key in InMemoryIndex for table: profiles, with index: email @ https://tflteams.public.onecdn.static.microsoft/teams-modular-packages/hashed-assets/precompiled-web-worker-inner~f-eebc7dc95bcd3d1c.worker.js:43
[  902597ms] [WARNING] getSerializedKeyForKeypath returned undefined key in InMemoryIndex for table: profiles, with index: email @ https://tflteams.public.onecdn.static.microsoft/teams-modular-packages/hashed-assets/precompiled-web-worker-inner~f-eebc7dc95bcd3d1c.worker.js:43
[  902597ms] [WARNING] getSerializedKeyForKeypath returned undefined key in InMemoryIndex for table: profiles, with index: email @ https://tflteams.public.onecdn.static.microsoft/teams-modular-packages/hashed-assets/precompiled-web-worker-inner~f-eebc7dc95bcd3d1c.worker.js:43
[  902597ms] [WARNING] getSerializedKeyForKeypath returned undefined key in InMemoryIndex for table: profiles, with index: email @ https://tflteams.public.onecdn.static.microsoft/teams-modular-packages/hashed-assets/precompiled-web-worker-inner~f-eebc7dc95bcd3d1c.worker.js:43
[  902597ms] [WARNING] getSerializedKeyForKeypath returned undefined key in InMemoryIndex for table: profiles, with index: email @ https://tflteams.public.onecdn.static.microsoft/teams-modular-packages/hashed-assets/precompiled-web-worker-inner~f-eebc7dc95bcd3d1c.worker.js:43
[  902597ms] [WARNING] getSerializedKeyForKeypath returned undefined key in InMemoryIndex for table: profiles, with index: email @ https://tflteams.public.onecdn.static.microsoft/teams-modular-packages/hashed-assets/precompiled-web-worker-inner~f-eebc7dc95bcd3d1c.worker.js:43
[  902597ms] [WARNING] getSerializedKeyForKeypath returned undefined key in InMemoryIndex for table: profiles, with index: email @ https://tflteams.public.onecdn.static.microsoft/teams-modular-packages/hashed-assets/precompiled-web-worker-inner~f-eebc7dc95bcd3d1c.worker.js:43
[  902597ms] [WARNING] getSerializedKeyForKeypath returned undefined key in InMemoryIndex for table: profiles, with index: email @ https://tflteams.public.onecdn.static.microsoft/teams-modular-packages/hashed-assets/precompiled-web-worker-inner~f-eebc7dc95bcd3d1c.worker.js:43
[  902597ms] [WARNING] getSerializedKeyForKeypath returned undefined key in InMemoryIndex for table: profiles, with index: email @ https://tflteams.public.onecdn.static.microsoft/teams-modular-packages/hashed-assets/precompiled-web-worker-inner~f-eebc7dc95bcd3d1c.worker.js:43
[  902597ms] [WARNING] getSerializedKeyForKeypath returned undefined key in InMemoryIndex for table: profiles, with index: email @ https://tflteams.public.onecdn.static.microsoft/teams-modular-packages/hashed-assets/precompiled-web-worker-inner~f-eebc7dc95bcd3d1c.worker.js:43
[  902597ms] [WARNING] getSerializedKeyForKeypath returned undefined key in InMemoryIndex for table: profiles, with index: email @ https://tflteams.public.onecdn.static.microsoft/teams-modular-packages/hashed-assets/precompiled-web-worker-inner~f-eebc7dc95bcd3d1c.worker.js:43
[  902597ms] [WARNING] getSerializedKeyForKeypath returned undefined key in InMemoryIndex for table: profiles, with index: email @ https://tflteams.public.onecdn.static.microsoft/teams-modular-packages/hashed-assets/precompiled-web-worker-inner~f-eebc7dc95bcd3d1c.worker.js:43
[  902597ms] [WARNING] getSerializedKeyForKeypath returned undefined key in InMemoryIndex for table: profiles, with index: email @ https://tflteams.public.onecdn.static.microsoft/teams-modular-packages/hashed-assets/precompiled-web-worker-inner~f-eebc7dc95bcd3d1c.worker.js:43
[  902597ms] [WARNING] getSerializedKeyForKeypath returned undefined key in InMemoryIndex for table: profiles, with index: email @ https://tflteams.public.onecdn.static.microsoft/teams-modular-packages/hashed-assets/precompiled-web-worker-inner~f-eebc7dc95bcd3d1c.worker.js:43
[  902598ms] [WARNING] getSerializedKeyForKeypath returned undefined key in InMemoryIndex for table: profiles, with index: email @ https://tflteams.public.onecdn.static.microsoft/teams-modular-packages/hashed-assets/precompiled-web-worker-inner~f-eebc7dc95bcd3d1c.worker.js:43
[  902598ms] [WARNING] getSerializedKeyForKeypath returned undefined key in InMemoryIndex for table: profiles, with index: email @ https://tflteams.public.onecdn.static.microsoft/teams-modular-packages/hashed-assets/precompiled-web-worker-inner~f-eebc7dc95bcd3d1c.worker.js:43
[  902598ms] [WARNING] getSerializedKeyForKeypath returned undefined key in InMemoryIndex for table: profiles, with index: email @ https://tflteams.public.onecdn.static.microsoft/teams-modular-packages/hashed-assets/precompiled-web-worker-inner~f-eebc7dc95bcd3d1c.worker.js:43
[  902598ms] [WARNING] getSerializedKeyForKeypath returned undefined key in InMemoryIndex for table: profiles, with index: email @ https://tflteams.public.onecdn.static.microsoft/teams-modular-packages/hashed-assets/precompiled-web-worker-inner~f-eebc7dc95bcd3d1c.worker.js:43
[  902598ms] [WARNING] getSerializedKeyForKeypath returned undefined key in InMemoryIndex for table: profiles, with index: email @ https://tflteams.public.onecdn.static.microsoft/teams-modular-packages/hashed-assets/precompiled-web-worker-inner~f-eebc7dc95bcd3d1c.worker.js:43
[  905732ms] [WARNING] The resource https://tflteams.public.onecdn.static.microsoft/teams-modular-packages/hashed-assets/496830-b9bc15da63f131f0.js was preloaded using link preload but not used within a few seconds from the window's load event. Please make sure it has an appropriate `as` value and it is preloaded intentionally. @ https://teams.live.com/v2/:0
[  905732ms] [WARNING] The resource https://tflteams.public.onecdn.static.microsoft/teams-modular-packages/hashed-assets/638055-8639409976087493.js was preloaded using link preload but not used within a few seconds from the window's load event. Please make sure it has an appropriate `as` value and it is preloaded intentionally. @ https://teams.live.com/v2/:0
[  905732ms] [WARNING] The resource https://tflteams.public.onecdn.static.microsoft/teams-modular-packages/hashed-assets/435678-d1bdf03cb0afb625.js was preloaded using link preload but not used within a few seconds from the window's load event. Please make sure it has an appropriate `as` value and it is preloaded intentionally. @ https://teams.live.com/v2/:0
[  905732ms] [WARNING] The resource https://tflteams.public.onecdn.static.microsoft/teams-modular-packages/hashed-assets/234995-0c3f3235fc6b66bd.js was preloaded using link preload but not used within a few seconds from the window's load event. Please make sure it has an appropriate `as` value and it is preloaded intentionally. @ https://teams.live.com/v2/:0
[  905732ms] [WARNING] The resource https://tflteams.public.onecdn.static.microsoft/teams-modular-packages/hashed-assets/341350-43f8cb4c1df179e4.js was preloaded using link preload but not used within a few seconds from the window's load event. Please make sure it has an appropriate `as` value and it is preloaded intentionally. @ https://teams.live.com/v2/:0
[  905732ms] [WARNING] The resource https://tflteams.public.onecdn.static.microsoft/teams-modular-packages/hashed-assets/integrities-ee314ca94868d28c4db2.js was preloaded using link preload but not used within a few seconds from the window's load event. Please make sure it has an appropriate `as` value and it is preloaded intentionally. @ https://teams.live.com/v2/:0
[  905732ms] [WARNING] The resource https://tflteams.public.onecdn.static.microsoft/teams-modular-packages/hashed-assets/griffel-35c4b6c6ca9f299f.css was preloaded using link preload but not used within a few seconds from the window's load event. Please make sure it has an appropriate `as` value and it is preloaded intentionally. @ https://teams.live.com/v2/:0
[  905732ms] [WARNING] The resource https://tflteams.public.onecdn.static.microsoft/teams-modular-packages/hashed-assets/462748-07d8fb6516d15b3a.js was preloaded using link preload but not used within a few seconds from the window's load event. Please make sure it has an appropriate `as` value and it is preloaded intentionally. @ https://teams.live.com/v2/:0
[  905732ms] [WARNING] The resource https://tflteams.public.onecdn.static.microsoft/teams-modular-packages/hashed-assets/54365-bfef35ea66ac127d.js was preloaded using link preload but not used within a few seconds from the window's load event. Please make sure it has an appropriate `as` value and it is preloaded intentionally. @ https://teams.live.com/v2/:0
[  905732ms] [WARNING] The resource https://tflteams.public.onecdn.static.microsoft/teams-modular-packages/hashed-assets/376190-643ba6bb5012b8c2.js was preloaded using link preload but not used within a few seconds from the window's load event. Please make sure it has an appropriate `as` value and it is preloaded intentionally. @ https://teams.live.com/v2/:0
[  905732ms] [WARNING] The resource https://tflteams.public.onecdn.static.microsoft/teams-modular-packages/hashed-assets/249566-274523e882e43004.js was preloaded using link preload but not used within a few seconds from the window's load event. Please make sure it has an appropriate `as` value and it is preloaded intentionally. @ https://teams.live.com/v2/:0
[  905732ms] [WARNING] The resource https://tflteams.public.onecdn.static.microsoft/teams-modular-packages/hashed-assets/main-bf92f430a18ec91b.js was preloaded using link preload but not used within a few seconds from the window's load event. Please make sure it has an appropriate `as` value and it is preloaded intentionally. @ https://teams.live.com/v2/:0
[  905732ms] [WARNING] The resource https://tflteams.public.onecdn.static.microsoft/teams-modular-packages/hashed-assets/runtime-52e013a359f54ff5.js was preloaded using link preload but not used within a few seconds from the window's load event. Please make sure it has an appropriate `as` value and it is preloaded intentionally. @ https://teams.live.com/v2/:0
[  905732ms] [WARNING] The resource https://tflteams.public.onecdn.static.microsoft/teams-modular-packages/hashed-assets/158884-70f571c7e70b86a5.js was preloaded using link preload but not used within a few seconds from the window's load event. Please make sure it has an appropriate `as` value and it is preloaded intentionally. @ https://teams.live.com/v2/:0
[  911242ms] [WARNING] The resource https://tflteams.public.onecdn.static.microsoft/teams-modular-packages/hashed-assets/496830-b9bc15da63f131f0.js was preloaded using link preload but not used within a few seconds from the window's load event. Please make sure it has an appropriate `as` value and it is preloaded intentionally. @ https://teams.live.com/v2/:0
[  911242ms] [WARNING] The resource https://tflteams.public.onecdn.static.microsoft/teams-modular-packages/hashed-assets/638055-8639409976087493.js was preloaded using link preload but not used within a few seconds from the window's load event. Please make sure it has an appropriate `as` value and it is preloaded intentionally. @ https://teams.live.com/v2/:0
[  911242ms] [WARNING] The resource https://tflteams.public.onecdn.static.microsoft/teams-modular-packages/hashed-assets/435678-d1bdf03cb0afb625.js was preloaded using link preload but not used within a few seconds from the window's load event. Please make sure it has an appropriate `as` value and it is preloaded intentionally. @ https://teams.live.com/v2/:0
[  911242ms] [WARNING] The resource https://tflteams.public.onecdn.static.microsoft/teams-modular-packages/hashed-assets/234995-0c3f3235fc6b66bd.js was preloaded using link preload but not used within a few seconds from the window's load event. Please make sure it has an appropriate `as` value and it is preloaded intentionally. @ https://teams.live.com/v2/:0
[  911242ms] [WARNING] The resource https://tflteams.public.onecdn.static.microsoft/teams-modular-packages/hashed-assets/341350-43f8cb4c1df179e4.js was preloaded using link preload but not used within a few seconds from the window's load event. Please make sure it has an appropriate `as` value and it is preloaded intentionally. @ https://teams.live.com/v2/:0
[  911242ms] [WARNING] The resource https://tflteams.public.onecdn.static.microsoft/teams-modular-packages/hashed-assets/integrities-ee314ca94868d28c4db2.js was preloaded using link preload but not used within a few seconds from the window's load event. Please make sure it has an appropriate `as` value and it is preloaded intentionally. @ https://teams.live.com/v2/:0
[  911242ms] [WARNING] The resource https://tflteams.public.onecdn.static.microsoft/teams-modular-packages/hashed-assets/griffel-35c4b6c6ca9f299f.css was preloaded using link preload but not used within a few seconds from the window's load event. Please make sure it has an appropriate `as` value and it is preloaded intentionally. @ https://teams.live.com/v2/:0
[  911242ms] [WARNING] The resource https://tflteams.public.onecdn.static.microsoft/teams-modular-packages/hashed-assets/462748-07d8fb6516d15b3a.js was preloaded using link preload but not used within a few seconds from the window's load event. Please make sure it has an appropriate `as` value and it is preloaded intentionally. @ https://teams.live.com/v2/:0
[  911242ms] [WARNING] The resource https://tflteams.public.onecdn.static.microsoft/teams-modular-packages/hashed-assets/54365-bfef35ea66ac127d.js was preloaded using link preload but not used within a few seconds from the window's load event. Please make sure it has an appropriate `as` value and it is preloaded intentionally. @ https://teams.live.com/v2/:0
[  911242ms] [WARNING] The resource https://tflteams.public.onecdn.static.microsoft/teams-modular-packages/hashed-assets/376190-643ba6bb5012b8c2.js was preloaded using link preload but not used within a few seconds from the window's load event. Please make sure it has an appropriate `as` value and it is preloaded intentionally. @ https://teams.live.com/v2/:0
[  911242ms] [WARNING] The resource https://tflteams.public.onecdn.static.microsoft/teams-modular-packages/hashed-assets/249566-274523e882e43004.js was preloaded using link preload but not used within a few seconds from the window's load event. Please make sure it has an appropriate `as` value and it is preloaded intentionally. @ https://teams.live.com/v2/:0
[  911242ms] [WARNING] The resource https://tflteams.public.onecdn.static.microsoft/teams-modular-packages/hashed-assets/main-bf92f430a18ec91b.js was preloaded using link preload but not used within a few seconds from the window's load event. Please make sure it has an appropriate `as` value and it is preloaded intentionally. @ https://teams.live.com/v2/:0
[  911242ms] [WARNING] The resource https://tflteams.public.onecdn.static.microsoft/teams-modular-packages/hashed-assets/runtime-52e013a359f54ff5.js was preloaded using link preload but not used within a few seconds from the window's load event. Please make sure it has an appropriate `as` value and it is preloaded intentionally. @ https://teams.live.com/v2/:0
[  911242ms] [WARNING] The resource https://tflteams.public.onecdn.static.microsoft/teams-modular-packages/hashed-assets/158884-70f571c7e70b86a5.js was preloaded using link preload but not used within a few seconds from the window's load event. Please make sure it has an appropriate `as` value and it is preloaded intentionally. @ https://teams.live.com/v2/:0
[ 1664364ms] [LOG] [ExpLoader] Getting things ready... @ https://teams.live.com/v2/:54
[ 1664368ms] [WARNING] [ExpLoader] ExperienceLoader: OCDI redirect: Not redirecting - not enabled @ https://teams.live.com/v2/:54
[ 1664385ms] [WARNING] A preload for 'https://tflteams.public.onecdn.static.microsoft/teams-modular-packages/hashed-assets/462748-07d8fb6516d15b3a.js' is found, but is not used because it is a cross-world service worker resource mismatch. @ https://teams.live.com/v2/:54
[ 1664385ms] [WARNING] A preload for 'https://tflteams.public.onecdn.static.microsoft/teams-modular-packages/hashed-assets/249566-274523e882e43004.js' is found, but is not used because it is a cross-world service worker resource mismatch. @ https://teams.live.com/v2/:54
[ 1664385ms] [WARNING] A preload for 'https://tflteams.public.onecdn.static.microsoft/teams-modular-packages/hashed-assets/525240-21b1eabb905beb7d.js' is found, but is not used because it is a cross-world service worker resource mismatch. @ https://teams.live.com/v2/:54
[ 1664386ms] [WARNING] A preload for 'https://tflteams.public.onecdn.static.microsoft/teams-modular-packages/hashed-assets/54365-bfef35ea66ac127d.js' is found, but is not used because it is a cross-world service worker resource mismatch. @ https://teams.live.com/v2/:54
[ 1664386ms] [WARNING] A preload for 'https://tflteams.public.onecdn.static.microsoft/teams-modular-packages/hashed-assets/638055-b6de710a9541770e.js' is found, but is not used because it is a cross-world service worker resource mismatch. @ https://teams.live.com/v2/:54
[ 1664387ms] [WARNING] A preload for 'https://tflteams.public.onecdn.static.microsoft/teams-modular-packages/hashed-assets/158884-70f571c7e70b86a5.js' is found, but is not used because it is a cross-world service worker resource mismatch. @ https://teams.live.com/v2/:54
[ 1664388ms] [WARNING] A preload for 'https://tflteams.public.onecdn.static.microsoft/teams-modular-packages/hashed-assets/496830-b9bc15da63f131f0.js' is found, but is not used because it is a cross-world service worker resource mismatch. @ https://teams.live.com/v2/:54
[ 1664388ms] [WARNING] A preload for 'https://tflteams.public.onecdn.static.microsoft/teams-modular-packages/hashed-assets/341350-d9e8c91d801247f1.js' is found, but is not used because it is a cross-world service worker resource mismatch. @ https://teams.live.com/v2/:54
[ 1664519ms] [WARNING] A preload for 'https://tflteams.public.onecdn.static.microsoft/teams-modular-packages/hashed-assets/integrities-13e930e6a8f14a4c9cae.js' is found, but is not used because it is a cross-world service worker resource mismatch. @ https://teams.live.com/v2/:54
[ 1664519ms] [WARNING] A preload for 'https://tflteams.public.onecdn.static.microsoft/teams-modular-packages/hashed-assets/runtime-ed6975aa83be09eb.js' is found, but is not used because it is a cross-world service worker resource mismatch. @ https://teams.live.com/v2/:54
[ 1664520ms] [WARNING] A preload for 'https://tflteams.public.onecdn.static.microsoft/teams-modular-packages/hashed-assets/main-a8133ca1291681a9.js' is found, but is not used because it is a cross-world service worker resource mismatch. @ https://teams.live.com/v2/:54
[ 1664935ms] [WARNING] Manifest: property 'id' ignored, should be same origin as document. @ https://teams.live.com/v2/manifest.json:0
[ 1664935ms] [WARNING] Manifest: property 'url' ignored, should be within scope of the manifest. @ https://teams.live.com/v2/manifest.json:0
[ 1664935ms] [WARNING] Manifest: protocol_handlers entry ignored, required property 'url' is invalid. @ https://teams.live.com/v2/manifest.json:0
[ 1665028ms] [INFO] Banner not shown: beforeinstallpromptevent.preventDefault() called. The page must call beforeinstallpromptevent.prompt() to show the banner. @ https://teams.live.com/v2/:0
[ 1665169ms] [LOG] [Auth]: auth_cache initialized @ https://teams.live.com/v2/:54
[ 1665169ms] [LOG] [Auth]: authTelemetryProvider initialized @ https://teams.live.com/v2/:54
[ 1665171ms] [LOG] [Auth]: [Telemetry][78e4579a-d76c-46cd-96fa-2a77c186386b][auth_web_initialization] [start] - telemetry provider created for createAuthenticationServiceInstance, source: core-auth-tasks::init with shouldCreateScenario: [true] @ https://teams.live.com/v2/:54
[ 1666575ms] [LOG] [Auth]: authTelemetryProvider initialized @ https://tflteams.public.onecdn.static.microsoft/teams-modular-packages/hashed-assets/precompiled-web-worker-inner~services_i-50d07ff0c4d9b47f.worker.js:333
[ 1666946ms] [WARNING] getSerializedKeyForKeypath returned undefined key in InMemoryIndex for table: replychains, with index: undefined @ https://tflteams.public.onecdn.static.microsoft/teams-modular-packages/hashed-assets/precompiled-web-worker-inner~f-dbb3521f87730bb6.worker.js:43
[ 1666946ms] [WARNING] getSerializedKeyForKeypath returned undefined key in InMemoryIndex for table: replychains, with index: latestDeliveryTimeByConversationId @ https://tflteams.public.onecdn.static.microsoft/teams-modular-packages/hashed-assets/precompiled-web-worker-inner~f-dbb3521f87730bb6.worker.js:43
[ 1666946ms] [WARNING] getSerializedKeyForKeypath returned undefined key in InMemoryIndex for table: replychains, with index: latestDeliveryTimeByConversationId @ https://tflteams.public.onecdn.static.microsoft/teams-modular-packages/hashed-assets/precompiled-web-worker-inner~f-dbb3521f87730bb6.worker.js:43
[ 1666946ms] [WARNING] getSerializedKeyForKeypath returned undefined key in InMemoryIndex for table: replychains, with index: undefined @ https://tflteams.public.onecdn.static.microsoft/teams-modular-packages/hashed-assets/precompiled-web-worker-inner~f-dbb3521f87730bb6.worker.js:43
[ 1666947ms] [WARNING] getSerializedKeyForKeypath returned undefined key in InMemoryIndex for table: replychains, with index: latestDeliveryTimeByConversationId @ https://tflteams.public.onecdn.static.microsoft/teams-modular-packages/hashed-assets/precompiled-web-worker-inner~f-dbb3521f87730bb6.worker.js:43
[ 1666947ms] [WARNING] getSerializedKeyForKeypath returned undefined key in InMemoryIndex for table: replychains, with index: latestDeliveryTimeByConversationId @ https://tflteams.public.onecdn.static.microsoft/teams-modular-packages/hashed-assets/precompiled-web-worker-inner~f-dbb3521f87730bb6.worker.js:43
[ 1666947ms] [WARNING] getSerializedKeyForKeypath returned undefined key in InMemoryIndex for table: replychains, with index: undefined @ https://tflteams.public.onecdn.static.microsoft/teams-modular-packages/hashed-assets/precompiled-web-worker-inner~f-dbb3521f87730bb6.worker.js:43
[ 1666947ms] [WARNING] getSerializedKeyForKeypath returned undefined key in InMemoryIndex for table: replychains, with index: latestDeliveryTimeByConversationId @ https://tflteams.public.onecdn.static.microsoft/teams-modular-packages/hashed-assets/precompiled-web-worker-inner~f-dbb3521f87730bb6.worker.js:43
[ 1666947ms] [WARNING] getSerializedKeyForKeypath returned undefined key in InMemoryIndex for table: replychains, with index: latestDeliveryTimeByConversationId @ https://tflteams.public.onecdn.static.microsoft/teams-modular-packages/hashed-assets/precompiled-web-worker-inner~f-dbb3521f87730bb6.worker.js:43
[ 1666947ms] [WARNING] getSerializedKeyForKeypath returned undefined key in InMemoryIndex for table: replychains, with index: undefined @ https://tflteams.public.onecdn.static.microsoft/teams-modular-packages/hashed-assets/precompiled-web-worker-inner~f-dbb3521f87730bb6.worker.js:43
[ 1666947ms] [WARNING] getSerializedKeyForKeypath returned undefined key in InMemoryIndex for table: replychains, with index: latestDeliveryTimeByConversationId @ https://tflteams.public.onecdn.static.microsoft/teams-modular-packages/hashed-assets/precompiled-web-worker-inner~f-dbb3521f87730bb6.worker.js:43
[ 1666947ms] [WARNING] getSerializedKeyForKeypath returned undefined key in InMemoryIndex for table: replychains, with index: latestDeliveryTimeByConversationId @ https://tflteams.public.onecdn.static.microsoft/teams-modular-packages/hashed-assets/precompiled-web-worker-inner~f-dbb3521f87730bb6.worker.js:43
[ 1666948ms] [WARNING] getSerializedKeyForKeypath returned undefined key in InMemoryIndex for table: replychains, with index: undefined @ https://tflteams.public.onecdn.static.microsoft/teams-modular-packages/hashed-assets/precompiled-web-worker-inner~f-dbb3521f87730bb6.worker.js:43
[ 1666948ms] [WARNING] getSerializedKeyForKeypath returned undefined key in InMemoryIndex for table: replychains, with index: latestDeliveryTimeByConversationId @ https://tflteams.public.onecdn.static.microsoft/teams-modular-packages/hashed-assets/precompiled-web-worker-inner~f-dbb3521f87730bb6.worker.js:43
[ 1666948ms] [WARNING] getSerializedKeyForKeypath returned undefined key in InMemoryIndex for table: replychains, with index: latestDeliveryTimeByConversationId @ https://tflteams.public.onecdn.static.microsoft/teams-modular-packages/hashed-assets/precompiled-web-worker-inner~f-dbb3521f87730bb6.worker.js:43
[ 1666948ms] [WARNING] getSerializedKeyForKeypath returned undefined key in InMemoryIndex for table: replychains, with index: undefined @ https://tflteams.public.onecdn.static.microsoft/teams-modular-packages/hashed-assets/precompiled-web-worker-inner~f-dbb3521f87730bb6.worker.js:43
[ 1666948ms] [WARNING] getSerializedKeyForKeypath returned undefined key in InMemoryIndex for table: replychains, with index: latestDeliveryTimeByConversationId @ https://tflteams.public.onecdn.static.microsoft/teams-modular-packages/hashed-assets/precompiled-web-worker-inner~f-dbb3521f87730bb6.worker.js:43
[ 1666948ms] [WARNING] getSerializedKeyForKeypath returned undefined key in InMemoryIndex for table: replychains, with index: latestDeliveryTimeByConversationId @ https://tflteams.public.onecdn.static.microsoft/teams-modular-packages/hashed-assets/precompiled-web-worker-inner~f-dbb3521f87730bb6.worker.js:43
[ 1666948ms] [WARNING] getSerializedKeyForKeypath returned undefined key in InMemoryIndex for table: replychains, with index: undefined @ https://tflteams.public.onecdn.static.microsoft/teams-modular-packages/hashed-assets/precompiled-web-worker-inner~f-dbb3521f87730bb6.worker.js:43
[ 1666948ms] [WARNING] getSerializedKeyForKeypath returned undefined key in InMemoryIndex for table: replychains, with index: latestDeliveryTimeByConversationId @ https://tflteams.public.onecdn.static.microsoft/teams-modular-packages/hashed-assets/precompiled-web-worker-inner~f-dbb3521f87730bb6.worker.js:43
[ 1666948ms] [WARNING] getSerializedKeyForKeypath returned undefined key in InMemoryIndex for table: replychains, with index: latestDeliveryTimeByConversationId @ https://tflteams.public.onecdn.static.microsoft/teams-modular-packages/hashed-assets/precompiled-web-worker-inner~f-dbb3521f87730bb6.worker.js:43
[ 1666948ms] [WARNING] getSerializedKeyForKeypath returned undefined key in InMemoryIndex for table: replychains, with index: undefined @ https://tflteams.public.onecdn.static.microsoft/teams-modular-packages/hashed-assets/precompiled-web-worker-inner~f-dbb3521f87730bb6.worker.js:43
[ 1666949ms] [WARNING] getSerializedKeyForKeypath returned undefined key in InMemoryIndex for table: replychains, with index: latestDeliveryTimeByConversationId @ https://tflteams.public.onecdn.static.microsoft/teams-modular-packages/hashed-assets/precompiled-web-worker-inner~f-dbb3521f87730bb6.worker.js:43
[ 1666949ms] [WARNING] getSerializedKeyForKeypath returned undefined key in InMemoryIndex for table: replychains, with index: latestDeliveryTimeByConversationId @ https://tflteams.public.onecdn.static.microsoft/teams-modular-packages/hashed-assets/precompiled-web-worker-inner~f-dbb3521f87730bb6.worker.js:43
[ 1666949ms] [WARNING] getSerializedKeyForKeypath returned undefined key in InMemoryIndex for table: replychains, with index: undefined @ https://tflteams.public.onecdn.static.microsoft/teams-modular-packages/hashed-assets/precompiled-web-worker-inner~f-dbb3521f87730bb6.worker.js:43
[ 1666949ms] [WARNING] getSerializedKeyForKeypath returned undefined key in InMemoryIndex for table: replychains, with index: latestDeliveryTimeByConversationId @ https://tflteams.public.onecdn.static.microsoft/teams-modular-packages/hashed-assets/precompiled-web-worker-inner~f-dbb3521f87730bb6.worker.js:43
[ 1666949ms] [WARNING] getSerializedKeyForKeypath returned undefined key in InMemoryIndex for table: replychains, with index: latestDeliveryTimeByConversationId @ https://tflteams.public.onecdn.static.microsoft/teams-modular-packages/hashed-assets/precompiled-web-worker-inner~f-dbb3521f87730bb6.worker.js:43
[ 1666949ms] [WARNING] getSerializedKeyForKeypath returned undefined key in InMemoryIndex for table: replychains, with index: undefined @ https://tflteams.public.onecdn.static.microsoft/teams-modular-packages/hashed-assets/precompiled-web-worker-inner~f-dbb3521f87730bb6.worker.js:43
[ 1666949ms] [WARNING] getSerializedKeyForKeypath returned undefined key in InMemoryIndex for table: replychains, with index: latestDeliveryTimeByConversationId @ https://tflteams.public.onecdn.static.microsoft/teams-modular-packages/hashed-assets/precompiled-web-worker-inner~f-dbb3521f87730bb6.worker.js:43
[ 1666949ms] [WARNING] getSerializedKeyForKeypath returned undefined key in InMemoryIndex for table: replychains, with index: latestDeliveryTimeByConversationId @ https://tflteams.public.onecdn.static.microsoft/teams-modular-packages/hashed-assets/precompiled-web-worker-inner~f-dbb3521f87730bb6.worker.js:43
[ 1666949ms] [WARNING] getSerializedKeyForKeypath returned undefined key in InMemoryIndex for table: replychains, with index: undefined @ https://tflteams.public.onecdn.static.microsoft/teams-modular-packages/hashed-assets/precompiled-web-worker-inner~f-dbb3521f87730bb6.worker.js:43
[ 1666949ms] [WARNING] getSerializedKeyForKeypath returned undefined key in InMemoryIndex for table: replychains, with index: latestDeliveryTimeByConversationId @ https://tflteams.public.onecdn.static.microsoft/teams-modular-packages/hashed-assets/precompiled-web-worker-inner~f-dbb3521f87730bb6.worker.js:43
[ 1666949ms] [WARNING] getSerializedKeyForKeypath returned undefined key in InMemoryIndex for table: replychains, with index: latestDeliveryTimeByConversationId @ https://tflteams.public.onecdn.static.microsoft/teams-modular-packages/hashed-assets/precompiled-web-worker-inner~f-dbb3521f87730bb6.worker.js:43
[ 1666950ms] [WARNING] getSerializedKeyForKeypath returned undefined key in InMemoryIndex for table: replychains, with index: undefined @ https://tflteams.public.onecdn.static.microsoft/teams-modular-packages/hashed-assets/precompiled-web-worker-inner~f-dbb3521f87730bb6.worker.js:43
[ 1666950ms] [WARNING] getSerializedKeyForKeypath returned undefined key in InMemoryIndex for table: replychains, with index: latestDeliveryTimeByConversationId @ https://tflteams.public.onecdn.static.microsoft/teams-modular-packages/hashed-assets/precompiled-web-worker-inner~f-dbb3521f87730bb6.worker.js:43
[ 1666950ms] [WARNING] getSerializedKeyForKeypath returned undefined key in InMemoryIndex for table: replychains, with index: latestDeliveryTimeByConversationId @ https://tflteams.public.onecdn.static.microsoft/teams-modular-packages/hashed-assets/precompiled-web-worker-inner~f-dbb3521f87730bb6.worker.js:43
[ 1666950ms] [WARNING] getSerializedKeyForKeypath returned undefined key in InMemoryIndex for table: replychains, with index: undefined @ https://tflteams.public.onecdn.static.microsoft/teams-modular-packages/hashed-assets/precompiled-web-worker-inner~f-dbb3521f87730bb6.worker.js:43
[ 1666950ms] [WARNING] getSerializedKeyForKeypath returned undefined key in InMemoryIndex for table: replychains, with index: latestDeliveryTimeByConversationId @ https://tflteams.public.onecdn.static.microsoft/teams-modular-packages/hashed-assets/precompiled-web-worker-inner~f-dbb3521f87730bb6.worker.js:43
[ 1666950ms] [WARNING] getSerializedKeyForKeypath returned undefined key in InMemoryIndex for table: replychains, with index: latestDeliveryTimeByConversationId @ https://tflteams.public.onecdn.static.microsoft/teams-modular-packages/hashed-assets/precompiled-web-worker-inner~f-dbb3521f87730bb6.worker.js:43
[ 1666950ms] [WARNING] getSerializedKeyForKeypath returned undefined key in InMemoryIndex for table: replychains, with index: undefined @ https://tflteams.public.onecdn.static.microsoft/teams-modular-packages/hashed-assets/precompiled-web-worker-inner~f-dbb3521f87730bb6.worker.js:43
[ 1666950ms] [WARNING] getSerializedKeyForKeypath returned undefined key in InMemoryIndex for table: replychains, with index: latestDeliveryTimeByConversationId @ https://tflteams.public.onecdn.static.microsoft/teams-modular-packages/hashed-assets/precompiled-web-worker-inner~f-dbb3521f87730bb6.worker.js:43
[ 1666950ms] [WARNING] getSerializedKeyForKeypath returned undefined key in InMemoryIndex for table: replychains, with index: latestDeliveryTimeByConversationId @ https://tflteams.public.onecdn.static.microsoft/teams-modular-packages/hashed-assets/precompiled-web-worker-inner~f-dbb3521f87730bb6.worker.js:43
[ 1666950ms] [WARNING] getSerializedKeyForKeypath returned undefined key in InMemoryIndex for table: replychains, with index: undefined @ https://tflteams.public.onecdn.static.microsoft/teams-modular-packages/hashed-assets/precompiled-web-worker-inner~f-dbb3521f87730bb6.worker.js:43
[ 1666950ms] [WARNING] getSerializedKeyForKeypath returned undefined key in InMemoryIndex for table: replychains, with index: latestDeliveryTimeByConversationId @ https://tflteams.public.onecdn.static.microsoft/teams-modular-packages/hashed-assets/precompiled-web-worker-inner~f-dbb3521f87730bb6.worker.js:43
[ 1666950ms] [WARNING] getSerializedKeyForKeypath returned undefined key in InMemoryIndex for table: replychains, with index: latestDeliveryTimeByConversationId @ https://tflteams.public.onecdn.static.microsoft/teams-modular-packages/hashed-assets/precompiled-web-worker-inner~f-dbb3521f87730bb6.worker.js:43
[ 1666950ms] [WARNING] getSerializedKeyForKeypath returned undefined key in InMemoryIndex for table: replychains, with index: undefined @ https://tflteams.public.onecdn.static.microsoft/teams-modular-packages/hashed-assets/precompiled-web-worker-inner~f-dbb3521f87730bb6.worker.js:43
[ 1666951ms] [WARNING] getSerializedKeyForKeypath returned undefined key in InMemoryIndex for table: replychains, with index: latestDeliveryTimeByConversationId @ https://tflteams.public.onecdn.static.microsoft/teams-modular-packages/hashed-assets/precompiled-web-worker-inner~f-dbb3521f87730bb6.worker.js:43
[ 1666951ms] [WARNING] getSerializedKeyForKeypath returned undefined key in InMemoryIndex for table: replychains, with index: latestDeliveryTimeByConversationId @ https://tflteams.public.onecdn.static.microsoft/teams-modular-packages/hashed-assets/precompiled-web-worker-inner~f-dbb3521f87730bb6.worker.js:43
[ 1666951ms] [WARNING] getSerializedKeyForKeypath returned undefined key in InMemoryIndex for table: replychains, with index: undefined @ https://tflteams.public.onecdn.static.microsoft/teams-modular-packages/hashed-assets/precompiled-web-worker-inner~f-dbb3521f87730bb6.worker.js:43
[ 1666951ms] [WARNING] getSerializedKeyForKeypath returned undefined key in InMemoryIndex for table: replychains, with index: latestDeliveryTimeByConversationId @ https://tflteams.public.onecdn.static.microsoft/teams-modular-packages/hashed-assets/precompiled-web-worker-inner~f-dbb3521f87730bb6.worker.js:43
[ 1666951ms] [WARNING] getSerializedKeyForKeypath returned undefined key in InMemoryIndex for table: replychains, with index: latestDeliveryTimeByConversationId @ https://tflteams.public.onecdn.static.microsoft/teams-modular-packages/hashed-assets/precompiled-web-worker-inner~f-dbb3521f87730bb6.worker.js:43
[ 1666951ms] [WARNING] getSerializedKeyForKeypath returned undefined key in InMemoryIndex for table: replychains, with index: undefined @ https://tflteams.public.onecdn.static.microsoft/teams-modular-packages/hashed-assets/precompiled-web-worker-inner~f-dbb3521f87730bb6.worker.js:43
[ 1666951ms] [WARNING] getSerializedKeyForKeypath returned undefined key in InMemoryIndex for table: replychains, with index: latestDeliveryTimeByConversationId @ https://tflteams.public.onecdn.static.microsoft/teams-modular-packages/hashed-assets/precompiled-web-worker-inner~f-dbb3521f87730bb6.worker.js:43
[ 1666951ms] [WARNING] getSerializedKeyForKeypath returned undefined key in InMemoryIndex for table: replychains, with index: latestDeliveryTimeByConversationId @ https://tflteams.public.onecdn.static.microsoft/teams-modular-packages/hashed-assets/precompiled-web-worker-inner~f-dbb3521f87730bb6.worker.js:43
[ 1666951ms] [WARNING] getSerializedKeyForKeypath returned undefined key in InMemoryIndex for table: replychains, with index: undefined @ https://tflteams.public.onecdn.static.microsoft/teams-modular-packages/hashed-assets/precompiled-web-worker-inner~f-dbb3521f87730bb6.worker.js:43
[ 1666951ms] [WARNING] getSerializedKeyForKeypath returned undefined key in InMemoryIndex for table: replychains, with index: latestDeliveryTimeByConversationId @ https://tflteams.public.onecdn.static.microsoft/teams-modular-packages/hashed-assets/precompiled-web-worker-inner~f-dbb3521f87730bb6.worker.js:43
[ 1666951ms] [WARNING] getSerializedKeyForKeypath returned undefined key in InMemoryIndex for table: replychains, with index: latestDeliveryTimeByConversationId @ https://tflteams.public.onecdn.static.microsoft/teams-modular-packages/hashed-assets/precompiled-web-worker-inner~f-dbb3521f87730bb6.worker.js:43
[ 1666951ms] [WARNING] getSerializedKeyForKeypath returned undefined key in InMemoryIndex for table: replychains, with index: undefined @ https://tflteams.public.onecdn.static.microsoft/teams-modular-packages/hashed-assets/precompiled-web-worker-inner~f-dbb3521f87730bb6.worker.js:43
[ 1666951ms] [WARNING] getSerializedKeyForKeypath returned undefined key in InMemoryIndex for table: replychains, with index: latestDeliveryTimeByConversationId @ https://tflteams.public.onecdn.static.microsoft/teams-modular-packages/hashed-assets/precompiled-web-worker-inner~f-dbb3521f87730bb6.worker.js:43
[ 1666951ms] [WARNING] getSerializedKeyForKeypath returned undefined key in InMemoryIndex for table: replychains, with index: latestDeliveryTimeByConversationId @ https://tflteams.public.onecdn.static.microsoft/teams-modular-packages/hashed-assets/precompiled-web-worker-inner~f-dbb3521f87730bb6.worker.js:43
[ 1666951ms] [WARNING] getSerializedKeyForKeypath returned undefined key in InMemoryIndex for table: replychains, with index: undefined @ https://tflteams.public.onecdn.static.microsoft/teams-modular-packages/hashed-assets/precompiled-web-worker-inner~f-dbb3521f87730bb6.worker.js:43
[ 1666951ms] [WARNING] getSerializedKeyForKeypath returned undefined key in InMemoryIndex for table: replychains, with index: latestDeliveryTimeByConversationId @ https://tflteams.public.onecdn.static.microsoft/teams-modular-packages/hashed-assets/precompiled-web-worker-inner~f-dbb3521f87730bb6.worker.js:43
[ 1666951ms] [WARNING] getSerializedKeyForKeypath returned undefined key in InMemoryIndex for table: replychains, with index: latestDeliveryTimeByConversationId @ https://tflteams.public.onecdn.static.microsoft/teams-modular-packages/hashed-assets/precompiled-web-worker-inner~f-dbb3521f87730bb6.worker.js:43
[ 1666951ms] [WARNING] getSerializedKeyForKeypath returned undefined key in InMemoryIndex for table: replychains, with index: undefined @ https://tflteams.public.onecdn.static.microsoft/teams-modular-packages/hashed-assets/precompiled-web-worker-inner~f-dbb3521f87730bb6.worker.js:43
[ 1666951ms] [WARNING] getSerializedKeyForKeypath returned undefined key in InMemoryIndex for table: replychains, with index: latestDeliveryTimeByConversationId @ https://tflteams.public.onecdn.static.microsoft/teams-modular-packages/hashed-assets/precompiled-web-worker-inner~f-dbb3521f87730bb6.worker.js:43
[ 1666952ms] [WARNING] getSerializedKeyForKeypath returned undefined key in InMemoryIndex for table: replychains, with index: latestDeliveryTimeByConversationId @ https://tflteams.public.onecdn.static.microsoft/teams-modular-packages/hashed-assets/precompiled-web-worker-inner~f-dbb3521f87730bb6.worker.js:43
[ 1666952ms] [WARNING] getSerializedKeyForKeypath returned undefined key in InMemoryIndex for table: replychains, with index: undefined @ https://tflteams.public.onecdn.static.microsoft/teams-modular-packages/hashed-assets/precompiled-web-worker-inner~f-dbb3521f87730bb6.worker.js:43
[ 1666952ms] [WARNING] getSerializedKeyForKeypath returned undefined key in InMemoryIndex for table: replychains, with index: latestDeliveryTimeByConversationId @ https://tflteams.public.onecdn.static.microsoft/teams-modular-packages/hashed-assets/precompiled-web-worker-inner~f-dbb3521f87730bb6.worker.js:43
[ 1666952ms] [WARNING] getSerializedKeyForKeypath returned undefined key in InMemoryIndex for table: replychains, with index: latestDeliveryTimeByConversationId @ https://tflteams.public.onecdn.static.microsoft/teams-modular-packages/hashed-assets/precompiled-web-worker-inner~f-dbb3521f87730bb6.worker.js:43
[ 1666952ms] [WARNING] getSerializedKeyForKeypath returned undefined key in InMemoryIndex for table: replychains, with index: undefined @ https://tflteams.public.onecdn.static.microsoft/teams-modular-packages/hashed-assets/precompiled-web-worker-inner~f-dbb3521f87730bb6.worker.js:43
[ 1666952ms] [WARNING] getSerializedKeyForKeypath returned undefined key in InMemoryIndex for table: replychains, with index: latestDeliveryTimeByConversationId @ https://tflteams.public.onecdn.static.microsoft/teams-modular-packages/hashed-assets/precompiled-web-worker-inner~f-dbb3521f87730bb6.worker.js:43
[ 1666952ms] [WARNING] getSerializedKeyForKeypath returned undefined key in InMemoryIndex for table: replychains, with index: latestDeliveryTimeByConversationId @ https://tflteams.public.onecdn.static.microsoft/teams-modular-packages/hashed-assets/precompiled-web-worker-inner~f-dbb3521f87730bb6.worker.js:43
[ 1666952ms] [WARNING] getSerializedKeyForKeypath returned undefined key in InMemoryIndex for table: replychains, with index: undefined @ https://tflteams.public.onecdn.static.microsoft/teams-modular-packages/hashed-assets/precompiled-web-worker-inner~f-dbb3521f87730bb6.worker.js:43
[ 1666952ms] [WARNING] getSerializedKeyForKeypath returned undefined key in InMemoryIndex for table: replychains, with index: latestDeliveryTimeByConversationId @ https://tflteams.public.onecdn.static.microsoft/teams-modular-packages/hashed-assets/precompiled-web-worker-inner~f-dbb3521f87730bb6.worker.js:43
[ 1666952ms] [WARNING] getSerializedKeyForKeypath returned undefined key in InMemoryIndex for table: replychains, with index: latestDeliveryTimeByConversationId @ https://tflteams.public.onecdn.static.microsoft/teams-modular-packages/hashed-assets/precompiled-web-worker-inner~f-dbb3521f87730bb6.worker.js:43
[ 1666952ms] [WARNING] getSerializedKeyForKeypath returned undefined key in InMemoryIndex for table: replychains, with index: undefined @ https://tflteams.public.onecdn.static.microsoft/teams-modular-packages/hashed-assets/precompiled-web-worker-inner~f-dbb3521f87730bb6.worker.js:43
[ 1666952ms] [WARNING] getSerializedKeyForKeypath returned undefined key in InMemoryIndex for table: replychains, with index: latestDeliveryTimeByConversationId @ https://tflteams.public.onecdn.static.microsoft/teams-modular-packages/hashed-assets/precompiled-web-worker-inner~f-dbb3521f87730bb6.worker.js:43
[ 1666952ms] [WARNING] getSerializedKeyForKeypath returned undefined key in InMemoryIndex for table: replychains, with index: latestDeliveryTimeByConversationId @ https://tflteams.public.onecdn.static.microsoft/teams-modular-packages/hashed-assets/precompiled-web-worker-inner~f-dbb3521f87730bb6.worker.js:43
[ 1666952ms] [WARNING] getSerializedKeyForKeypath returned undefined key in InMemoryIndex for table: replychains, with index: undefined @ https://tflteams.public.onecdn.static.microsoft/teams-modular-packages/hashed-assets/precompiled-web-worker-inner~f-dbb3521f87730bb6.worker.js:43
[ 1666952ms] [WARNING] getSerializedKeyForKeypath returned undefined key in InMemoryIndex for table: replychains, with index: latestDeliveryTimeByConversationId @ https://tflteams.public.onecdn.static.microsoft/teams-modular-packages/hashed-assets/precompiled-web-worker-inner~f-dbb3521f87730bb6.worker.js:43
[ 1666952ms] [WARNING] getSerializedKeyForKeypath returned undefined key in InMemoryIndex for table: replychains, with index: latestDeliveryTimeByConversationId @ https://tflteams.public.onecdn.static.microsoft/teams-modular-packages/hashed-assets/precompiled-web-worker-inner~f-dbb3521f87730bb6.worker.js:43
[ 1666952ms] [WARNING] getSerializedKeyForKeypath returned undefined key in InMemoryIndex for table: replychains, with index: undefined @ https://tflteams.public.onecdn.static.microsoft/teams-modular-packages/hashed-assets/precompiled-web-worker-inner~f-dbb3521f87730bb6.worker.js:43
[ 1666952ms] [WARNING] getSerializedKeyForKeypath returned undefined key in InMemoryIndex for table: replychains, with index: latestDeliveryTimeByConversationId @ https://tflteams.public.onecdn.static.microsoft/teams-modular-packages/hashed-assets/precompiled-web-worker-inner~f-dbb3521f87730bb6.worker.js:43
[ 1666953ms] [WARNING] getSerializedKeyForKeypath returned undefined key in InMemoryIndex for table: replychains, with index: latestDeliveryTimeByConversationId @ https://tflteams.public.onecdn.static.microsoft/teams-modular-packages/hashed-assets/precompiled-web-worker-inner~f-dbb3521f87730bb6.worker.js:43
[ 1666953ms] [WARNING] getSerializedKeyForKeypath returned undefined key in InMemoryIndex for table: replychains, with index: undefined @ https://tflteams.public.onecdn.static.microsoft/teams-modular-packages/hashed-assets/precompiled-web-worker-inner~f-dbb3521f87730bb6.worker.js:43
[ 1666953ms] [WARNING] getSerializedKeyForKeypath returned undefined key in InMemoryIndex for table: replychains, with index: latestDeliveryTimeByConversationId @ https://tflteams.public.onecdn.static.microsoft/teams-modular-packages/hashed-assets/precompiled-web-worker-inner~f-dbb3521f87730bb6.worker.js:43
[ 1666953ms] [WARNING] getSerializedKeyForKeypath returned undefined key in InMemoryIndex for table: replychains, with index: latestDeliveryTimeByConversationId @ https://tflteams.public.onecdn.static.microsoft/teams-modular-packages/hashed-assets/precompiled-web-worker-inner~f-dbb3521f87730bb6.worker.js:43
[ 1666953ms] [WARNING] getSerializedKeyForKeypath returned undefined key in InMemoryIndex for table: replychains, with index: undefined @ https://tflteams.public.onecdn.static.microsoft/teams-modular-packages/hashed-assets/precompiled-web-worker-inner~f-dbb3521f87730bb6.worker.js:43
[ 1666953ms] [WARNING] getSerializedKeyForKeypath returned undefined key in InMemoryIndex for table: replychains, with index: latestDeliveryTimeByConversationId @ https://tflteams.public.onecdn.static.microsoft/teams-modular-packages/hashed-assets/precompiled-web-worker-inner~f-dbb3521f87730bb6.worker.js:43
[ 1666953ms] [WARNING] getSerializedKeyForKeypath returned undefined key in InMemoryIndex for table: replychains, with index: latestDeliveryTimeByConversationId @ https://tflteams.public.onecdn.static.microsoft/teams-modular-packages/hashed-assets/precompiled-web-worker-inner~f-dbb3521f87730bb6.worker.js:43
[ 1666953ms] [WARNING] getSerializedKeyForKeypath returned undefined key in InMemoryIndex for table: replychains, with index: undefined @ https://tflteams.public.onecdn.static.microsoft/teams-modular-packages/hashed-assets/precompiled-web-worker-inner~f-dbb3521f87730bb6.worker.js:43
[ 1666953ms] [WARNING] getSerializedKeyForKeypath returned undefined key in InMemoryIndex for table: replychains, with index: latestDeliveryTimeByConversationId @ https://tflteams.public.onecdn.static.microsoft/teams-modular-packages/hashed-assets/precompiled-web-worker-inner~f-dbb3521f87730bb6.worker.js:43
[ 1666953ms] [WARNING] getSerializedKeyForKeypath returned undefined key in InMemoryIndex for table: replychains, with index: latestDeliveryTimeByConversationId @ https://tflteams.public.onecdn.static.microsoft/teams-modular-packages/hashed-assets/precompiled-web-worker-inner~f-dbb3521f87730bb6.worker.js:43
[ 1666953ms] [WARNING] getSerializedKeyForKeypath returned undefined key in InMemoryIndex for table: replychains, with index: undefined @ https://tflteams.public.onecdn.static.microsoft/teams-modular-packages/hashed-assets/precompiled-web-worker-inner~f-dbb3521f87730bb6.worker.js:43
[ 1666953ms] [WARNING] getSerializedKeyForKeypath returned undefined key in InMemoryIndex for table: replychains, with index: latestDeliveryTimeByConversationId @ https://tflteams.public.onecdn.static.microsoft/teams-modular-packages/hashed-assets/precompiled-web-worker-inner~f-dbb3521f87730bb6.worker.js:43
[ 1666953ms] [WARNING] getSerializedKeyForKeypath returned undefined key in InMemoryIndex for table: replychains, with index: latestDeliveryTimeByConversationId @ https://tflteams.public.onecdn.static.microsoft/teams-modular-packages/hashed-assets/precompiled-web-worker-inner~f-dbb3521f87730bb6.worker.js:43
[ 1666953ms] [WARNING] getSerializedKeyForKeypath returned undefined key in InMemoryIndex for table: replychains, with index: undefined @ https://tflteams.public.onecdn.static.microsoft/teams-modular-packages/hashed-assets/precompiled-web-worker-inner~f-dbb3521f87730bb6.worker.js:43
[ 1666953ms] [WARNING] getSerializedKeyForKeypath returned undefined key in InMemoryIndex for table: replychains, with index: latestDeliveryTimeByConversationId @ https://tflteams.public.onecdn.static.microsoft/teams-modular-packages/hashed-assets/precompiled-web-worker-inner~f-dbb3521f87730bb6.worker.js:43
[ 1666953ms] [WARNING] getSerializedKeyForKeypath returned undefined key in InMemoryIndex for table: replychains, with index: latestDeliveryTimeByConversationId @ https://tflteams.public.onecdn.static.microsoft/teams-modular-packages/hashed-assets/precompiled-web-worker-inner~f-dbb3521f87730bb6.worker.js:43
[ 1666953ms] [WARNING] getSerializedKeyForKeypath returned undefined key in InMemoryIndex for table: replychains, with index: undefined @ https://tflteams.public.onecdn.static.microsoft/teams-modular-packages/hashed-assets/precompiled-web-worker-inner~f-dbb3521f87730bb6.worker.js:43
[ 1666954ms] [WARNING] getSerializedKeyForKeypath returned undefined key in InMemoryIndex for table: replychains, with index: latestDeliveryTimeByConversationId @ https://tflteams.public.onecdn.static.microsoft/teams-modular-packages/hashed-assets/precompiled-web-worker-inner~f-dbb3521f87730bb6.worker.js:43
[ 1666954ms] [WARNING] getSerializedKeyForKeypath returned undefined key in InMemoryIndex for table: replychains, with index: latestDeliveryTimeByConversationId @ https://tflteams.public.onecdn.static.microsoft/teams-modular-packages/hashed-assets/precompiled-web-worker-inner~f-dbb3521f87730bb6.worker.js:43
[ 1666954ms] [WARNING] getSerializedKeyForKeypath returned undefined key in InMemoryIndex for table: replychains, with index: undefined @ https://tflteams.public.onecdn.static.microsoft/teams-modular-packages/hashed-assets/precompiled-web-worker-inner~f-dbb3521f87730bb6.worker.js:43
[ 1666954ms] [WARNING] getSerializedKeyForKeypath returned undefined key in InMemoryIndex for table: replychains, with index: latestDeliveryTimeByConversationId @ https://tflteams.public.onecdn.static.microsoft/teams-modular-packages/hashed-assets/precompiled-web-worker-inner~f-dbb3521f87730bb6.worker.js:43
[ 1666954ms] [WARNING] getSerializedKeyForKeypath returned undefined key in InMemoryIndex for table: replychains, with index: latestDeliveryTimeByConversationId @ https://tflteams.public.onecdn.static.microsoft/teams-modular-packages/hashed-assets/precompiled-web-worker-inner~f-dbb3521f87730bb6.worker.js:43
[ 1666954ms] [WARNING] getSerializedKeyForKeypath returned undefined key in InMemoryIndex for table: replychains, with index: undefined @ https://tflteams.public.onecdn.static.microsoft/teams-modular-packages/hashed-assets/precompiled-web-worker-inner~f-dbb3521f87730bb6.worker.js:43
[ 1666955ms] [WARNING] getSerializedKeyForKeypath returned undefined key in InMemoryIndex for table: replychains, with index: latestDeliveryTimeByConversationId @ https://tflteams.public.onecdn.static.microsoft/teams-modular-packages/hashed-assets/precompiled-web-worker-inner~f-dbb3521f87730bb6.worker.js:43
[ 1666955ms] [WARNING] getSerializedKeyForKeypath returned undefined key in InMemoryIndex for table: replychains, with index: latestDeliveryTimeByConversationId @ https://tflteams.public.onecdn.static.microsoft/teams-modular-packages/hashed-assets/precompiled-web-worker-inner~f-dbb3521f87730bb6.worker.js:43
[ 1666955ms] [WARNING] getSerializedKeyForKeypath returned undefined key in InMemoryIndex for table: replychains, with index: undefined @ https://tflteams.public.onecdn.static.microsoft/teams-modular-packages/hashed-assets/precompiled-web-worker-inner~f-dbb3521f87730bb6.worker.js:43
[ 1666955ms] [WARNING] getSerializedKeyForKeypath returned undefined key in InMemoryIndex for table: replychains, with index: latestDeliveryTimeByConversationId @ https://tflteams.public.onecdn.static.microsoft/teams-modular-packages/hashed-assets/precompiled-web-worker-inner~f-dbb3521f87730bb6.worker.js:43
[ 1666955ms] [WARNING] getSerializedKeyForKeypath returned undefined key in InMemoryIndex for table: replychains, with index: latestDeliveryTimeByConversationId @ https://tflteams.public.onecdn.static.microsoft/teams-modular-packages/hashed-assets/precompiled-web-worker-inner~f-dbb3521f87730bb6.worker.js:43
[ 1666955ms] [WARNING] getSerializedKeyForKeypath returned undefined key in InMemoryIndex for table: replychains, with index: undefined @ https://tflteams.public.onecdn.static.microsoft/teams-modular-packages/hashed-assets/precompiled-web-worker-inner~f-dbb3521f87730bb6.worker.js:43
[ 1666955ms] [WARNING] getSerializedKeyForKeypath returned undefined key in InMemoryIndex for table: replychains, with index: latestDeliveryTimeByConversationId @ https://tflteams.public.onecdn.static.microsoft/teams-modular-packages/hashed-assets/precompiled-web-worker-inner~f-dbb3521f87730bb6.worker.js:43
[ 1666955ms] [WARNING] getSerializedKeyForKeypath returned undefined key in InMemoryIndex for table: replychains, with index: latestDeliveryTimeByConversationId @ https://tflteams.public.onecdn.static.microsoft/teams-modular-packages/hashed-assets/precompiled-web-worker-inner~f-dbb3521f87730bb6.worker.js:43
[ 1666955ms] [WARNING] getSerializedKeyForKeypath returned undefined key in InMemoryIndex for table: replychains, with index: undefined @ https://tflteams.public.onecdn.static.microsoft/teams-modular-packages/hashed-assets/precompiled-web-worker-inner~f-dbb3521f87730bb6.worker.js:43
[ 1666955ms] [WARNING] getSerializedKeyForKeypath returned undefined key in InMemoryIndex for table: replychains, with index: latestDeliveryTimeByConversationId @ https://tflteams.public.onecdn.static.microsoft/teams-modular-packages/hashed-assets/precompiled-web-worker-inner~f-dbb3521f87730bb6.worker.js:43
[ 1666955ms] [WARNING] getSerializedKeyForKeypath returned undefined key in InMemoryIndex for table: replychains, with index: latestDeliveryTimeByConversationId @ https://tflteams.public.onecdn.static.microsoft/teams-modular-packages/hashed-assets/precompiled-web-worker-inner~f-dbb3521f87730bb6.worker.js:43
[ 1666956ms] [WARNING] getSerializedKeyForKeypath returned undefined key in InMemoryIndex for table: replychains, with index: undefined @ https://tflteams.public.onecdn.static.microsoft/teams-modular-packages/hashed-assets/precompiled-web-worker-inner~f-dbb3521f87730bb6.worker.js:43
[ 1666956ms] [WARNING] getSerializedKeyForKeypath returned undefined key in InMemoryIndex for table: replychains, with index: latestDeliveryTimeByConversationId @ https://tflteams.public.onecdn.static.microsoft/teams-modular-packages/hashed-assets/precompiled-web-worker-inner~f-dbb3521f87730bb6.worker.js:43
[ 1667202ms] [WARNING] A preload for 'https://tflteams.public.onecdn.static.microsoft/teams-modular-packages/hashed-assets/griffel-dfdd1f508454ef43.css' is found, but is not used because it is a cross-world service worker resource mismatch. @ https://tflteams.public.onecdn.static.microsoft/teams-modular-packages/hashed-assets/async-entry-0d78ea43ea20938f.js:1243
[ 1668930ms] [WARNING] getSerializedKeyForKeypath returned undefined key in InMemoryIndex for table: profiles, with index: email @ https://tflteams.public.onecdn.static.microsoft/teams-modular-packages/hashed-assets/precompiled-web-worker-inner~f-dbb3521f87730bb6.worker.js:43
[ 1668930ms] [WARNING] getSerializedKeyForKeypath returned undefined key in InMemoryIndex for table: profiles, with index: email @ https://tflteams.public.onecdn.static.microsoft/teams-modular-packages/hashed-assets/precompiled-web-worker-inner~f-dbb3521f87730bb6.worker.js:43
[ 1668930ms] [WARNING] getSerializedKeyForKeypath returned undefined key in InMemoryIndex for table: profiles, with index: email @ https://tflteams.public.onecdn.static.microsoft/teams-modular-packages/hashed-assets/precompiled-web-worker-inner~f-dbb3521f87730bb6.worker.js:43
[ 1668930ms] [WARNING] getSerializedKeyForKeypath returned undefined key in InMemoryIndex for table: profiles, with index: email @ https://tflteams.public.onecdn.static.microsoft/teams-modular-packages/hashed-assets/precompiled-web-worker-inner~f-dbb3521f87730bb6.worker.js:43
[ 1668930ms] [WARNING] getSerializedKeyForKeypath returned undefined key in InMemoryIndex for table: profiles, with index: email @ https://tflteams.public.onecdn.static.microsoft/teams-modular-packages/hashed-assets/precompiled-web-worker-inner~f-dbb3521f87730bb6.worker.js:43
[ 1668930ms] [WARNING] getSerializedKeyForKeypath returned undefined key in InMemoryIndex for table: profiles, with index: email @ https://tflteams.public.onecdn.static.microsoft/teams-modular-packages/hashed-assets/precompiled-web-worker-inner~f-dbb3521f87730bb6.worker.js:43
[ 1668930ms] [WARNING] getSerializedKeyForKeypath returned undefined key in InMemoryIndex for table: profiles, with index: email @ https://tflteams.public.onecdn.static.microsoft/teams-modular-packages/hashed-assets/precompiled-web-worker-inner~f-dbb3521f87730bb6.worker.js:43
[ 1668930ms] [WARNING] getSerializedKeyForKeypath returned undefined key in InMemoryIndex for table: profiles, with index: email @ https://tflteams.public.onecdn.static.microsoft/teams-modular-packages/hashed-assets/precompiled-web-worker-inner~f-dbb3521f87730bb6.worker.js:43
[ 1668930ms] [WARNING] getSerializedKeyForKeypath returned undefined key in InMemoryIndex for table: profiles, with index: email @ https://tflteams.public.onecdn.static.microsoft/teams-modular-packages/hashed-assets/precompiled-web-worker-inner~f-dbb3521f87730bb6.worker.js:43
[ 1668930ms] [WARNING] getSerializedKeyForKeypath returned undefined key in InMemoryIndex for table: profiles, with index: email @ https://tflteams.public.onecdn.static.microsoft/teams-modular-packages/hashed-assets/precompiled-web-worker-inner~f-dbb3521f87730bb6.worker.js:43
[ 1668930ms] [WARNING] getSerializedKeyForKeypath returned undefined key in InMemoryIndex for table: profiles, with index: email @ https://tflteams.public.onecdn.static.microsoft/teams-modular-packages/hashed-assets/precompiled-web-worker-inner~f-dbb3521f87730bb6.worker.js:43
[ 1670454ms] [WARNING] The resource https://tflteams.public.onecdn.static.microsoft/teams-modular-packages/hashed-assets/496830-b9bc15da63f131f0.js was preloaded using link preload but not used within a few seconds from the window's load event. Please make sure it has an appropriate `as` value and it is preloaded intentionally. @ https://teams.live.com/v2/:0
[ 1670454ms] [WARNING] The resource https://tflteams.public.onecdn.static.microsoft/teams-modular-packages/hashed-assets/services-calling-service-adapters-6bbf4eb6997da139.js was preloaded using link preload but not used within a few seconds from the window's load event. Please make sure it has an appropriate `as` value and it is preloaded intentionally. @ https://teams.live.com/v2/:0
[ 1670454ms] [WARNING] The resource https://tflteams.public.onecdn.static.microsoft/teams-modular-packages/hashed-assets/191837-bd981bd32c6ace8c.js was preloaded using link preload but not used within a few seconds from the window's load event. Please make sure it has an appropriate `as` value and it is preloaded intentionally. @ https://teams.live.com/v2/:0
[ 1670454ms] [WARNING] The resource https://tflteams.public.onecdn.static.microsoft/teams-modular-packages/hashed-assets/calling-cdl-calling-package-loader-6fe7cdeae2c82d23.js was preloaded using link preload but not used within a few seconds from the window's load event. Please make sure it has an appropriate `as` value and it is preloaded intentionally. @ https://teams.live.com/v2/:0
[ 1670454ms] [WARNING] The resource https://tflteams.public.onecdn.static.microsoft/teams-modular-packages/hashed-assets/main-a8133ca1291681a9.js was preloaded using link preload but not used within a few seconds from the window's load event. Please make sure it has an appropriate `as` value and it is preloaded intentionally. @ https://teams.live.com/v2/:0
[ 1670454ms] [WARNING] The resource https://tflteams.public.onecdn.static.microsoft/teams-modular-packages/hashed-assets/391366-3f2d5bccbfa8c483.js was preloaded using link preload but not used within a few seconds from the window's load event. Please make sure it has an appropriate `as` value and it is preloaded intentionally. @ https://teams.live.com/v2/:0
[ 1670454ms] [WARNING] The resource https://tflteams.public.onecdn.static.microsoft/teams-modular-packages/hashed-assets/462748-07d8fb6516d15b3a.js was preloaded using link preload but not used within a few seconds from the window's load event. Please make sure it has an appropriate `as` value and it is preloaded intentionally. @ https://teams.live.com/v2/:0
[ 1670454ms] [WARNING] The resource https://tflteams.public.onecdn.static.microsoft/teams-modular-packages/hashed-assets/griffel-dfdd1f508454ef43.css was preloaded using link preload but not used within a few seconds from the window's load event. Please make sure it has an appropriate `as` value and it is preloaded intentionally. @ https://teams.live.com/v2/:0
[ 1670454ms] [WARNING] The resource https://tflteams.public.onecdn.static.microsoft/teams-modular-packages/hashed-assets/runtime-ed6975aa83be09eb.js was preloaded using link preload but not used within a few seconds from the window's load event. Please make sure it has an appropriate `as` value and it is preloaded intentionally. @ https://teams.live.com/v2/:0
[ 1670454ms] [WARNING] The resource https://tflteams.public.onecdn.static.microsoft/teams-modular-packages/hashed-assets/54365-bfef35ea66ac127d.js was preloaded using link preload but not used within a few seconds from the window's load event. Please make sure it has an appropriate `as` value and it is preloaded intentionally. @ https://teams.live.com/v2/:0
[ 1670454ms] [WARNING] The resource https://tflteams.public.onecdn.static.microsoft/teams-modular-packages/hashed-assets/638055-b6de710a9541770e.js was preloaded using link preload but not used within a few seconds from the window's load event. Please make sure it has an appropriate `as` value and it is preloaded intentionally. @ https://teams.live.com/v2/:0
[ 1670454ms] [WARNING] The resource https://tflteams.public.onecdn.static.microsoft/teams-modular-packages/hashed-assets/525240-21b1eabb905beb7d.js was preloaded using link preload but not used within a few seconds from the window's load event. Please make sure it has an appropriate `as` value and it is preloaded intentionally. @ https://teams.live.com/v2/:0
[ 1670454ms] [WARNING] The resource https://tflteams.public.onecdn.static.microsoft/teams-modular-packages/hashed-assets/249566-274523e882e43004.js was preloaded using link preload but not used within a few seconds from the window's load event. Please make sure it has an appropriate `as` value and it is preloaded intentionally. @ https://teams.live.com/v2/:0
[ 1670454ms] [WARNING] The resource https://tflteams.public.onecdn.static.microsoft/teams-modular-packages/hashed-assets/341350-d9e8c91d801247f1.js was preloaded using link preload but not used within a few seconds from the window's load event. Please make sure it has an appropriate `as` value and it is preloaded intentionally. @ https://teams.live.com/v2/:0
[ 1670454ms] [WARNING] The resource https://tflteams.public.onecdn.static.microsoft/teams-modular-packages/hashed-assets/integrities-13e930e6a8f14a4c9cae.js was preloaded using link preload but not used within a few seconds from the window's load event. Please make sure it has an appropriate `as` value and it is preloaded intentionally. @ https://teams.live.com/v2/:0
[ 1670454ms] [WARNING] The resource https://tflteams.public.onecdn.static.microsoft/teams-modular-packages/hashed-assets/158884-70f571c7e70b86a5.js was preloaded using link preload but not used within a few seconds from the window's load event. Please make sure it has an appropriate `as` value and it is preloaded intentionally. @ https://teams.live.com/v2/:0
[ 1671140ms] [ERROR] Unhandled error/rejection {"isTrusted":true} @ https://teams.live.com/v2/:54
[ 1671145ms] [ERROR] Unhandled error/rejection {"isTrusted":true} @ https://teams.live.com/v2/:54
[ 1671160ms] [ERROR] Unhandled error/rejection {"isTrusted":true} @ https://teams.live.com/v2/:54
[ 1671162ms] [ERROR] Unhandled error/rejection {"isTrusted":true} @ https://teams.live.com/v2/:54
[ 1671165ms] [ERROR] Unhandled error/rejection {"isTrusted":true} @ https://teams.live.com/v2/:54
[ 1671168ms] [ERROR] Unhandled error/rejection {"isTrusted":true} @ https://teams.live.com/v2/:54
[ 1671169ms] [ERROR] Unhandled error/rejection {"isTrusted":true} @ https://teams.live.com/v2/:54
[ 1671957ms] [WARNING] getSerializedKeyForKeypath returned undefined key in InMemoryIndex for table: profiles, with index: email @ https://tflteams.public.onecdn.static.microsoft/teams-modular-packages/hashed-assets/precompiled-web-worker-inner~f-dbb3521f87730bb6.worker.js:43
[ 1671957ms] [WARNING] getSerializedKeyForKeypath returned undefined key in InMemoryIndex for table: profiles, with index: email @ https://tflteams.public.onecdn.static.microsoft/teams-modular-packages/hashed-assets/precompiled-web-worker-inner~f-dbb3521f87730bb6.worker.js:43
[ 1671957ms] [WARNING] getSerializedKeyForKeypath returned undefined key in InMemoryIndex for table: profiles, with index: email @ https://tflteams.public.onecdn.static.microsoft/teams-modular-packages/hashed-assets/precompiled-web-worker-inner~f-dbb3521f87730bb6.worker.js:43
[ 1671958ms] [WARNING] getSerializedKeyForKeypath returned undefined key in InMemoryIndex for table: profiles, with index: email @ https://tflteams.public.onecdn.static.microsoft/teams-modular-packages/hashed-assets/precompiled-web-worker-inner~f-dbb3521f87730bb6.worker.js:43
[ 1671958ms] [WARNING] getSerializedKeyForKeypath returned undefined key in InMemoryIndex for table: profiles, with index: email @ https://tflteams.public.onecdn.static.microsoft/teams-modular-packages/hashed-assets/precompiled-web-worker-inner~f-dbb3521f87730bb6.worker.js:43
[ 1671958ms] [WARNING] getSerializedKeyForKeypath returned undefined key in InMemoryIndex for table: profiles, with index: email @ https://tflteams.public.onecdn.static.microsoft/teams-modular-packages/hashed-assets/precompiled-web-worker-inner~f-dbb3521f87730bb6.worker.js:43
[ 1671958ms] [WARNING] getSerializedKeyForKeypath returned undefined key in InMemoryIndex for table: profiles, with index: email @ https://tflteams.public.onecdn.static.microsoft/teams-modular-packages/hashed-assets/precompiled-web-worker-inner~f-dbb3521f87730bb6.worker.js:43
[ 1674341ms] [ERROR] Failed to load resource: the server responded with a status of 410 () @ https://urlp.asm.skype.com/v1/url/image/Thumbnail?url=https%3a%2f%2flh7-us.googleusercontent.com%2fdocs%2fAHkbwyISV3Jk5dO5h-yPiLmdMIDzlCjNMF_CF42EvEK5boRACMEllSrJ0LQ0AbAFVDm0qVzCmAlCgUx3Klx7Y6z1QBv33JfoTdHpbYy7u6kYXq8ggE22XAh8%3dw1200-h630-p:0
[ 1674374ms] [ERROR] Failed to load resource: the server responded with a status of 410 () @ https://urlp.asm.skype.com/v1/url/image/Thumbnail?url=https%3a%2f%2flh7-us.googleusercontent.com%2fdocs%2fAHkbwyISV3Jk5dO5h-yPiLmdMIDzlCjNMF_CF42EvEK5boRACMEllSrJ0LQ0AbAFVDm0qVzCmAlCgUx3Klx7Y6z1QBv33JfoTdHpbYy7u6kYXq8ggE22XAh8%3dw1200-h630-p:0
[ 1676183ms] [WARNING] The icon "vNextCancel" tried to unregister but was not registered. @ https://teams.live.com/v2/:54
[ 1676183ms] [WARNING] The icon "vNextChat" tried to unregister but was not registered. @ https://teams.live.com/v2/:54
[ 1676183ms] [WARNING] The icon "vNextCopy" tried to unregister but was not registered. @ https://teams.live.com/v2/:54
[ 1676183ms] [WARNING] The icon "vNextPhone" tried to unregister but was not registered. @ https://teams.live.com/v2/:54
[ 1676183ms] [WARNING] The icon "vNextAddFriend" tried to unregister but was not registered. @ https://teams.live.com/v2/:54
[ 1676183ms] [WARNING] The icon "vNextDocument" tried to unregister but was not registered. @ https://teams.live.com/v2/:54
[ 1676183ms] [WARNING] The icon "vNextEdit" tried to unregister but was not registered. @ https://teams.live.com/v2/:54
[ 1676183ms] [WARNING] The icon "vNextEmoji" tried to unregister but was not registered. @ https://teams.live.com/v2/:54
[ 1676184ms] [WARNING] The icon "vNextOrg" tried to unregister but was not registered. @ https://teams.live.com/v2/:54
[ 1676184ms] [WARNING] The icon "vNextSend" tried to unregister but was not registered. @ https://teams.live.com/v2/:54
[ 1676184ms] [WARNING] The icon "vNextVideo" tried to unregister but was not registered. @ https://teams.live.com/v2/:54
[ 1676184ms] [WARNING] The icon "vNextChevronDown" tried to unregister but was not registered. @ https://teams.live.com/v2/:54
[ 1676184ms] [WARNING] The icon "vNextChevronLeft" tried to unregister but was not registered. @ https://teams.live.com/v2/:54
[ 1676184ms] [WARNING] The icon "vNextChevronRight" tried to unregister but was not registered. @ https://teams.live.com/v2/:54
[ 1676184ms] [WARNING] The icon "vNextOpen" tried to unregister but was not registered. @ https://teams.live.com/v2/:54
[ 1676184ms] [WARNING] The icon "vNextAdd" tried to unregister but was not registered. @ https://teams.live.com/v2/:54
[ 1676184ms] [WARNING] The icon "vNextAttach" tried to unregister but was not registered. @ https://teams.live.com/v2/:54
[ 1676184ms] [WARNING] The icon "vNextBalloons" tried to unregister but was not registered. @ https://teams.live.com/v2/:54
[ 1676184ms] [WARNING] The icon "vNextCalendar" tried to unregister but was not registered. @ https://teams.live.com/v2/:54
[ 1676184ms] [WARNING] The icon "vNextCamera" tried to unregister but was not registered. @ https://teams.live.com/v2/:54
[ 1676184ms] [WARNING] The icon "vNextCheckMark" tried to unregister but was not registered. @ https://teams.live.com/v2/:54
[ 1676184ms] [WARNING] The icon "vNextCityNext" tried to unregister but was not registered. @ https://teams.live.com/v2/:54
[ 1676184ms] [WARNING] The icon "vNextContact" tried to unregister but was not registered. @ https://teams.live.com/v2/:54
[ 1676184ms] [WARNING] The icon "vNextContactCard" tried to unregister but was not registered. @ https://teams.live.com/v2/:54
[ 1676184ms] [WARNING] The icon "vNextGlobe" tried to unregister but was not registered. @ https://teams.live.com/v2/:54
[ 1676184ms] [WARNING] The icon "vNextGroup" tried to unregister but was not registered. @ https://teams.live.com/v2/:54
[ 1676184ms] [WARNING] The icon "vNextInfo" tried to unregister but was not registered. @ https://teams.live.com/v2/:54
[ 1676184ms] [WARNING] The icon "vNextLink" tried to unregister but was not registered. @ https://teams.live.com/v2/:54
[ 1676184ms] [WARNING] The icon "vNextLinkedInLogo" tried to unregister but was not registered. @ https://teams.live.com/v2/:54
[ 1676184ms] [WARNING] The icon "vNextPoi" tried to unregister but was not registered. @ https://teams.live.com/v2/:54
[ 1676184ms] [WARNING] The icon "vNextMail" tried to unregister but was not registered. @ https://teams.live.com/v2/:54
[ 1676184ms] [WARNING] The icon "vNextMore" tried to unregister but was not registered. @ https://teams.live.com/v2/:54
[ 1676184ms] [WARNING] The icon "vNextOutOfOffice" tried to unregister but was not registered. @ https://teams.live.com/v2/:54
[ 1676185ms] [WARNING] The icon "vNextPage" tried to unregister but was not registered. @ https://teams.live.com/v2/:54
[ 1676185ms] [WARNING] The icon "vNextPeople" tried to unregister but was not registered. @ https://teams.live.com/v2/:54
[ 1676185ms] [WARNING] The icon "vNextPersonEdit" tried to unregister but was not registered. @ https://teams.live.com/v2/:54
[ 1676185ms] [WARNING] The icon "vNextPersonFolder" tried to unregister but was not registered. @ https://teams.live.com/v2/:54
[ 1676185ms] [WARNING] The icon "vNextPlannerLogo" tried to unregister but was not registered. @ https://teams.live.com/v2/:54
[ 1676185ms] [WARNING] The icon "vNextQuickNote" tried to unregister but was not registered. @ https://teams.live.com/v2/:54
[ 1676185ms] [WARNING] The icon "vNextRibbon" tried to unregister but was not registered. @ https://teams.live.com/v2/:54
[ 1676185ms] [WARNING] The icon "vNextSearch" tried to unregister but was not registered. @ https://teams.live.com/v2/:54
[ 1676185ms] [WARNING] The icon "vNextShare" tried to unregister but was not registered. @ https://teams.live.com/v2/:54
[ 1676186ms] [WARNING] The icon "vNextBack" tried to unregister but was not registered. @ https://teams.live.com/v2/:54
[ 1676186ms] [WARNING] The icon "vNextClear" tried to unregister but was not registered. @ https://teams.live.com/v2/:54
[ 1676186ms] [WARNING] The icon "vNextAccept" tried to unregister but was not registered. @ https://teams.live.com/v2/:54
[ 1676186ms] [WARNING] The icon "vNextAccounts" tried to unregister but was not registered. @ https://teams.live.com/v2/:54
[ 1676186ms] [WARNING] The icon "vNextBank" tried to unregister but was not registered. @ https://teams.live.com/v2/:54
[ 1676186ms] [WARNING] The icon "vNextBirthdayCake" tried to unregister but was not registered. @ https://teams.live.com/v2/:54
[ 1676186ms] [WARNING] The icon "Blank" tried to unregister but was not registered. @ https://teams.live.com/v2/:54
[ 1676186ms] [WARNING] The icon "vNextBlockContact" tried to unregister but was not registered. @ https://teams.live.com/v2/:54
[ 1676186ms] [WARNING] The icon "vNextBuildingBankToolbox" tried to unregister but was not registered. @ https://teams.live.com/v2/:54
[ 1676186ms] [WARNING] The icon "vNextBuildingMultiple" tried to unregister but was not registered. @ https://teams.live.com/v2/:54
[ 1676186ms] [WARNING] The icon "vNextBuildingPeople" tried to unregister but was not registered. @ https://teams.live.com/v2/:54
[ 1676186ms] [WARNING] The icon "vNextCalendarLtr" tried to unregister but was not registered. @ https://teams.live.com/v2/:54
[ 1676186ms] [WARNING] The icon "vNextCalendarStar" tried to unregister but was not registered. @ https://teams.live.com/v2/:54
[ 1676187ms] [WARNING] The icon "vNextCardUi" tried to unregister but was not registered. @ https://teams.live.com/v2/:54
[ 1676187ms] [WARNING] The icon "vNextCellPhone" tried to unregister but was not registered. @ https://teams.live.com/v2/:54
[ 1676187ms] [WARNING] The icon "vNextChartPerson" tried to unregister but was not registered. @ https://teams.live.com/v2/:54
[ 1676187ms] [WARNING] The icon "vNextCityNext2" tried to unregister but was not registered. @ https://teams.live.com/v2/:54
[ 1676187ms] [WARNING] The icon "vNextClock" tried to unregister but was not registered. @ https://teams.live.com/v2/:54
[ 1676187ms] [WARNING] The icon "vNextClockToolbox" tried to unregister but was not registered. @ https://teams.live.com/v2/:54
[ 1676187ms] [WARNING] The icon "vNextCompleted" tried to unregister but was not registered. @ https://teams.live.com/v2/:54
[ 1676187ms] [WARNING] The icon "vNextContactCard" tried to unregister but was not registered. @ https://teams.live.com/v2/:54
[ 1676187ms] [WARNING] The icon "vNextContactCardRibbon" tried to unregister but was not registered. @ https://teams.live.com/v2/:54
[ 1676187ms] [WARNING] The icon "vNextDateTime" tried to unregister but was not registered. @ https://teams.live.com/v2/:54
[ 1676187ms] [WARNING] The icon "vNextDelete" tried to unregister but was not registered. @ https://teams.live.com/v2/:54
[ 1676187ms] [WARNING] The icon "vNextDesk" tried to unregister but was not registered. @ https://teams.live.com/v2/:54
[ 1676187ms] [WARNING] The icon "vNextDesktopToolbox" tried to unregister but was not registered. @ https://teams.live.com/v2/:54
[ 1676187ms] [WARNING] The icon "vNextDeveloperTools" tried to unregister but was not registered. @ https://teams.live.com/v2/:54
[ 1676188ms] [WARNING] The icon "vNextDeviceMeetingRoom" tried to unregister but was not registered. @ https://teams.live.com/v2/:54
[ 1676188ms] [WARNING] The icon "vNextDeviceMeetingRoomRemote" tried to unregister but was not registered. @ https://teams.live.com/v2/:54
[ 1676188ms] [WARNING] The icon "vNextDismissCircle" tried to unregister but was not registered. @ https://teams.live.com/v2/:54
[ 1676188ms] [WARNING] The icon "vNextDown" tried to unregister but was not registered. @ https://teams.live.com/v2/:54
[ 1676188ms] [WARNING] The icon "vNextDiversity" tried to unregister but was not registered. @ https://teams.live.com/v2/:54
[ 1676188ms] [WARNING] The icon "vNextDocumentOnePageLink" tried to unregister but was not registered. @ https://teams.live.com/v2/:54
[ 1676188ms] [WARNING] The icon "vNextDocumentPerson" tried to unregister but was not registered. @ https://teams.live.com/v2/:54
[ 1676188ms] [WARNING] The icon "vNextDrafts" tried to unregister but was not registered. @ https://teams.live.com/v2/:54
[ 1676188ms] [WARNING] The icon "vNextElevator" tried to unregister but was not registered. @ https://teams.live.com/v2/:54
[ 1676188ms] [WARNING] The icon "vNextEmi" tried to unregister but was not registered. @ https://teams.live.com/v2/:54
[ 1676188ms] [WARNING] The icon "vNextEmoji2" tried to unregister but was not registered. @ https://teams.live.com/v2/:54
[ 1676188ms] [WARNING] The icon "vNextError" tried to unregister but was not registered. @ https://teams.live.com/v2/:54
[ 1676188ms] [WARNING] The icon "vNextErrorBadge" tried to unregister but was not registered. @ https://teams.live.com/v2/:54
[ 1676188ms] [WARNING] The icon "vNextFax" tried to unregister but was not registered. @ https://teams.live.com/v2/:54
[ 1676188ms] [WARNING] The icon "vNextFeedback" tried to unregister but was not registered. @ https://teams.live.com/v2/:54
[ 1676188ms] [WARNING] The icon "vNextFeed" tried to unregister but was not registered. @ https://teams.live.com/v2/:54
[ 1676188ms] [WARNING] The icon "vNextFlag" tried to unregister but was not registered. @ https://teams.live.com/v2/:54
[ 1676189ms] [WARNING] The icon "vNextForward" tried to unregister but was not registered. @ https://teams.live.com/v2/:54
[ 1676189ms] [WARNING] The icon "vNextGlobeLocation" tried to unregister but was not registered. @ https://teams.live.com/v2/:54
[ 1676189ms] [WARNING] The icon "vNextGlobePerson" tried to unregister but was not registered. @ https://teams.live.com/v2/:54
[ 1676189ms] [WARNING] The icon "vNextHeart" tried to unregister but was not registered. @ https://teams.live.com/v2/:54
[ 1676189ms] [WARNING] The icon "vNextHelp" tried to unregister but was not registered. @ https://teams.live.com/v2/:54
[ 1676189ms] [WARNING] The icon "vNextHome" tried to unregister but was not registered. @ https://teams.live.com/v2/:54
[ 1676189ms] [WARNING] The icon "vNextHomePerson" tried to unregister but was not registered. @ https://teams.live.com/v2/:54
[ 1676189ms] [WARNING] The icon "vNextIDBadge" tried to unregister but was not registered. @ https://teams.live.com/v2/:54
[ 1676189ms] [WARNING] The icon "vNextImportant" tried to unregister but was not registered. @ https://teams.live.com/v2/:54
[ 1676189ms] [WARNING] The icon "vNextLaptop" tried to unregister but was not registered. @ https://teams.live.com/v2/:54
[ 1676189ms] [WARNING] The icon "vNextLaptopBriefcase" tried to unregister but was not registered. @ https://teams.live.com/v2/:54
[ 1676189ms] [WARNING] The icon "vNextLightbulb" tried to unregister but was not registered. @ https://teams.live.com/v2/:54
[ 1676189ms] [WARNING] The icon "vNextLightbulbFilament" tried to unregister but was not registered. @ https://teams.live.com/v2/:54
[ 1676190ms] [WARNING] The icon "vNextLocalLanguage" tried to unregister but was not registered. @ https://teams.live.com/v2/:54
[ 1676190ms] [WARNING] The icon "vNextLocationCheckmark" tried to unregister but was not registered. @ https://teams.live.com/v2/:54
[ 1676190ms] [WARNING] The icon "vNextLocationDot" tried to unregister but was not registered. @ https://teams.live.com/v2/:54
[ 1676190ms] [WARNING] The icon "vNextLocationRipple" tried to unregister but was not registered. @ https://teams.live.com/v2/:54
[ 1676190ms] [WARNING] The icon "vNextLock" tried to unregister but was not registered. @ https://teams.live.com/v2/:54
[ 1676190ms] [WARNING] The icon "vNextMapPin" tried to unregister but was not registered. @ https://teams.live.com/v2/:54
[ 1676190ms] [WARNING] The icon "vNextMap" tried to unregister but was not registered. @ https://teams.live.com/v2/:54
[ 1676190ms] [WARNING] The icon "vNextMicrophone" tried to unregister but was not registered. @ https://teams.live.com/v2/:54
[ 1676190ms] [WARNING] The icon "vNextMoney" tried to unregister but was not registered. @ https://teams.live.com/v2/:54
[ 1676190ms] [WARNING] The icon "vNextNumberSymbol" tried to unregister but was not registered. @ https://teams.live.com/v2/:54
[ 1676190ms] [WARNING] The icon "vNextNumberSymbolSquare" tried to unregister but was not registered. @ https://teams.live.com/v2/:54
[ 1676190ms] [WARNING] The icon "vNextOpen" tried to unregister but was not registered. @ https://teams.live.com/v2/:54
[ 1676190ms] [WARNING] The icon "vNextPeopleStar" tried to unregister but was not registered. @ https://teams.live.com/v2/:54
[ 1676190ms] [WARNING] The icon "vNextPeopleToolbox" tried to unregister but was not registered. @ https://teams.live.com/v2/:54
[ 1676190ms] [WARNING] The icon "vNextPersonAdd" tried to unregister but was not registered. @ https://teams.live.com/v2/:54
[ 1676190ms] [WARNING] The icon "vNextPersonAvailable" tried to unregister but was not registered. @ https://teams.live.com/v2/:54
[ 1676191ms] [WARNING] The icon "vNextPersonBriefcase" tried to unregister but was not registered. @ https://teams.live.com/v2/:54
[ 1676191ms] [WARNING] The icon "vNextPersonClock" tried to unregister but was not registered. @ https://teams.live.com/v2/:54
[ 1676191ms] [WARNING] The icon "vNextPersonHome" tried to unregister but was not registered. @ https://teams.live.com/v2/:54
[ 1676191ms] [WARNING] The icon "vNextPersonStar" tried to unregister but was not registered. @ https://teams.live.com/v2/:54
[ 1676191ms] [WARNING] The icon "vNextPersonSwap" tried to unregister but was not registered. @ https://teams.live.com/v2/:54
[ 1676191ms] [WARNING] The icon "vNextPersonTag" tried to unregister but was not registered. @ https://teams.live.com/v2/:54
[ 1676191ms] [WARNING] The icon "vNextPersonVoice" tried to unregister but was not registered. @ https://teams.live.com/v2/:54
[ 1676191ms] [WARNING] The icon "vNextPhoneShake" tried to unregister but was not registered. @ https://teams.live.com/v2/:54
[ 1676191ms] [WARNING] The icon "vNextNews" tried to unregister but was not registered. @ https://teams.live.com/v2/:54
[ 1676191ms] [WARNING] The icon "vNextPlay" tried to unregister but was not registered. @ https://teams.live.com/v2/:54
[ 1676191ms] [WARNING] The icon "vNextPlaybackRate1x" tried to unregister but was not registered. @ https://teams.live.com/v2/:54
[ 1676191ms] [WARNING] The icon "vNextPronouns" tried to unregister but was not registered. @ https://teams.live.com/v2/:54
[ 1676191ms] [WARNING] The icon "vNextRemoveEvent" tried to unregister but was not registered. @ https://teams.live.com/v2/:54
[ 1676191ms] [WARNING] The icon "vNextSettings" tried to unregister but was not registered. @ https://teams.live.com/v2/:54
[ 1676191ms] [WARNING] The icon "vNextShieldError" tried to unregister but was not registered. @ https://teams.live.com/v2/:54
[ 1676191ms] [WARNING] The icon "vNextShiftsActivity" tried to unregister but was not registered. @ https://teams.live.com/v2/:54
[ 1676191ms] [WARNING] The icon "vNextShiftsTeam" tried to unregister but was not registered. @ https://teams.live.com/v2/:54
[ 1676191ms] [WARNING] The icon "vNextSingleColumnEdit" tried to unregister but was not registered. @ https://teams.live.com/v2/:54
[ 1676191ms] [WARNING] The icon "vNextSlideText" tried to unregister but was not registered. @ https://teams.live.com/v2/:54
[ 1676191ms] [WARNING] The icon "vNextSlideTextEdit" tried to unregister but was not registered. @ https://teams.live.com/v2/:54
[ 1676192ms] [WARNING] The icon "vNextSlideTextPerson" tried to unregister but was not registered. @ https://teams.live.com/v2/:54
[ 1676192ms] [WARNING] The icon "vNextSpace3D" tried to unregister but was not registered. @ https://teams.live.com/v2/:54
[ 1676192ms] [WARNING] The icon "vNextSubscribe" tried to unregister but was not registered. @ https://teams.live.com/v2/:54
[ 1676192ms] [WARNING] The icon "vNextTag" tried to unregister but was not registered. @ https://teams.live.com/v2/:54
[ 1676192ms] [WARNING] The icon "vNextTaskListSquarePerson" tried to unregister but was not registered. @ https://teams.live.com/v2/:54
[ 1676192ms] [WARNING] The icon "vNextTextBulletList" tried to unregister but was not registered. @ https://teams.live.com/v2/:54
[ 1676192ms] [WARNING] The icon "vNextThumbLike" tried to unregister but was not registered. @ https://teams.live.com/v2/:54
[ 1676192ms] [WARNING] The icon "vNextThumbDislike" tried to unregister but was not registered. @ https://teams.live.com/v2/:54
[ 1676192ms] [WARNING] The icon "vNextUnsubscribe" tried to unregister but was not registered. @ https://teams.live.com/v2/:54
[ 1676192ms] [WARNING] The icon "vNextVideoAdd" tried to unregister but was not registered. @ https://teams.live.com/v2/:54
[ 1676192ms] [WARNING] The icon "vNextVideoPeople" tried to unregister but was not registered. @ https://teams.live.com/v2/:54
[ 1676192ms] [WARNING] The icon "vNextWarning" tried to unregister but was not registered. @ https://teams.live.com/v2/:54
[ 1676192ms] [WARNING] The icon "vNextWork" tried to unregister but was not registered. @ https://teams.live.com/v2/:54
[ 1676192ms] [WARNING] The icon "VivaSalesLogo16Color" tried to unregister but was not registered. @ https://teams.live.com/v2/:54
[ 1676192ms] [WARNING] The icon "VivaSalesLogo16MonoFilled" tried to unregister but was not registered. @ https://teams.live.com/v2/:54
[ 1676192ms] [WARNING] The icon "VivaSalesLogo48Color" tried to unregister but was not registered. @ https://teams.live.com/v2/:54
[ 1676193ms] [WARNING] The icon "vNextSkypeCircleCheck" tried to unregister but was not registered. @ https://teams.live.com/v2/:54
[ 1676193ms] [WARNING] The icon "vNextPresenceAvailableOof" tried to unregister but was not registered. @ https://teams.live.com/v2/:54
[ 1676193ms] [WARNING] The icon "vNextSkypeCircleClock" tried to unregister but was not registered. @ https://teams.live.com/v2/:54
[ 1676193ms] [WARNING] The icon "vNextPresenceBlocked" tried to unregister but was not registered. @ https://teams.live.com/v2/:54
[ 1676193ms] [WARNING] The icon "vNextCircleShapeSolid" tried to unregister but was not registered. @ https://teams.live.com/v2/:54
[ 1676193ms] [WARNING] The icon "vNextPresenceBusyOof" tried to unregister but was not registered. @ https://teams.live.com/v2/:54
[ 1676193ms] [WARNING] The icon "vNextSkypeCircleMinus" tried to unregister but was not registered. @ https://teams.live.com/v2/:54
[ 1676193ms] [WARNING] The icon "vNextPresenceDndOof" tried to unregister but was not registered. @ https://teams.live.com/v2/:54
[ 1676193ms] [WARNING] The icon "vNextCircleRing" tried to unregister but was not registered. @ https://teams.live.com/v2/:54
[ 1676193ms] [WARNING] The icon "vNextPresenceOof" tried to unregister but was not registered. @ https://teams.live.com/v2/:54
[ 1676193ms] [WARNING] The icon "vNextPresenceUnknown" tried to unregister but was not registered. @ https://teams.live.com/v2/:54
[ 1676194ms] [WARNING] The icon "SkypeCheck" tried to unregister but was not registered. @ https://teams.live.com/v2/:54
[ 1676194ms] [WARNING] The icon "SkypeClock" tried to unregister but was not registered. @ https://teams.live.com/v2/:54
[ 1676194ms] [WARNING] The icon "SkypeMinus" tried to unregister but was not registered. @ https://teams.live.com/v2/:54
[ 1676194ms] [WARNING] The icon "SkypeArrow" tried to unregister but was not registered. @ https://teams.live.com/v2/:54
[ 1676195ms] [WARNING] The icon "vNextContactCard" tried to unregister but was not registered. @ https://teams.live.com/v2/:54
[ 1676196ms] [WARNING] The icon "vNextOpen" tried to unregister but was not registered. @ https://teams.live.com/v2/:54
[ 1677066ms] [WARNING] The resource https://tflteams.public.onecdn.static.microsoft/teams-modular-packages/hashed-assets/496830-b9bc15da63f131f0.js was preloaded using link preload but not used within a few seconds from the window's load event. Please make sure it has an appropriate `as` value and it is preloaded intentionally. @ https://teams.live.com/v2/:0
[ 1677066ms] [WARNING] The resource https://tflteams.public.onecdn.static.microsoft/teams-modular-packages/hashed-assets/main-a8133ca1291681a9.js was preloaded using link preload but not used within a few seconds from the window's load event. Please make sure it has an appropriate `as` value and it is preloaded intentionally. @ https://teams.live.com/v2/:0
[ 1677066ms] [WARNING] The resource https://tflteams.public.onecdn.static.microsoft/teams-modular-packages/hashed-assets/462748-07d8fb6516d15b3a.js was preloaded using link preload but not used within a few seconds from the window's load event. Please make sure it has an appropriate `as` value and it is preloaded intentionally. @ https://teams.live.com/v2/:0
[ 1677066ms] [WARNING] The resource https://tflteams.public.onecdn.static.microsoft/teams-modular-packages/hashed-assets/griffel-dfdd1f508454ef43.css was preloaded using link preload but not used within a few seconds from the window's load event. Please make sure it has an appropriate `as` value and it is preloaded intentionally. @ https://teams.live.com/v2/:0
[ 1677066ms] [WARNING] The resource https://tflteams.public.onecdn.static.microsoft/teams-modular-packages/hashed-assets/runtime-ed6975aa83be09eb.js was preloaded using link preload but not used within a few seconds from the window's load event. Please make sure it has an appropriate `as` value and it is preloaded intentionally. @ https://teams.live.com/v2/:0
[ 1677066ms] [WARNING] The resource https://tflteams.public.onecdn.static.microsoft/teams-modular-packages/hashed-assets/54365-bfef35ea66ac127d.js was preloaded using link preload but not used within a few seconds from the window's load event. Please make sure it has an appropriate `as` value and it is preloaded intentionally. @ https://teams.live.com/v2/:0
[ 1677066ms] [WARNING] The resource https://tflteams.public.onecdn.static.microsoft/teams-modular-packages/hashed-assets/638055-b6de710a9541770e.js was preloaded using link preload but not used within a few seconds from the window's load event. Please make sure it has an appropriate `as` value and it is preloaded intentionally. @ https://teams.live.com/v2/:0
[ 1677066ms] [WARNING] The resource https://tflteams.public.onecdn.static.microsoft/teams-modular-packages/hashed-assets/525240-21b1eabb905beb7d.js was preloaded using link preload but not used within a few seconds from the window's load event. Please make sure it has an appropriate `as` value and it is preloaded intentionally. @ https://teams.live.com/v2/:0
[ 1677067ms] [WARNING] The resource https://tflteams.public.onecdn.static.microsoft/teams-modular-packages/hashed-assets/249566-274523e882e43004.js was preloaded using link preload but not used within a few seconds from the window's load event. Please make sure it has an appropriate `as` value and it is preloaded intentionally. @ https://teams.live.com/v2/:0
[ 1677067ms] [WARNING] The resource https://tflteams.public.onecdn.static.microsoft/teams-modular-packages/hashed-assets/341350-d9e8c91d801247f1.js was preloaded using link preload but not used within a few seconds from the window's load event. Please make sure it has an appropriate `as` value and it is preloaded intentionally. @ https://teams.live.com/v2/:0
[ 1677067ms] [WARNING] The resource https://tflteams.public.onecdn.static.microsoft/teams-modular-packages/hashed-assets/integrities-13e930e6a8f14a4c9cae.js was preloaded using link preload but not used within a few seconds from the window's load event. Please make sure it has an appropriate `as` value and it is preloaded intentionally. @ https://teams.live.com/v2/:0
[ 1677067ms] [WARNING] The resource https://tflteams.public.onecdn.static.microsoft/teams-modular-packages/hashed-assets/158884-70f571c7e70b86a5.js was preloaded using link preload but not used within a few seconds from the window's load event. Please make sure it has an appropriate `as` value and it is preloaded intentionally. @ https://teams.live.com/v2/:0
[ 1678197ms] [WARNING] Some icons were re-registered. Applications should only call registerIcons for any given icon once. Redefining what an icon is may have unintended consequences. Duplicates include: 
vNextContactCard, vNextOpen, vNextContactCard, vNextOpen @ https://teams.live.com/v2/:54
[ 1679435ms] [INFO] Compiling or instantiating a WebAssembly module violates the following Content Security policy directive because 'unsafe-eval' is not an allowed source of script: "script-src 'nonce-mpJxGoxHnfqwE1l9ONyokQ==' 'report-sample' https://tflteams.public.onecdn.static.microsoft local.teams.microsoft.invalid accounts.google.com/gsi/client res-1.cdn.office.net res.cdn.office.net res-2.cdn.office.net res-sdf.cdn.office.net res-1-sdf.cdn.office.net c1-powerpoint-15.cdn.office.net c4-powerpoint-15.cdn.office.net c5-powerpoint-15.cdn.office.net". The policy is report-only, so the violation has been logged but no further action has been taken. @ https://tflteams.public.onecdn.static.microsoft/teams-modular-packages/hashed-assets/calling-webcv-dace7ce71f6ba381.js:0
[ 1679513ms] [LOG] [floodgate] Floodgate module loaded @ https://teams.live.com/v2/:54
[ 1681516ms] [WARNING] Some icons were re-registered. Applications should only call registerIcons for any given icon once. Redefining what an icon is may have unintended consequences. Duplicates include: 
SkypeCheck, SkypeClock, SkypeMinus, SkypeArrow @ https://teams.live.com/v2/:54
[ 1684916ms] [WARNING] The resource https://tflteams.public.onecdn.static.microsoft/teams-modular-packages/hashed-assets/496830-b9bc15da63f131f0.js was preloaded using link preload but not used within a few seconds from the window's load event. Please make sure it has an appropriate `as` value and it is preloaded intentionally. @ https://teams.live.com/v2/:0
[ 1684917ms] [WARNING] The resource https://tflteams.public.onecdn.static.microsoft/teams-modular-packages/hashed-assets/main-a8133ca1291681a9.js was preloaded using link preload but not used within a few seconds from the window's load event. Please make sure it has an appropriate `as` value and it is preloaded intentionally. @ https://teams.live.com/v2/:0
[ 1684917ms] [WARNING] The resource https://tflteams.public.onecdn.static.microsoft/teams-modular-packages/hashed-assets/462748-07d8fb6516d15b3a.js was preloaded using link preload but not used within a few seconds from the window's load event. Please make sure it has an appropriate `as` value and it is preloaded intentionally. @ https://teams.live.com/v2/:0
[ 1684917ms] [WARNING] The resource https://tflteams.public.onecdn.static.microsoft/teams-modular-packages/hashed-assets/griffel-dfdd1f508454ef43.css was preloaded using link preload but not used within a few seconds from the window's load event. Please make sure it has an appropriate `as` value and it is preloaded intentionally. @ https://teams.live.com/v2/:0
[ 1684917ms] [WARNING] The resource https://tflteams.public.onecdn.static.microsoft/teams-modular-packages/hashed-assets/runtime-ed6975aa83be09eb.js was preloaded using link preload but not used within a few seconds from the window's load event. Please make sure it has an appropriate `as` value and it is preloaded intentionally. @ https://teams.live.com/v2/:0
[ 1684917ms] [WARNING] The resource https://tflteams.public.onecdn.static.microsoft/teams-modular-packages/hashed-assets/54365-bfef35ea66ac127d.js was preloaded using link preload but not used within a few seconds from the window's load event. Please make sure it has an appropriate `as` value and it is preloaded intentionally. @ https://teams.live.com/v2/:0
[ 1684917ms] [WARNING] The resource https://tflteams.public.onecdn.static.microsoft/teams-modular-packages/hashed-assets/638055-b6de710a9541770e.js was preloaded using link preload but not used within a few seconds from the window's load event. Please make sure it has an appropriate `as` value and it is preloaded intentionally. @ https://teams.live.com/v2/:0
[ 1684917ms] [WARNING] The resource https://tflteams.public.onecdn.static.microsoft/teams-modular-packages/hashed-assets/525240-21b1eabb905beb7d.js was preloaded using link preload but not used within a few seconds from the window's load event. Please make sure it has an appropriate `as` value and it is preloaded intentionally. @ https://teams.live.com/v2/:0
[ 1684917ms] [WARNING] The resource https://tflteams.public.onecdn.static.microsoft/teams-modular-packages/hashed-assets/249566-274523e882e43004.js was preloaded using link preload but not used within a few seconds from the window's load event. Please make sure it has an appropriate `as` value and it is preloaded intentionally. @ https://teams.live.com/v2/:0
[ 1684917ms] [WARNING] The resource https://tflteams.public.onecdn.static.microsoft/teams-modular-packages/hashed-assets/341350-d9e8c91d801247f1.js was preloaded using link preload but not used within a few seconds from the window's load event. Please make sure it has an appropriate `as` value and it is preloaded intentionally. @ https://teams.live.com/v2/:0
[ 1684917ms] [WARNING] The resource https://tflteams.public.onecdn.static.microsoft/teams-modular-packages/hashed-assets/integrities-13e930e6a8f14a4c9cae.js was preloaded using link preload but not used within a few seconds from the window's load event. Please make sure it has an appropriate `as` value and it is preloaded intentionally. @ https://teams.live.com/v2/:0
[ 1684917ms] [WARNING] The resource https://tflteams.public.onecdn.static.microsoft/teams-modular-packages/hashed-assets/158884-70f571c7e70b86a5.js was preloaded using link preload but not used within a few seconds from the window's load event. Please make sure it has an appropriate `as` value and it is preloaded intentionally. @ https://teams.live.com/v2/:0
[ 1693139ms] [WARNING] The resource https://tflteams.public.onecdn.static.microsoft/teams-modular-packages/hashed-assets/496830-b9bc15da63f131f0.js was preloaded using link preload but not used within a few seconds from the window's load event. Please make sure it has an appropriate `as` value and it is preloaded intentionally. @ https://teams.live.com/v2/:0
[ 1693139ms] [WARNING] The resource https://tflteams.public.onecdn.static.microsoft/teams-modular-packages/hashed-assets/main-a8133ca1291681a9.js was preloaded using link preload but not used within a few seconds from the window's load event. Please make sure it has an appropriate `as` value and it is preloaded intentionally. @ https://teams.live.com/v2/:0
[ 1693139ms] [WARNING] The resource https://tflteams.public.onecdn.static.microsoft/teams-modular-packages/hashed-assets/462748-07d8fb6516d15b3a.js was preloaded using link preload but not used within a few seconds from the window's load event. Please make sure it has an appropriate `as` value and it is preloaded intentionally. @ https://teams.live.com/v2/:0
[ 1693139ms] [WARNING] The resource https://tflteams.public.onecdn.static.microsoft/teams-modular-packages/hashed-assets/griffel-dfdd1f508454ef43.css was preloaded using link preload but not used within a few seconds from the window's load event. Please make sure it has an appropriate `as` value and it is preloaded intentionally. @ https://teams.live.com/v2/:0
[ 1693139ms] [WARNING] The resource https://tflteams.public.onecdn.static.microsoft/teams-modular-packages/hashed-assets/runtime-ed6975aa83be09eb.js was preloaded using link preload but not used within a few seconds from the window's load event. Please make sure it has an appropriate `as` value and it is preloaded intentionally. @ https://teams.live.com/v2/:0
[ 1693139ms] [WARNING] The resource https://tflteams.public.onecdn.static.microsoft/teams-modular-packages/hashed-assets/54365-bfef35ea66ac127d.js was preloaded using link preload but not used within a few seconds from the window's load event. Please make sure it has an appropriate `as` value and it is preloaded intentionally. @ https://teams.live.com/v2/:0
[ 1693139ms] [WARNING] The resource https://tflteams.public.onecdn.static.microsoft/teams-modular-packages/hashed-assets/638055-b6de710a9541770e.js was preloaded using link preload but not used within a few seconds from the window's load event. Please make sure it has an appropriate `as` value and it is preloaded intentionally. @ https://teams.live.com/v2/:0
[ 1693139ms] [WARNING] The resource https://tflteams.public.onecdn.static.microsoft/teams-modular-packages/hashed-assets/525240-21b1eabb905beb7d.js was preloaded using link preload but not used within a few seconds from the window's load event. Please make sure it has an appropriate `as` value and it is preloaded intentionally. @ https://teams.live.com/v2/:0
[ 1693139ms] [WARNING] The resource https://tflteams.public.onecdn.static.microsoft/teams-modular-packages/hashed-assets/249566-274523e882e43004.js was preloaded using link preload but not used within a few seconds from the window's load event. Please make sure it has an appropriate `as` value and it is preloaded intentionally. @ https://teams.live.com/v2/:0
[ 1693139ms] [WARNING] The resource https://tflteams.public.onecdn.static.microsoft/teams-modular-packages/hashed-assets/341350-d9e8c91d801247f1.js was preloaded using link preload but not used within a few seconds from the window's load event. Please make sure it has an appropriate `as` value and it is preloaded intentionally. @ https://teams.live.com/v2/:0
[ 1693140ms] [WARNING] The resource https://tflteams.public.onecdn.static.microsoft/teams-modular-packages/hashed-assets/integrities-13e930e6a8f14a4c9cae.js was preloaded using link preload but not used within a few seconds from the window's load event. Please make sure it has an appropriate `as` value and it is preloaded intentionally. @ https://teams.live.com/v2/:0
[ 1693140ms] [WARNING] The resource https://tflteams.public.onecdn.static.microsoft/teams-modular-packages/hashed-assets/158884-70f571c7e70b86a5.js was preloaded using link preload but not used within a few seconds from the window's load event. Please make sure it has an appropriate `as` value and it is preloaded intentionally. @ https://teams.live.com/v2/:0
[ 1707397ms] [WARNING] The resource https://tflteams.public.onecdn.static.microsoft/teams-modular-packages/hashed-assets/496830-b9bc15da63f131f0.js was preloaded using link preload but not used within a few seconds from the window's load event. Please make sure it has an appropriate `as` value and it is preloaded intentionally. @ https://teams.live.com/v2/:0
[ 1707397ms] [WARNING] The resource https://tflteams.public.onecdn.static.microsoft/teams-modular-packages/hashed-assets/main-a8133ca1291681a9.js was preloaded using link preload but not used within a few seconds from the window's load event. Please make sure it has an appropriate `as` value and it is preloaded intentionally. @ https://teams.live.com/v2/:0
[ 1707397ms] [WARNING] The resource https://tflteams.public.onecdn.static.microsoft/teams-modular-packages/hashed-assets/462748-07d8fb6516d15b3a.js was preloaded using link preload but not used within a few seconds from the window's load event. Please make sure it has an appropriate `as` value and it is preloaded intentionally. @ https://teams.live.com/v2/:0
[ 1707397ms] [WARNING] The resource https://tflteams.public.onecdn.static.microsoft/teams-modular-packages/hashed-assets/griffel-dfdd1f508454ef43.css was preloaded using link preload but not used within a few seconds from the window's load event. Please make sure it has an appropriate `as` value and it is preloaded intentionally. @ https://teams.live.com/v2/:0
[ 1707397ms] [WARNING] The resource https://tflteams.public.onecdn.static.microsoft/teams-modular-packages/hashed-assets/runtime-ed6975aa83be09eb.js was preloaded using link preload but not used within a few seconds from the window's load event. Please make sure it has an appropriate `as` value and it is preloaded intentionally. @ https://teams.live.com/v2/:0
[ 1707397ms] [WARNING] The resource https://tflteams.public.onecdn.static.microsoft/teams-modular-packages/hashed-assets/54365-bfef35ea66ac127d.js was preloaded using link preload but not used within a few seconds from the window's load event. Please make sure it has an appropriate `as` value and it is preloaded intentionally. @ https://teams.live.com/v2/:0
[ 1707397ms] [WARNING] The resource https://tflteams.public.onecdn.static.microsoft/teams-modular-packages/hashed-assets/638055-b6de710a9541770e.js was preloaded using link preload but not used within a few seconds from the window's load event. Please make sure it has an appropriate `as` value and it is preloaded intentionally. @ https://teams.live.com/v2/:0
[ 1707397ms] [WARNING] The resource https://tflteams.public.onecdn.static.microsoft/teams-modular-packages/hashed-assets/525240-21b1eabb905beb7d.js was preloaded using link preload but not used within a few seconds from the window's load event. Please make sure it has an appropriate `as` value and it is preloaded intentionally. @ https://teams.live.com/v2/:0
[ 1707397ms] [WARNING] The resource https://tflteams.public.onecdn.static.microsoft/teams-modular-packages/hashed-assets/249566-274523e882e43004.js was preloaded using link preload but not used within a few seconds from the window's load event. Please make sure it has an appropriate `as` value and it is preloaded intentionally. @ https://teams.live.com/v2/:0
[ 1707397ms] [WARNING] The resource https://tflteams.public.onecdn.static.microsoft/teams-modular-packages/hashed-assets/341350-d9e8c91d801247f1.js was preloaded using link preload but not used within a few seconds from the window's load event. Please make sure it has an appropriate `as` value and it is preloaded intentionally. @ https://teams.live.com/v2/:0
[ 1707397ms] [WARNING] The resource https://tflteams.public.onecdn.static.microsoft/teams-modular-packages/hashed-assets/integrities-13e930e6a8f14a4c9cae.js was preloaded using link preload but not used within a few seconds from the window's load event. Please make sure it has an appropriate `as` value and it is preloaded intentionally. @ https://teams.live.com/v2/:0
[ 1707397ms] [WARNING] The resource https://tflteams.public.onecdn.static.microsoft/teams-modular-packages/hashed-assets/158884-70f571c7e70b86a5.js was preloaded using link preload but not used within a few seconds from the window's load event. Please make sure it has an appropriate `as` value and it is preloaded intentionally. @ https://teams.live.com/v2/:0
[ 1714117ms] [WARNING] The resource https://tflteams.public.onecdn.static.microsoft/teams-modular-packages/hashed-assets/496830-b9bc15da63f131f0.js was preloaded using link preload but not used within a few seconds from the window's load event. Please make sure it has an appropriate `as` value and it is preloaded intentionally. @ https://teams.live.com/v2/:0
[ 1714117ms] [WARNING] The resource https://tflteams.public.onecdn.static.microsoft/teams-modular-packages/hashed-assets/main-a8133ca1291681a9.js was preloaded using link preload but not used within a few seconds from the window's load event. Please make sure it has an appropriate `as` value and it is preloaded intentionally. @ https://teams.live.com/v2/:0
[ 1714117ms] [WARNING] The resource https://tflteams.public.onecdn.static.microsoft/teams-modular-packages/hashed-assets/462748-07d8fb6516d15b3a.js was preloaded using link preload but not used within a few seconds from the window's load event. Please make sure it has an appropriate `as` value and it is preloaded intentionally. @ https://teams.live.com/v2/:0
[ 1714117ms] [WARNING] The resource https://tflteams.public.onecdn.static.microsoft/teams-modular-packages/hashed-assets/griffel-dfdd1f508454ef43.css was preloaded using link preload but not used within a few seconds from the window's load event. Please make sure it has an appropriate `as` value and it is preloaded intentionally. @ https://teams.live.com/v2/:0
[ 1714117ms] [WARNING] The resource https://tflteams.public.onecdn.static.microsoft/teams-modular-packages/hashed-assets/runtime-ed6975aa83be09eb.js was preloaded using link preload but not used within a few seconds from the window's load event. Please make sure it has an appropriate `as` value and it is preloaded intentionally. @ https://teams.live.com/v2/:0
[ 1714117ms] [WARNING] The resource https://tflteams.public.onecdn.static.microsoft/teams-modular-packages/hashed-assets/54365-bfef35ea66ac127d.js was preloaded using link preload but not used within a few seconds from the window's load event. Please make sure it has an appropriate `as` value and it is preloaded intentionally. @ https://teams.live.com/v2/:0
[ 1714117ms] [WARNING] The resource https://tflteams.public.onecdn.static.microsoft/teams-modular-packages/hashed-assets/638055-b6de710a9541770e.js was preloaded using link preload but not used within a few seconds from the window's load event. Please make sure it has an appropriate `as` value and it is preloaded intentionally. @ https://teams.live.com/v2/:0
[ 1714117ms] [WARNING] The resource https://tflteams.public.onecdn.static.microsoft/teams-modular-packages/hashed-assets/525240-21b1eabb905beb7d.js was preloaded using link preload but not used within a few seconds from the window's load event. Please make sure it has an appropriate `as` value and it is preloaded intentionally. @ https://teams.live.com/v2/:0
[ 1714117ms] [WARNING] The resource https://tflteams.public.onecdn.static.microsoft/teams-modular-packages/hashed-assets/249566-274523e882e43004.js was preloaded using link preload but not used within a few seconds from the window's load event. Please make sure it has an appropriate `as` value and it is preloaded intentionally. @ https://teams.live.com/v2/:0
[ 1714117ms] [WARNING] The resource https://tflteams.public.onecdn.static.microsoft/teams-modular-packages/hashed-assets/341350-d9e8c91d801247f1.js was preloaded using link preload but not used within a few seconds from the window's load event. Please make sure it has an appropriate `as` value and it is preloaded intentionally. @ https://teams.live.com/v2/:0
[ 1714117ms] [WARNING] The resource https://tflteams.public.onecdn.static.microsoft/teams-modular-packages/hashed-assets/integrities-13e930e6a8f14a4c9cae.js was preloaded using link preload but not used within a few seconds from the window's load event. Please make sure it has an appropriate `as` value and it is preloaded intentionally. @ https://teams.live.com/v2/:0
[ 1714117ms] [WARNING] The resource https://tflteams.public.onecdn.static.microsoft/teams-modular-packages/hashed-assets/158884-70f571c7e70b86a5.js was preloaded using link preload but not used within a few seconds from the window's load event. Please make sure it has an appropriate `as` value and it is preloaded intentionally. @ https://teams.live.com/v2/:0
[ 1733180ms] [WARNING] The resource https://tflteams.public.onecdn.static.microsoft/teams-modular-packages/hashed-assets/496830-b9bc15da63f131f0.js was preloaded using link preload but not used within a few seconds from the window's load event. Please make sure it has an appropriate `as` value and it is preloaded intentionally. @ https://teams.live.com/v2/:0
[ 1733180ms] [WARNING] The resource https://tflteams.public.onecdn.static.microsoft/teams-modular-packages/hashed-assets/main-a8133ca1291681a9.js was preloaded using link preload but not used within a few seconds from the window's load event. Please make sure it has an appropriate `as` value and it is preloaded intentionally. @ https://teams.live.com/v2/:0
[ 1733180ms] [WARNING] The resource https://tflteams.public.onecdn.static.microsoft/teams-modular-packages/hashed-assets/462748-07d8fb6516d15b3a.js was preloaded using link preload but not used within a few seconds from the window's load event. Please make sure it has an appropriate `as` value and it is preloaded intentionally. @ https://teams.live.com/v2/:0
[ 1733180ms] [WARNING] The resource https://tflteams.public.onecdn.static.microsoft/teams-modular-packages/hashed-assets/griffel-dfdd1f508454ef43.css was preloaded using link preload but not used within a few seconds from the window's load event. Please make sure it has an appropriate `as` value and it is preloaded intentionally. @ https://teams.live.com/v2/:0
[ 1733180ms] [WARNING] The resource https://tflteams.public.onecdn.static.microsoft/teams-modular-packages/hashed-assets/runtime-ed6975aa83be09eb.js was preloaded using link preload but not used within a few seconds from the window's load event. Please make sure it has an appropriate `as` value and it is preloaded intentionally. @ https://teams.live.com/v2/:0
[ 1733181ms] [WARNING] The resource https://tflteams.public.onecdn.static.microsoft/teams-modular-packages/hashed-assets/54365-bfef35ea66ac127d.js was preloaded using link preload but not used within a few seconds from the window's load event. Please make sure it has an appropriate `as` value and it is preloaded intentionally. @ https://teams.live.com/v2/:0
[ 1733181ms] [WARNING] The resource https://tflteams.public.onecdn.static.microsoft/teams-modular-packages/hashed-assets/638055-b6de710a9541770e.js was preloaded using link preload but not used within a few seconds from the window's load event. Please make sure it has an appropriate `as` value and it is preloaded intentionally. @ https://teams.live.com/v2/:0
[ 1733181ms] [WARNING] The resource https://tflteams.public.onecdn.static.microsoft/teams-modular-packages/hashed-assets/525240-21b1eabb905beb7d.js was preloaded using link preload but not used within a few seconds from the window's load event. Please make sure it has an appropriate `as` value and it is preloaded intentionally. @ https://teams.live.com/v2/:0
[ 1733181ms] [WARNING] The resource https://tflteams.public.onecdn.static.microsoft/teams-modular-packages/hashed-assets/249566-274523e882e43004.js was preloaded using link preload but not used within a few seconds from the window's load event. Please make sure it has an appropriate `as` value and it is preloaded intentionally. @ https://teams.live.com/v2/:0
[ 1733181ms] [WARNING] The resource https://tflteams.public.onecdn.static.microsoft/teams-modular-packages/hashed-assets/341350-d9e8c91d801247f1.js was preloaded using link preload but not used within a few seconds from the window's load event. Please make sure it has an appropriate `as` value and it is preloaded intentionally. @ https://teams.live.com/v2/:0
[ 1733181ms] [WARNING] The resource https://tflteams.public.onecdn.static.microsoft/teams-modular-packages/hashed-assets/integrities-13e930e6a8f14a4c9cae.js was preloaded using link preload but not used within a few seconds from the window's load event. Please make sure it has an appropriate `as` value and it is preloaded intentionally. @ https://teams.live.com/v2/:0
[ 1733181ms] [WARNING] The resource https://tflteams.public.onecdn.static.microsoft/teams-modular-packages/hashed-assets/158884-70f571c7e70b86a5.js was preloaded using link preload but not used within a few seconds from the window's load event. Please make sure it has an appropriate `as` value and it is preloaded intentionally. @ https://teams.live.com/v2/:0
[ 1997529ms] [WARNING] The resource https://tflteams.public.onecdn.static.microsoft/teams-modular-packages/hashed-assets/496830-b9bc15da63f131f0.js was preloaded using link preload but not used within a few seconds from the window's load event. Please make sure it has an appropriate `as` value and it is preloaded intentionally. @ https://teams.live.com/v2/:0
[ 1997529ms] [WARNING] The resource https://tflteams.public.onecdn.static.microsoft/teams-modular-packages/hashed-assets/main-a8133ca1291681a9.js was preloaded using link preload but not used within a few seconds from the window's load event. Please make sure it has an appropriate `as` value and it is preloaded intentionally. @ https://teams.live.com/v2/:0
[ 1997529ms] [WARNING] The resource https://tflteams.public.onecdn.static.microsoft/teams-modular-packages/hashed-assets/462748-07d8fb6516d15b3a.js was preloaded using link preload but not used within a few seconds from the window's load event. Please make sure it has an appropriate `as` value and it is preloaded intentionally. @ https://teams.live.com/v2/:0
[ 1997529ms] [WARNING] The resource https://tflteams.public.onecdn.static.microsoft/teams-modular-packages/hashed-assets/griffel-dfdd1f508454ef43.css was preloaded using link preload but not used within a few seconds from the window's load event. Please make sure it has an appropriate `as` value and it is preloaded intentionally. @ https://teams.live.com/v2/:0
[ 1997529ms] [WARNING] The resource https://tflteams.public.onecdn.static.microsoft/teams-modular-packages/hashed-assets/runtime-ed6975aa83be09eb.js was preloaded using link preload but not used within a few seconds from the window's load event. Please make sure it has an appropriate `as` value and it is preloaded intentionally. @ https://teams.live.com/v2/:0
[ 1997529ms] [WARNING] The resource https://tflteams.public.onecdn.static.microsoft/teams-modular-packages/hashed-assets/54365-bfef35ea66ac127d.js was preloaded using link preload but not used within a few seconds from the window's load event. Please make sure it has an appropriate `as` value and it is preloaded intentionally. @ https://teams.live.com/v2/:0
[ 1997529ms] [WARNING] The resource https://tflteams.public.onecdn.static.microsoft/teams-modular-packages/hashed-assets/638055-b6de710a9541770e.js was preloaded using link preload but not used within a few seconds from the window's load event. Please make sure it has an appropriate `as` value and it is preloaded intentionally. @ https://teams.live.com/v2/:0
[ 1997529ms] [WARNING] The resource https://tflteams.public.onecdn.static.microsoft/teams-modular-packages/hashed-assets/525240-21b1eabb905beb7d.js was preloaded using link preload but not used within a few seconds from the window's load event. Please make sure it has an appropriate `as` value and it is preloaded intentionally. @ https://teams.live.com/v2/:0
[ 1997529ms] [WARNING] The resource https://tflteams.public.onecdn.static.microsoft/teams-modular-packages/hashed-assets/249566-274523e882e43004.js was preloaded using link preload but not used within a few seconds from the window's load event. Please make sure it has an appropriate `as` value and it is preloaded intentionally. @ https://teams.live.com/v2/:0
[ 1997529ms] [WARNING] The resource https://tflteams.public.onecdn.static.microsoft/teams-modular-packages/hashed-assets/341350-d9e8c91d801247f1.js was preloaded using link preload but not used within a few seconds from the window's load event. Please make sure it has an appropriate `as` value and it is preloaded intentionally. @ https://teams.live.com/v2/:0
[ 1997529ms] [WARNING] The resource https://tflteams.public.onecdn.static.microsoft/teams-modular-packages/hashed-assets/integrities-13e930e6a8f14a4c9cae.js was preloaded using link preload but not used within a few seconds from the window's load event. Please make sure it has an appropriate `as` value and it is preloaded intentionally. @ https://teams.live.com/v2/:0
[ 1997529ms] [WARNING] The resource https://tflteams.public.onecdn.static.microsoft/teams-modular-packages/hashed-assets/158884-70f571c7e70b86a5.js was preloaded using link preload but not used within a few seconds from the window's load event. Please make sure it has an appropriate `as` value and it is preloaded intentionally. @ https://teams.live.com/v2/:0
[ 2004009ms] [WARNING] getSerializedKeyForKeypath returned undefined key in InMemoryIndex for table: profiles, with index: email @ https://tflteams.public.onecdn.static.microsoft/teams-modular-packages/hashed-assets/precompiled-web-worker-inner~f-dbb3521f87730bb6.worker.js:43
[ 2004010ms] [WARNING] getSerializedKeyForKeypath returned undefined key in InMemoryIndex for table: profiles, with index: email @ https://tflteams.public.onecdn.static.microsoft/teams-modular-packages/hashed-assets/precompiled-web-worker-inner~f-dbb3521f87730bb6.worker.js:43
[ 2004010ms] [WARNING] getSerializedKeyForKeypath returned undefined key in InMemoryIndex for table: profiles, with index: email @ https://tflteams.public.onecdn.static.microsoft/teams-modular-packages/hashed-assets/precompiled-web-worker-inner~f-dbb3521f87730bb6.worker.js:43
[ 2004010ms] [WARNING] getSerializedKeyForKeypath returned undefined key in InMemoryIndex for table: profiles, with index: email @ https://tflteams.public.onecdn.static.microsoft/teams-modular-packages/hashed-assets/precompiled-web-worker-inner~f-dbb3521f87730bb6.worker.js:43
[ 2004010ms] [WARNING] getSerializedKeyForKeypath returned undefined key in InMemoryIndex for table: profiles, with index: email @ https://tflteams.public.onecdn.static.microsoft/teams-modular-packages/hashed-assets/precompiled-web-worker-inner~f-dbb3521f87730bb6.worker.js:43
[ 2004010ms] [WARNING] getSerializedKeyForKeypath returned undefined key in InMemoryIndex for table: profiles, with index: email @ https://tflteams.public.onecdn.static.microsoft/teams-modular-packages/hashed-assets/precompiled-web-worker-inner~f-dbb3521f87730bb6.worker.js:43
[ 2004010ms] [WARNING] getSerializedKeyForKeypath returned undefined key in InMemoryIndex for table: profiles, with index: email @ https://tflteams.public.onecdn.static.microsoft/teams-modular-packages/hashed-assets/precompiled-web-worker-inner~f-dbb3521f87730bb6.worker.js:43
[ 2004010ms] [WARNING] getSerializedKeyForKeypath returned undefined key in InMemoryIndex for table: profiles, with index: email @ https://tflteams.public.onecdn.static.microsoft/teams-modular-packages/hashed-assets/precompiled-web-worker-inner~f-dbb3521f87730bb6.worker.js:43
[ 2004010ms] [WARNING] getSerializedKeyForKeypath returned undefined key in InMemoryIndex for table: profiles, with index: email @ https://tflteams.public.onecdn.static.microsoft/teams-modular-packages/hashed-assets/precompiled-web-worker-inner~f-dbb3521f87730bb6.worker.js:43
[ 2004010ms] [WARNING] getSerializedKeyForKeypath returned undefined key in InMemoryIndex for table: profiles, with index: email @ https://tflteams.public.onecdn.static.microsoft/teams-modular-packages/hashed-assets/precompiled-web-worker-inner~f-dbb3521f87730bb6.worker.js:43
[ 2004011ms] [WARNING] getSerializedKeyForKeypath returned undefined key in InMemoryIndex for table: profiles, with index: email @ https://tflteams.public.onecdn.static.microsoft/teams-modular-packages/hashed-assets/precompiled-web-worker-inner~f-dbb3521f87730bb6.worker.js:43
[ 2004011ms] [WARNING] getSerializedKeyForKeypath returned undefined key in InMemoryIndex for table: profiles, with index: email @ https://tflteams.public.onecdn.static.microsoft/teams-modular-packages/hashed-assets/precompiled-web-worker-inner~f-dbb3521f87730bb6.worker.js:43
[ 2004011ms] [WARNING] getSerializedKeyForKeypath returned undefined key in InMemoryIndex for table: profiles, with index: email @ https://tflteams.public.onecdn.static.microsoft/teams-modular-packages/hashed-assets/precompiled-web-worker-inner~f-dbb3521f87730bb6.worker.js:43
[ 2004011ms] [WARNING] getSerializedKeyForKeypath returned undefined key in InMemoryIndex for table: profiles, with index: email @ https://tflteams.public.onecdn.static.microsoft/teams-modular-packages/hashed-assets/precompiled-web-worker-inner~f-dbb3521f87730bb6.worker.js:43
[ 2004011ms] [WARNING] getSerializedKeyForKeypath returned undefined key in InMemoryIndex for table: profiles, with index: email @ https://tflteams.public.onecdn.static.microsoft/teams-modular-packages/hashed-assets/precompiled-web-worker-inner~f-dbb3521f87730bb6.worker.js:43
[ 2004011ms] [WARNING] getSerializedKeyForKeypath returned undefined key in InMemoryIndex for table: profiles, with index: email @ https://tflteams.public.onecdn.static.microsoft/teams-modular-packages/hashed-assets/precompiled-web-worker-inner~f-dbb3521f87730bb6.worker.js:43
[ 2004011ms] [WARNING] getSerializedKeyForKeypath returned undefined key in InMemoryIndex for table: profiles, with index: email @ https://tflteams.public.onecdn.static.microsoft/teams-modular-packages/hashed-assets/precompiled-web-worker-inner~f-dbb3521f87730bb6.worker.js:43
[ 2004011ms] [WARNING] getSerializedKeyForKeypath returned undefined key in InMemoryIndex for table: profiles, with index: email @ https://tflteams.public.onecdn.static.microsoft/teams-modular-packages/hashed-assets/precompiled-web-worker-inner~f-dbb3521f87730bb6.worker.js:43
[ 2004011ms] [WARNING] getSerializedKeyForKeypath returned undefined key in InMemoryIndex for table: profiles, with index: email @ https://tflteams.public.onecdn.static.microsoft/teams-modular-packages/hashed-assets/precompiled-web-worker-inner~f-dbb3521f87730bb6.worker.js:43
[ 2004011ms] [WARNING] getSerializedKeyForKeypath returned undefined key in InMemoryIndex for table: profiles, with index: email @ https://tflteams.public.onecdn.static.microsoft/teams-modular-packages/hashed-assets/precompiled-web-worker-inner~f-dbb3521f87730bb6.worker.js:43
[ 2004012ms] [WARNING] getSerializedKeyForKeypath returned undefined key in InMemoryIndex for table: profiles, with index: email @ https://tflteams.public.onecdn.static.microsoft/teams-modular-packages/hashed-assets/precompiled-web-worker-inner~f-dbb3521f87730bb6.worker.js:43
[ 2004012ms] [WARNING] getSerializedKeyForKeypath returned undefined key in InMemoryIndex for table: profiles, with index: email @ https://tflteams.public.onecdn.static.microsoft/teams-modular-packages/hashed-assets/precompiled-web-worker-inner~f-dbb3521f87730bb6.worker.js:43
[ 2004012ms] [WARNING] getSerializedKeyForKeypath returned undefined key in InMemoryIndex for table: profiles, with index: email @ https://tflteams.public.onecdn.static.microsoft/teams-modular-packages/hashed-assets/precompiled-web-worker-inner~f-dbb3521f87730bb6.worker.js:43
[ 2004012ms] [WARNING] getSerializedKeyForKeypath returned undefined key in InMemoryIndex for table: profiles, with index: email @ https://tflteams.public.onecdn.static.microsoft/teams-modular-packages/hashed-assets/precompiled-web-worker-inner~f-dbb3521f87730bb6.worker.js:43
[ 2004012ms] [WARNING] getSerializedKeyForKeypath returned undefined key in InMemoryIndex for table: profiles, with index: email @ https://tflteams.public.onecdn.static.microsoft/teams-modular-packages/hashed-assets/precompiled-web-worker-inner~f-dbb3521f87730bb6.worker.js:43
[ 2004012ms] [WARNING] getSerializedKeyForKeypath returned undefined key in InMemoryIndex for table: profiles, with index: email @ https://tflteams.public.onecdn.static.microsoft/teams-modular-packages/hashed-assets/precompiled-web-worker-inner~f-dbb3521f87730bb6.worker.js:43
[ 2004012ms] [WARNING] getSerializedKeyForKeypath returned undefined key in InMemoryIndex for table: profiles, with index: email @ https://tflteams.public.onecdn.static.microsoft/teams-modular-packages/hashed-assets/precompiled-web-worker-inner~f-dbb3521f87730bb6.worker.js:43
[ 2004012ms] [WARNING] getSerializedKeyForKeypath returned undefined key in InMemoryIndex for table: profiles, with index: email @ https://tflteams.public.onecdn.static.microsoft/teams-modular-packages/hashed-assets/precompiled-web-worker-inner~f-dbb3521f87730bb6.worker.js:43
[ 2004012ms] [WARNING] getSerializedKeyForKeypath returned undefined key in InMemoryIndex for table: profiles, with index: email @ https://tflteams.public.onecdn.static.microsoft/teams-modular-packages/hashed-assets/precompiled-web-worker-inner~f-dbb3521f87730bb6.worker.js:43
[ 2004012ms] [WARNING] getSerializedKeyForKeypath returned undefined key in InMemoryIndex for table: profiles, with index: email @ https://tflteams.public.onecdn.static.microsoft/teams-modular-packages/hashed-assets/precompiled-web-worker-inner~f-dbb3521f87730bb6.worker.js:43
[ 2004038ms] [WARNING] getSerializedKeyForKeypath returned undefined key in InMemoryIndex for table: profiles, with index: email @ https://tflteams.public.onecdn.static.microsoft/teams-modular-packages/hashed-assets/precompiled-web-worker-inner~f-dbb3521f87730bb6.worker.js:43
[ 2004039ms] [WARNING] getSerializedKeyForKeypath returned undefined key in InMemoryIndex for table: profiles, with index: email @ https://tflteams.public.onecdn.static.microsoft/teams-modular-packages/hashed-assets/precompiled-web-worker-inner~f-dbb3521f87730bb6.worker.js:43
[ 2004039ms] [WARNING] getSerializedKeyForKeypath returned undefined key in InMemoryIndex for table: profiles, with index: email @ https://tflteams.public.onecdn.static.microsoft/teams-modular-packages/hashed-assets/precompiled-web-worker-inner~f-dbb3521f87730bb6.worker.js:43
[ 2004039ms] [WARNING] getSerializedKeyForKeypath returned undefined key in InMemoryIndex for table: profiles, with index: email @ https://tflteams.public.onecdn.static.microsoft/teams-modular-packages/hashed-assets/precompiled-web-worker-inner~f-dbb3521f87730bb6.worker.js:43
[ 2004039ms] [WARNING] getSerializedKeyForKeypath returned undefined key in InMemoryIndex for table: profiles, with index: email @ https://tflteams.public.onecdn.static.microsoft/teams-modular-packages/hashed-assets/precompiled-web-worker-inner~f-dbb3521f87730bb6.worker.js:43
[ 2004039ms] [WARNING] getSerializedKeyForKeypath returned undefined key in InMemoryIndex for table: profiles, with index: email @ https://tflteams.public.onecdn.static.microsoft/teams-modular-packages/hashed-assets/precompiled-web-worker-inner~f-dbb3521f87730bb6.worker.js:43
[ 2004040ms] [WARNING] getSerializedKeyForKeypath returned undefined key in InMemoryIndex for table: profiles, with index: email @ https://tflteams.public.onecdn.static.microsoft/teams-modular-packages/hashed-assets/precompiled-web-worker-inner~f-dbb3521f87730bb6.worker.js:43
[ 2004040ms] [WARNING] getSerializedKeyForKeypath returned undefined key in InMemoryIndex for table: profiles, with index: email @ https://tflteams.public.onecdn.static.microsoft/teams-modular-packages/hashed-assets/precompiled-web-worker-inner~f-dbb3521f87730bb6.worker.js:43
[ 2004040ms] [WARNING] getSerializedKeyForKeypath returned undefined key in InMemoryIndex for table: profiles, with index: email @ https://tflteams.public.onecdn.static.microsoft/teams-modular-packages/hashed-assets/precompiled-web-worker-inner~f-dbb3521f87730bb6.worker.js:43
[ 2004040ms] [WARNING] getSerializedKeyForKeypath returned undefined key in InMemoryIndex for table: profiles, with index: email @ https://tflteams.public.onecdn.static.microsoft/teams-modular-packages/hashed-assets/precompiled-web-worker-inner~f-dbb3521f87730bb6.worker.js:43
[ 2004040ms] [WARNING] getSerializedKeyForKeypath returned undefined key in InMemoryIndex for table: profiles, with index: email @ https://tflteams.public.onecdn.static.microsoft/teams-modular-packages/hashed-assets/precompiled-web-worker-inner~f-dbb3521f87730bb6.worker.js:43
[ 2004040ms] [WARNING] getSerializedKeyForKeypath returned undefined key in InMemoryIndex for table: profiles, with index: email @ https://tflteams.public.onecdn.static.microsoft/teams-modular-packages/hashed-assets/precompiled-web-worker-inner~f-dbb3521f87730bb6.worker.js:43
[ 2004040ms] [WARNING] getSerializedKeyForKeypath returned undefined key in InMemoryIndex for table: profiles, with index: email @ https://tflteams.public.onecdn.static.microsoft/teams-modular-packages/hashed-assets/precompiled-web-worker-inner~f-dbb3521f87730bb6.worker.js:43
[ 2004040ms] [WARNING] getSerializedKeyForKeypath returned undefined key in InMemoryIndex for table: profiles, with index: email @ https://tflteams.public.onecdn.static.microsoft/teams-modular-packages/hashed-assets/precompiled-web-worker-inner~f-dbb3521f87730bb6.worker.js:43
[ 2004041ms] [WARNING] getSerializedKeyForKeypath returned undefined key in InMemoryIndex for table: profiles, with index: email @ https://tflteams.public.onecdn.static.microsoft/teams-modular-packages/hashed-assets/precompiled-web-worker-inner~f-dbb3521f87730bb6.worker.js:43
[ 2004041ms] [WARNING] getSerializedKeyForKeypath returned undefined key in InMemoryIndex for table: profiles, with index: email @ https://tflteams.public.onecdn.static.microsoft/teams-modular-packages/hashed-assets/precompiled-web-worker-inner~f-dbb3521f87730bb6.worker.js:43
[ 2004041ms] [WARNING] getSerializedKeyForKeypath returned undefined key in InMemoryIndex for table: profiles, with index: email @ https://tflteams.public.onecdn.static.microsoft/teams-modular-packages/hashed-assets/precompiled-web-worker-inner~f-dbb3521f87730bb6.worker.js:43
[ 2004041ms] [WARNING] getSerializedKeyForKeypath returned undefined key in InMemoryIndex for table: profiles, with index: email @ https://tflteams.public.onecdn.static.microsoft/teams-modular-packages/hashed-assets/precompiled-web-worker-inner~f-dbb3521f87730bb6.worker.js:43
[ 2004041ms] [WARNING] getSerializedKeyForKeypath returned undefined key in InMemoryIndex for table: profiles, with index: email @ https://tflteams.public.onecdn.static.microsoft/teams-modular-packages/hashed-assets/precompiled-web-worker-inner~f-dbb3521f87730bb6.worker.js:43
[ 2004041ms] [WARNING] getSerializedKeyForKeypath returned undefined key in InMemoryIndex for table: profiles, with index: email @ https://tflteams.public.onecdn.static.microsoft/teams-modular-packages/hashed-assets/precompiled-web-worker-inner~f-dbb3521f87730bb6.worker.js:43
[ 2004041ms] [WARNING] getSerializedKeyForKeypath returned undefined key in InMemoryIndex for table: profiles, with index: email @ https://tflteams.public.onecdn.static.microsoft/teams-modular-packages/hashed-assets/precompiled-web-worker-inner~f-dbb3521f87730bb6.worker.js:43
[ 2004041ms] [WARNING] getSerializedKeyForKeypath returned undefined key in InMemoryIndex for table: profiles, with index: email @ https://tflteams.public.onecdn.static.microsoft/teams-modular-packages/hashed-assets/precompiled-web-worker-inner~f-dbb3521f87730bb6.worker.js:43
[ 2004042ms] [WARNING] getSerializedKeyForKeypath returned undefined key in InMemoryIndex for table: profiles, with index: email @ https://tflteams.public.onecdn.static.microsoft/teams-modular-packages/hashed-assets/precompiled-web-worker-inner~f-dbb3521f87730bb6.worker.js:43
[ 2004042ms] [WARNING] getSerializedKeyForKeypath returned undefined key in InMemoryIndex for table: profiles, with index: email @ https://tflteams.public.onecdn.static.microsoft/teams-modular-packages/hashed-assets/precompiled-web-worker-inner~f-dbb3521f87730bb6.worker.js:43
[ 2004042ms] [WARNING] getSerializedKeyForKeypath returned undefined key in InMemoryIndex for table: profiles, with index: email @ https://tflteams.public.onecdn.static.microsoft/teams-modular-packages/hashed-assets/precompiled-web-worker-inner~f-dbb3521f87730bb6.worker.js:43
[ 2004042ms] [WARNING] getSerializedKeyForKeypath returned undefined key in InMemoryIndex for table: profiles, with index: email @ https://tflteams.public.onecdn.static.microsoft/teams-modular-packages/hashed-assets/precompiled-web-worker-inner~f-dbb3521f87730bb6.worker.js:43
[ 2004042ms] [WARNING] getSerializedKeyForKeypath returned undefined key in InMemoryIndex for table: profiles, with index: email @ https://tflteams.public.onecdn.static.microsoft/teams-modular-packages/hashed-assets/precompiled-web-worker-inner~f-dbb3521f87730bb6.worker.js:43
[ 2004042ms] [WARNING] getSerializedKeyForKeypath returned undefined key in InMemoryIndex for table: profiles, with index: email @ https://tflteams.public.onecdn.static.microsoft/teams-modular-packages/hashed-assets/precompiled-web-worker-inner~f-dbb3521f87730bb6.worker.js:43
[ 2004042ms] [WARNING] getSerializedKeyForKeypath returned undefined key in InMemoryIndex for table: profiles, with index: email @ https://tflteams.public.onecdn.static.microsoft/teams-modular-packages/hashed-assets/precompiled-web-worker-inner~f-dbb3521f87730bb6.worker.js:43
[ 2004042ms] [WARNING] getSerializedKeyForKeypath returned undefined key in InMemoryIndex for table: profiles, with index: email @ https://tflteams.public.onecdn.static.microsoft/teams-modular-packages/hashed-assets/precompiled-web-worker-inner~f-dbb3521f87730bb6.worker.js:43
[ 2004042ms] [WARNING] getSerializedKeyForKeypath returned undefined key in InMemoryIndex for table: profiles, with index: email @ https://tflteams.public.onecdn.static.microsoft/teams-modular-packages/hashed-assets/precompiled-web-worker-inner~f-dbb3521f87730bb6.worker.js:43
[ 2004043ms] [WARNING] getSerializedKeyForKeypath returned undefined key in InMemoryIndex for table: profiles, with index: email @ https://tflteams.public.onecdn.static.microsoft/teams-modular-packages/hashed-assets/precompiled-web-worker-inner~f-dbb3521f87730bb6.worker.js:43
[ 2004043ms] [WARNING] getSerializedKeyForKeypath returned undefined key in InMemoryIndex for table: profiles, with index: email @ https://tflteams.public.onecdn.static.microsoft/teams-modular-packages/hashed-assets/precompiled-web-worker-inner~f-dbb3521f87730bb6.worker.js:43
[ 2004043ms] [WARNING] getSerializedKeyForKeypath returned undefined key in InMemoryIndex for table: profiles, with index: email @ https://tflteams.public.onecdn.static.microsoft/teams-modular-packages/hashed-assets/precompiled-web-worker-inner~f-dbb3521f87730bb6.worker.js:43
[ 2004043ms] [WARNING] getSerializedKeyForKeypath returned undefined key in InMemoryIndex for table: profiles, with index: email @ https://tflteams.public.onecdn.static.microsoft/teams-modular-packages/hashed-assets/precompiled-web-worker-inner~f-dbb3521f87730bb6.worker.js:43
[ 2004043ms] [WARNING] getSerializedKeyForKeypath returned undefined key in InMemoryIndex for table: profiles, with index: email @ https://tflteams.public.onecdn.static.microsoft/teams-modular-packages/hashed-assets/precompiled-web-worker-inner~f-dbb3521f87730bb6.worker.js:43
[ 2004043ms] [WARNING] getSerializedKeyForKeypath returned undefined key in InMemoryIndex for table: profiles, with index: email @ https://tflteams.public.onecdn.static.microsoft/teams-modular-packages/hashed-assets/precompiled-web-worker-inner~f-dbb3521f87730bb6.worker.js:43
[ 2004043ms] [WARNING] getSerializedKeyForKeypath returned undefined key in InMemoryIndex for table: profiles, with index: email @ https://tflteams.public.onecdn.static.microsoft/teams-modular-packages/hashed-assets/precompiled-web-worker-inner~f-dbb3521f87730bb6.worker.js:43
[ 2004587ms] [WARNING] getSerializedKeyForKeypath returned undefined key in InMemoryIndex for table: profiles, with index: email @ https://tflteams.public.onecdn.static.microsoft/teams-modular-packages/hashed-assets/precompiled-web-worker-inner~f-dbb3521f87730bb6.worker.js:43
[ 2004587ms] [WARNING] getSerializedKeyForKeypath returned undefined key in InMemoryIndex for table: profiles, with index: email @ https://tflteams.public.onecdn.static.microsoft/teams-modular-packages/hashed-assets/precompiled-web-worker-inner~f-dbb3521f87730bb6.worker.js:43
[ 2004587ms] [WARNING] getSerializedKeyForKeypath returned undefined key in InMemoryIndex for table: profiles, with index: email @ https://tflteams.public.onecdn.static.microsoft/teams-modular-packages/hashed-assets/precompiled-web-worker-inner~f-dbb3521f87730bb6.worker.js:43
[ 2004587ms] [WARNING] getSerializedKeyForKeypath returned undefined key in InMemoryIndex for table: profiles, with index: email @ https://tflteams.public.onecdn.static.microsoft/teams-modular-packages/hashed-assets/precompiled-web-worker-inner~f-dbb3521f87730bb6.worker.js:43
[ 2004587ms] [WARNING] getSerializedKeyForKeypath returned undefined key in InMemoryIndex for table: profiles, with index: email @ https://tflteams.public.onecdn.static.microsoft/teams-modular-packages/hashed-assets/precompiled-web-worker-inner~f-dbb3521f87730bb6.worker.js:43
[ 2004587ms] [WARNING] getSerializedKeyForKeypath returned undefined key in InMemoryIndex for table: profiles, with index: email @ https://tflteams.public.onecdn.static.microsoft/teams-modular-packages/hashed-assets/precompiled-web-worker-inner~f-dbb3521f87730bb6.worker.js:43
[ 2004587ms] [WARNING] getSerializedKeyForKeypath returned undefined key in InMemoryIndex for table: profiles, with index: email @ https://tflteams.public.onecdn.static.microsoft/teams-modular-packages/hashed-assets/precompiled-web-worker-inner~f-dbb3521f87730bb6.worker.js:43
[ 2004587ms] [WARNING] getSerializedKeyForKeypath returned undefined key in InMemoryIndex for table: profiles, with index: email @ https://tflteams.public.onecdn.static.microsoft/teams-modular-packages/hashed-assets/precompiled-web-worker-inner~f-dbb3521f87730bb6.worker.js:43
[ 2004587ms] [WARNING] getSerializedKeyForKeypath returned undefined key in InMemoryIndex for table: profiles, with index: email @ https://tflteams.public.onecdn.static.microsoft/teams-modular-packages/hashed-assets/precompiled-web-worker-inner~f-dbb3521f87730bb6.worker.js:43
[ 2004588ms] [WARNING] getSerializedKeyForKeypath returned undefined key in InMemoryIndex for table: profiles, with index: email @ https://tflteams.public.onecdn.static.microsoft/teams-modular-packages/hashed-assets/precompiled-web-worker-inner~f-dbb3521f87730bb6.worker.js:43
[ 2004588ms] [WARNING] getSerializedKeyForKeypath returned undefined key in InMemoryIndex for table: profiles, with index: email @ https://tflteams.public.onecdn.static.microsoft/teams-modular-packages/hashed-assets/precompiled-web-worker-inner~f-dbb3521f87730bb6.worker.js:43
[ 2004588ms] [WARNING] getSerializedKeyForKeypath returned undefined key in InMemoryIndex for table: profiles, with index: email @ https://tflteams.public.onecdn.static.microsoft/teams-modular-packages/hashed-assets/precompiled-web-worker-inner~f-dbb3521f87730bb6.worker.js:43
[ 2004588ms] [WARNING] getSerializedKeyForKeypath returned undefined key in InMemoryIndex for table: profiles, with index: email @ https://tflteams.public.onecdn.static.microsoft/teams-modular-packages/hashed-assets/precompiled-web-worker-inner~f-dbb3521f87730bb6.worker.js:43
[ 2004588ms] [WARNING] getSerializedKeyForKeypath returned undefined key in InMemoryIndex for table: profiles, with index: email @ https://tflteams.public.onecdn.static.microsoft/teams-modular-packages/hashed-assets/precompiled-web-worker-inner~f-dbb3521f87730bb6.worker.js:43
[ 2004588ms] [WARNING] getSerializedKeyForKeypath returned undefined key in InMemoryIndex for table: profiles, with index: email @ https://tflteams.public.onecdn.static.microsoft/teams-modular-packages/hashed-assets/precompiled-web-worker-inner~f-dbb3521f87730bb6.worker.js:43
[ 2004588ms] [WARNING] getSerializedKeyForKeypath returned undefined key in InMemoryIndex for table: profiles, with index: email @ https://tflteams.public.onecdn.static.microsoft/teams-modular-packages/hashed-assets/precompiled-web-worker-inner~f-dbb3521f87730bb6.worker.js:43
[ 2004588ms] [WARNING] getSerializedKeyForKeypath returned undefined key in InMemoryIndex for table: profiles, with index: email @ https://tflteams.public.onecdn.static.microsoft/teams-modular-packages/hashed-assets/precompiled-web-worker-inner~f-dbb3521f87730bb6.worker.js:43
[ 2004588ms] [WARNING] getSerializedKeyForKeypath returned undefined key in InMemoryIndex for table: profiles, with index: email @ https://tflteams.public.onecdn.static.microsoft/teams-modular-packages/hashed-assets/precompiled-web-worker-inner~f-dbb3521f87730bb6.worker.js:43
[ 2004588ms] [WARNING] getSerializedKeyForKeypath returned undefined key in InMemoryIndex for table: profiles, with index: email @ https://tflteams.public.onecdn.static.microsoft/teams-modular-packages/hashed-assets/precompiled-web-worker-inner~f-dbb3521f87730bb6.worker.js:43
[ 2004588ms] [WARNING] getSerializedKeyForKeypath returned undefined key in InMemoryIndex for table: profiles, with index: email @ https://tflteams.public.onecdn.static.microsoft/teams-modular-packages/hashed-assets/precompiled-web-worker-inner~f-dbb3521f87730bb6.worker.js:43
[ 2004589ms] [WARNING] getSerializedKeyForKeypath returned undefined key in InMemoryIndex for table: profiles, with index: email @ https://tflteams.public.onecdn.static.microsoft/teams-modular-packages/hashed-assets/precompiled-web-worker-inner~f-dbb3521f87730bb6.worker.js:43
[ 2004589ms] [WARNING] getSerializedKeyForKeypath returned undefined key in InMemoryIndex for table: profiles, with index: email @ https://tflteams.public.onecdn.static.microsoft/teams-modular-packages/hashed-assets/precompiled-web-worker-inner~f-dbb3521f87730bb6.worker.js:43
[ 2004589ms] [WARNING] getSerializedKeyForKeypath returned undefined key in InMemoryIndex for table: profiles, with index: email @ https://tflteams.public.onecdn.static.microsoft/teams-modular-packages/hashed-assets/precompiled-web-worker-inner~f-dbb3521f87730bb6.worker.js:43
[ 2004589ms] [WARNING] getSerializedKeyForKeypath returned undefined key in InMemoryIndex for table: profiles, with index: email @ https://tflteams.public.onecdn.static.microsoft/teams-modular-packages/hashed-assets/precompiled-web-worker-inner~f-dbb3521f87730bb6.worker.js:43
[ 2004589ms] [WARNING] getSerializedKeyForKeypath returned undefined key in InMemoryIndex for table: profiles, with index: email @ https://tflteams.public.onecdn.static.microsoft/teams-modular-packages/hashed-assets/precompiled-web-worker-inner~f-dbb3521f87730bb6.worker.js:43
[ 2004589ms] [WARNING] getSerializedKeyForKeypath returned undefined key in InMemoryIndex for table: profiles, with index: email @ https://tflteams.public.onecdn.static.microsoft/teams-modular-packages/hashed-assets/precompiled-web-worker-inner~f-dbb3521f87730bb6.worker.js:43
[ 2004589ms] [WARNING] getSerializedKeyForKeypath returned undefined key in InMemoryIndex for table: profiles, with index: email @ https://tflteams.public.onecdn.static.microsoft/teams-modular-packages/hashed-assets/precompiled-web-worker-inner~f-dbb3521f87730bb6.worker.js:43
[ 2004589ms] [WARNING] getSerializedKeyForKeypath returned undefined key in InMemoryIndex for table: profiles, with index: email @ https://tflteams.public.onecdn.static.microsoft/teams-modular-packages/hashed-assets/precompiled-web-worker-inner~f-dbb3521f87730bb6.worker.js:43
[ 2004589ms] [WARNING] getSerializedKeyForKeypath returned undefined key in InMemoryIndex for table: profiles, with index: email @ https://tflteams.public.onecdn.static.microsoft/teams-modular-packages/hashed-assets/precompiled-web-worker-inner~f-dbb3521f87730bb6.worker.js:43
[ 2004589ms] [WARNING] getSerializedKeyForKeypath returned undefined key in InMemoryIndex for table: profiles, with index: email @ https://tflteams.public.onecdn.static.microsoft/teams-modular-packages/hashed-assets/precompiled-web-worker-inner~f-dbb3521f87730bb6.worker.js:43
[ 2004590ms] [WARNING] getSerializedKeyForKeypath returned undefined key in InMemoryIndex for table: profiles, with index: email @ https://tflteams.public.onecdn.static.microsoft/teams-modular-packages/hashed-assets/precompiled-web-worker-inner~f-dbb3521f87730bb6.worker.js:43
[ 2004590ms] [WARNING] getSerializedKeyForKeypath returned undefined key in InMemoryIndex for table: profiles, with index: email @ https://tflteams.public.onecdn.static.microsoft/teams-modular-packages/hashed-assets/precompiled-web-worker-inner~f-dbb3521f87730bb6.worker.js:43
[ 2004590ms] [WARNING] getSerializedKeyForKeypath returned undefined key in InMemoryIndex for table: profiles, with index: email @ https://tflteams.public.onecdn.static.microsoft/teams-modular-packages/hashed-assets/precompiled-web-worker-inner~f-dbb3521f87730bb6.worker.js:43
[ 2004590ms] [WARNING] getSerializedKeyForKeypath returned undefined key in InMemoryIndex for table: profiles, with index: email @ https://tflteams.public.onecdn.static.microsoft/teams-modular-packages/hashed-assets/precompiled-web-worker-inner~f-dbb3521f87730bb6.worker.js:43
[ 2004590ms] [WARNING] getSerializedKeyForKeypath returned undefined key in InMemoryIndex for table: profiles, with index: email @ https://tflteams.public.onecdn.static.microsoft/teams-modular-packages/hashed-assets/precompiled-web-worker-inner~f-dbb3521f87730bb6.worker.js:43
[ 2004590ms] [WARNING] getSerializedKeyForKeypath returned undefined key in InMemoryIndex for table: profiles, with index: email @ https://tflteams.public.onecdn.static.microsoft/teams-modular-packages/hashed-assets/precompiled-web-worker-inner~f-dbb3521f87730bb6.worker.js:43
[ 2004590ms] [WARNING] getSerializedKeyForKeypath returned undefined key in InMemoryIndex for table: profiles, with index: email @ https://tflteams.public.onecdn.static.microsoft/teams-modular-packages/hashed-assets/precompiled-web-worker-inner~f-dbb3521f87730bb6.worker.js:43
[ 2004590ms] [WARNING] getSerializedKeyForKeypath returned undefined key in InMemoryIndex for table: profiles, with index: email @ https://tflteams.public.onecdn.static.microsoft/teams-modular-packages/hashed-assets/precompiled-web-worker-inner~f-dbb3521f87730bb6.worker.js:43
[ 2005018ms] [WARNING] The resource https://tflteams.public.onecdn.static.microsoft/teams-modular-packages/hashed-assets/496830-b9bc15da63f131f0.js was preloaded using link preload but not used within a few seconds from the window's load event. Please make sure it has an appropriate `as` value and it is preloaded intentionally. @ https://teams.live.com/v2/:0
[ 2005018ms] [WARNING] The resource https://tflteams.public.onecdn.static.microsoft/teams-modular-packages/hashed-assets/main-a8133ca1291681a9.js was preloaded using link preload but not used within a few seconds from the window's load event. Please make sure it has an appropriate `as` value and it is preloaded intentionally. @ https://teams.live.com/v2/:0
[ 2005018ms] [WARNING] The resource https://tflteams.public.onecdn.static.microsoft/teams-modular-packages/hashed-assets/462748-07d8fb6516d15b3a.js was preloaded using link preload but not used within a few seconds from the window's load event. Please make sure it has an appropriate `as` value and it is preloaded intentionally. @ https://teams.live.com/v2/:0
[ 2005018ms] [WARNING] The resource https://tflteams.public.onecdn.static.microsoft/teams-modular-packages/hashed-assets/griffel-dfdd1f508454ef43.css was preloaded using link preload but not used within a few seconds from the window's load event. Please make sure it has an appropriate `as` value and it is preloaded intentionally. @ https://teams.live.com/v2/:0
[ 2005018ms] [WARNING] The resource https://tflteams.public.onecdn.static.microsoft/teams-modular-packages/hashed-assets/runtime-ed6975aa83be09eb.js was preloaded using link preload but not used within a few seconds from the window's load event. Please make sure it has an appropriate `as` value and it is preloaded intentionally. @ https://teams.live.com/v2/:0
[ 2005018ms] [WARNING] The resource https://tflteams.public.onecdn.static.microsoft/teams-modular-packages/hashed-assets/54365-bfef35ea66ac127d.js was preloaded using link preload but not used within a few seconds from the window's load event. Please make sure it has an appropriate `as` value and it is preloaded intentionally. @ https://teams.live.com/v2/:0
[ 2005018ms] [WARNING] The resource https://tflteams.public.onecdn.static.microsoft/teams-modular-packages/hashed-assets/638055-b6de710a9541770e.js was preloaded using link preload but not used within a few seconds from the window's load event. Please make sure it has an appropriate `as` value and it is preloaded intentionally. @ https://teams.live.com/v2/:0
[ 2005018ms] [WARNING] The resource https://tflteams.public.onecdn.static.microsoft/teams-modular-packages/hashed-assets/525240-21b1eabb905beb7d.js was preloaded using link preload but not used within a few seconds from the window's load event. Please make sure it has an appropriate `as` value and it is preloaded intentionally. @ https://teams.live.com/v2/:0
[ 2005018ms] [WARNING] The resource https://tflteams.public.onecdn.static.microsoft/teams-modular-packages/hashed-assets/249566-274523e882e43004.js was preloaded using link preload but not used within a few seconds from the window's load event. Please make sure it has an appropriate `as` value and it is preloaded intentionally. @ https://teams.live.com/v2/:0
[ 2005018ms] [WARNING] The resource https://tflteams.public.onecdn.static.microsoft/teams-modular-packages/hashed-assets/341350-d9e8c91d801247f1.js was preloaded using link preload but not used within a few seconds from the window's load event. Please make sure it has an appropriate `as` value and it is preloaded intentionally. @ https://teams.live.com/v2/:0
[ 2005018ms] [WARNING] The resource https://tflteams.public.onecdn.static.microsoft/teams-modular-packages/hashed-assets/integrities-13e930e6a8f14a4c9cae.js was preloaded using link preload but not used within a few seconds from the window's load event. Please make sure it has an appropriate `as` value and it is preloaded intentionally. @ https://teams.live.com/v2/:0
[ 2005018ms] [WARNING] The resource https://tflteams.public.onecdn.static.microsoft/teams-modular-packages/hashed-assets/158884-70f571c7e70b86a5.js was preloaded using link preload but not used within a few seconds from the window's load event. Please make sure it has an appropriate `as` value and it is preloaded intentionally. @ https://teams.live.com/v2/:0
[ 2017867ms] [WARNING] The resource https://tflteams.public.onecdn.static.microsoft/teams-modular-packages/hashed-assets/496830-b9bc15da63f131f0.js was preloaded using link preload but not used within a few seconds from the window's load event. Please make sure it has an appropriate `as` value and it is preloaded intentionally. @ https://teams.live.com/v2/:0
[ 2017867ms] [WARNING] The resource https://tflteams.public.onecdn.static.microsoft/teams-modular-packages/hashed-assets/main-a8133ca1291681a9.js was preloaded using link preload but not used within a few seconds from the window's load event. Please make sure it has an appropriate `as` value and it is preloaded intentionally. @ https://teams.live.com/v2/:0
[ 2017867ms] [WARNING] The resource https://tflteams.public.onecdn.static.microsoft/teams-modular-packages/hashed-assets/462748-07d8fb6516d15b3a.js was preloaded using link preload but not used within a few seconds from the window's load event. Please make sure it has an appropriate `as` value and it is preloaded intentionally. @ https://teams.live.com/v2/:0
[ 2017867ms] [WARNING] The resource https://tflteams.public.onecdn.static.microsoft/teams-modular-packages/hashed-assets/griffel-dfdd1f508454ef43.css was preloaded using link preload but not used within a few seconds from the window's load event. Please make sure it has an appropriate `as` value and it is preloaded intentionally. @ https://teams.live.com/v2/:0
[ 2017867ms] [WARNING] The resource https://tflteams.public.onecdn.static.microsoft/teams-modular-packages/hashed-assets/runtime-ed6975aa83be09eb.js was preloaded using link preload but not used within a few seconds from the window's load event. Please make sure it has an appropriate `as` value and it is preloaded intentionally. @ https://teams.live.com/v2/:0
[ 2017867ms] [WARNING] The resource https://tflteams.public.onecdn.static.microsoft/teams-modular-packages/hashed-assets/54365-bfef35ea66ac127d.js was preloaded using link preload but not used within a few seconds from the window's load event. Please make sure it has an appropriate `as` value and it is preloaded intentionally. @ https://teams.live.com/v2/:0
[ 2017867ms] [WARNING] The resource https://tflteams.public.onecdn.static.microsoft/teams-modular-packages/hashed-assets/638055-b6de710a9541770e.js was preloaded using link preload but not used within a few seconds from the window's load event. Please make sure it has an appropriate `as` value and it is preloaded intentionally. @ https://teams.live.com/v2/:0
[ 2017867ms] [WARNING] The resource https://tflteams.public.onecdn.static.microsoft/teams-modular-packages/hashed-assets/525240-21b1eabb905beb7d.js was preloaded using link preload but not used within a few seconds from the window's load event. Please make sure it has an appropriate `as` value and it is preloaded intentionally. @ https://teams.live.com/v2/:0
[ 2017867ms] [WARNING] The resource https://tflteams.public.onecdn.static.microsoft/teams-modular-packages/hashed-assets/249566-274523e882e43004.js was preloaded using link preload but not used within a few seconds from the window's load event. Please make sure it has an appropriate `as` value and it is preloaded intentionally. @ https://teams.live.com/v2/:0
[ 2017867ms] [WARNING] The resource https://tflteams.public.onecdn.static.microsoft/teams-modular-packages/hashed-assets/341350-d9e8c91d801247f1.js was preloaded using link preload but not used within a few seconds from the window's load event. Please make sure it has an appropriate `as` value and it is preloaded intentionally. @ https://teams.live.com/v2/:0
[ 2017867ms] [WARNING] The resource https://tflteams.public.onecdn.static.microsoft/teams-modular-packages/hashed-assets/integrities-13e930e6a8f14a4c9cae.js was preloaded using link preload but not used within a few seconds from the window's load event. Please make sure it has an appropriate `as` value and it is preloaded intentionally. @ https://teams.live.com/v2/:0
[ 2017867ms] [WARNING] The resource https://tflteams.public.onecdn.static.microsoft/teams-modular-packages/hashed-assets/158884-70f571c7e70b86a5.js was preloaded using link preload but not used within a few seconds from the window's load event. Please make sure it has an appropriate `as` value and it is preloaded intentionally. @ https://teams.live.com/v2/:0
[ 2050543ms] [WARNING] getSerializedKeyForKeypath returned undefined key in InMemoryIndex for table: profiles, with index: email @ https://tflteams.public.onecdn.static.microsoft/teams-modular-packages/hashed-assets/precompiled-web-worker-inner~f-dbb3521f87730bb6.worker.js:43
[ 2050543ms] [WARNING] getSerializedKeyForKeypath returned undefined key in InMemoryIndex for table: profiles, with index: email @ https://tflteams.public.onecdn.static.microsoft/teams-modular-packages/hashed-assets/precompiled-web-worker-inner~f-dbb3521f87730bb6.worker.js:43
[ 2050543ms] [WARNING] getSerializedKeyForKeypath returned undefined key in InMemoryIndex for table: profiles, with index: email @ https://tflteams.public.onecdn.static.microsoft/teams-modular-packages/hashed-assets/precompiled-web-worker-inner~f-dbb3521f87730bb6.worker.js:43
[ 2050543ms] [WARNING] getSerializedKeyForKeypath returned undefined key in InMemoryIndex for table: profiles, with index: email @ https://tflteams.public.onecdn.static.microsoft/teams-modular-packages/hashed-assets/precompiled-web-worker-inner~f-dbb3521f87730bb6.worker.js:43
[ 2050543ms] [WARNING] getSerializedKeyForKeypath returned undefined key in InMemoryIndex for table: profiles, with index: email @ https://tflteams.public.onecdn.static.microsoft/teams-modular-packages/hashed-assets/precompiled-web-worker-inner~f-dbb3521f87730bb6.worker.js:43
[ 2050544ms] [WARNING] getSerializedKeyForKeypath returned undefined key in InMemoryIndex for table: profiles, with index: email @ https://tflteams.public.onecdn.static.microsoft/teams-modular-packages/hashed-assets/precompiled-web-worker-inner~f-dbb3521f87730bb6.worker.js:43
[ 2050544ms] [WARNING] getSerializedKeyForKeypath returned undefined key in InMemoryIndex for table: profiles, with index: email @ https://tflteams.public.onecdn.static.microsoft/teams-modular-packages/hashed-assets/precompiled-web-worker-inner~f-dbb3521f87730bb6.worker.js:43
[ 2050544ms] [WARNING] getSerializedKeyForKeypath returned undefined key in InMemoryIndex for table: profiles, with index: email @ https://tflteams.public.onecdn.static.microsoft/teams-modular-packages/hashed-assets/precompiled-web-worker-inner~f-dbb3521f87730bb6.worker.js:43
[ 2050544ms] [WARNING] getSerializedKeyForKeypath returned undefined key in InMemoryIndex for table: profiles, with index: email @ https://tflteams.public.onecdn.static.microsoft/teams-modular-packages/hashed-assets/precompiled-web-worker-inner~f-dbb3521f87730bb6.worker.js:43
[ 2050544ms] [WARNING] getSerializedKeyForKeypath returned undefined key in InMemoryIndex for table: profiles, with index: email @ https://tflteams.public.onecdn.static.microsoft/teams-modular-packages/hashed-assets/precompiled-web-worker-inner~f-dbb3521f87730bb6.worker.js:43
[ 2050544ms] [WARNING] getSerializedKeyForKeypath returned undefined key in InMemoryIndex for table: profiles, with index: email @ https://tflteams.public.onecdn.static.microsoft/teams-modular-packages/hashed-assets/precompiled-web-worker-inner~f-dbb3521f87730bb6.worker.js:43
[ 2050544ms] [WARNING] getSerializedKeyForKeypath returned undefined key in InMemoryIndex for table: profiles, with index: email @ https://tflteams.public.onecdn.static.microsoft/teams-modular-packages/hashed-assets/precompiled-web-worker-inner~f-dbb3521f87730bb6.worker.js:43
[ 2050544ms] [WARNING] getSerializedKeyForKeypath returned undefined key in InMemoryIndex for table: profiles, with index: email @ https://tflteams.public.onecdn.static.microsoft/teams-modular-packages/hashed-assets/precompiled-web-worker-inner~f-dbb3521f87730bb6.worker.js:43
[ 2050544ms] [WARNING] getSerializedKeyForKeypath returned undefined key in InMemoryIndex for table: profiles, with index: email @ https://tflteams.public.onecdn.static.microsoft/teams-modular-packages/hashed-assets/precompiled-web-worker-inner~f-dbb3521f87730bb6.worker.js:43
[ 2050544ms] [WARNING] getSerializedKeyForKeypath returned undefined key in InMemoryIndex for table: profiles, with index: email @ https://tflteams.public.onecdn.static.microsoft/teams-modular-packages/hashed-assets/precompiled-web-worker-inner~f-dbb3521f87730bb6.worker.js:43
[ 2050544ms] [WARNING] getSerializedKeyForKeypath returned undefined key in InMemoryIndex for table: profiles, with index: email @ https://tflteams.public.onecdn.static.microsoft/teams-modular-packages/hashed-assets/precompiled-web-worker-inner~f-dbb3521f87730bb6.worker.js:43
[ 2050544ms] [WARNING] getSerializedKeyForKeypath returned undefined key in InMemoryIndex for table: profiles, with index: email @ https://tflteams.public.onecdn.static.microsoft/teams-modular-packages/hashed-assets/precompiled-web-worker-inner~f-dbb3521f87730bb6.worker.js:43
[ 2050544ms] [WARNING] getSerializedKeyForKeypath returned undefined key in InMemoryIndex for table: profiles, with index: email @ https://tflteams.public.onecdn.static.microsoft/teams-modular-packages/hashed-assets/precompiled-web-worker-inner~f-dbb3521f87730bb6.worker.js:43
[ 2050544ms] [WARNING] getSerializedKeyForKeypath returned undefined key in InMemoryIndex for table: profiles, with index: email @ https://tflteams.public.onecdn.static.microsoft/teams-modular-packages/hashed-assets/precompiled-web-worker-inner~f-dbb3521f87730bb6.worker.js:43
[ 2050544ms] [WARNING] getSerializedKeyForKeypath returned undefined key in InMemoryIndex for table: profiles, with index: email @ https://tflteams.public.onecdn.static.microsoft/teams-modular-packages/hashed-assets/precompiled-web-worker-inner~f-dbb3521f87730bb6.worker.js:43
[ 2050544ms] [WARNING] getSerializedKeyForKeypath returned undefined key in InMemoryIndex for table: profiles, with index: email @ https://tflteams.public.onecdn.static.microsoft/teams-modular-packages/hashed-assets/precompiled-web-worker-inner~f-dbb3521f87730bb6.worker.js:43
[ 2050814ms] [WARNING] getSerializedKeyForKeypath returned undefined key in InMemoryIndex for table: profiles, with index: email @ https://tflteams.public.onecdn.static.microsoft/teams-modular-packages/hashed-assets/precompiled-web-worker-inner~f-dbb3521f87730bb6.worker.js:43
[ 2050814ms] [WARNING] getSerializedKeyForKeypath returned undefined key in InMemoryIndex for table: profiles, with index: email @ https://tflteams.public.onecdn.static.microsoft/teams-modular-packages/hashed-assets/precompiled-web-worker-inner~f-dbb3521f87730bb6.worker.js:43
[ 2050814ms] [WARNING] getSerializedKeyForKeypath returned undefined key in InMemoryIndex for table: profiles, with index: email @ https://tflteams.public.onecdn.static.microsoft/teams-modular-packages/hashed-assets/precompiled-web-worker-inner~f-dbb3521f87730bb6.worker.js:43
[ 2050814ms] [WARNING] getSerializedKeyForKeypath returned undefined key in InMemoryIndex for table: profiles, with index: email @ https://tflteams.public.onecdn.static.microsoft/teams-modular-packages/hashed-assets/precompiled-web-worker-inner~f-dbb3521f87730bb6.worker.js:43
[ 2050814ms] [WARNING] getSerializedKeyForKeypath returned undefined key in InMemoryIndex for table: profiles, with index: email @ https://tflteams.public.onecdn.static.microsoft/teams-modular-packages/hashed-assets/precompiled-web-worker-inner~f-dbb3521f87730bb6.worker.js:43
[ 2050814ms] [WARNING] getSerializedKeyForKeypath returned undefined key in InMemoryIndex for table: profiles, with index: email @ https://tflteams.public.onecdn.static.microsoft/teams-modular-packages/hashed-assets/precompiled-web-worker-inner~f-dbb3521f87730bb6.worker.js:43
[ 2050814ms] [WARNING] getSerializedKeyForKeypath returned undefined key in InMemoryIndex for table: profiles, with index: email @ https://tflteams.public.onecdn.static.microsoft/teams-modular-packages/hashed-assets/precompiled-web-worker-inner~f-dbb3521f87730bb6.worker.js:43
[ 2050814ms] [WARNING] getSerializedKeyForKeypath returned undefined key in InMemoryIndex for table: profiles, with index: email @ https://tflteams.public.onecdn.static.microsoft/teams-modular-packages/hashed-assets/precompiled-web-worker-inner~f-dbb3521f87730bb6.worker.js:43
[ 2050814ms] [WARNING] getSerializedKeyForKeypath returned undefined key in InMemoryIndex for table: profiles, with index: email @ https://tflteams.public.onecdn.static.microsoft/teams-modular-packages/hashed-assets/precompiled-web-worker-inner~f-dbb3521f87730bb6.worker.js:43
[ 2050815ms] [WARNING] getSerializedKeyForKeypath returned undefined key in InMemoryIndex for table: profiles, with index: email @ https://tflteams.public.onecdn.static.microsoft/teams-modular-packages/hashed-assets/precompiled-web-worker-inner~f-dbb3521f87730bb6.worker.js:43
[ 2050815ms] [WARNING] getSerializedKeyForKeypath returned undefined key in InMemoryIndex for table: profiles, with index: email @ https://tflteams.public.onecdn.static.microsoft/teams-modular-packages/hashed-assets/precompiled-web-worker-inner~f-dbb3521f87730bb6.worker.js:43
[ 2050815ms] [WARNING] getSerializedKeyForKeypath returned undefined key in InMemoryIndex for table: profiles, with index: email @ https://tflteams.public.onecdn.static.microsoft/teams-modular-packages/hashed-assets/precompiled-web-worker-inner~f-dbb3521f87730bb6.worker.js:43
[ 2050815ms] [WARNING] getSerializedKeyForKeypath returned undefined key in InMemoryIndex for table: profiles, with index: email @ https://tflteams.public.onecdn.static.microsoft/teams-modular-packages/hashed-assets/precompiled-web-worker-inner~f-dbb3521f87730bb6.worker.js:43
[ 2050815ms] [WARNING] getSerializedKeyForKeypath returned undefined key in InMemoryIndex for table: profiles, with index: email @ https://tflteams.public.onecdn.static.microsoft/teams-modular-packages/hashed-assets/precompiled-web-worker-inner~f-dbb3521f87730bb6.worker.js:43
[ 2050815ms] [WARNING] getSerializedKeyForKeypath returned undefined key in InMemoryIndex for table: profiles, with index: email @ https://tflteams.public.onecdn.static.microsoft/teams-modular-packages/hashed-assets/precompiled-web-worker-inner~f-dbb3521f87730bb6.worker.js:43
[ 2050815ms] [WARNING] getSerializedKeyForKeypath returned undefined key in InMemoryIndex for table: profiles, with index: email @ https://tflteams.public.onecdn.static.microsoft/teams-modular-packages/hashed-assets/precompiled-web-worker-inner~f-dbb3521f87730bb6.worker.js:43
[ 2050815ms] [WARNING] getSerializedKeyForKeypath returned undefined key in InMemoryIndex for table: profiles, with index: email @ https://tflteams.public.onecdn.static.microsoft/teams-modular-packages/hashed-assets/precompiled-web-worker-inner~f-dbb3521f87730bb6.worker.js:43
[ 2050815ms] [WARNING] getSerializedKeyForKeypath returned undefined key in InMemoryIndex for table: profiles, with index: email @ https://tflteams.public.onecdn.static.microsoft/teams-modular-packages/hashed-assets/precompiled-web-worker-inner~f-dbb3521f87730bb6.worker.js:43
[ 2050815ms] [WARNING] getSerializedKeyForKeypath returned undefined key in InMemoryIndex for table: profiles, with index: email @ https://tflteams.public.onecdn.static.microsoft/teams-modular-packages/hashed-assets/precompiled-web-worker-inner~f-dbb3521f87730bb6.worker.js:43
[ 2050815ms] [WARNING] getSerializedKeyForKeypath returned undefined key in InMemoryIndex for table: profiles, with index: email @ https://tflteams.public.onecdn.static.microsoft/teams-modular-packages/hashed-assets/precompiled-web-worker-inner~f-dbb3521f87730bb6.worker.js:43
[ 2050815ms] [WARNING] getSerializedKeyForKeypath returned undefined key in InMemoryIndex for table: profiles, with index: email @ https://tflteams.public.onecdn.static.microsoft/teams-modular-packages/hashed-assets/precompiled-web-worker-inner~f-dbb3521f87730bb6.worker.js:43
[ 2050815ms] [WARNING] getSerializedKeyForKeypath returned undefined key in InMemoryIndex for table: profiles, with index: email @ https://tflteams.public.onecdn.static.microsoft/teams-modular-packages/hashed-assets/precompiled-web-worker-inner~f-dbb3521f87730bb6.worker.js:43
[ 2050815ms] [WARNING] getSerializedKeyForKeypath returned undefined key in InMemoryIndex for table: profiles, with index: email @ https://tflteams.public.onecdn.static.microsoft/teams-modular-packages/hashed-assets/precompiled-web-worker-inner~f-dbb3521f87730bb6.worker.js:43
[ 2050815ms] [WARNING] getSerializedKeyForKeypath returned undefined key in InMemoryIndex for table: profiles, with index: email @ https://tflteams.public.onecdn.static.microsoft/teams-modular-packages/hashed-assets/precompiled-web-worker-inner~f-dbb3521f87730bb6.worker.js:43
[ 2050816ms] [WARNING] getSerializedKeyForKeypath returned undefined key in InMemoryIndex for table: profiles, with index: email @ https://tflteams.public.onecdn.static.microsoft/teams-modular-packages/hashed-assets/precompiled-web-worker-inner~f-dbb3521f87730bb6.worker.js:43
[ 2050816ms] [WARNING] getSerializedKeyForKeypath returned undefined key in InMemoryIndex for table: profiles, with index: email @ https://tflteams.public.onecdn.static.microsoft/teams-modular-packages/hashed-assets/precompiled-web-worker-inner~f-dbb3521f87730bb6.worker.js:43
[ 2050816ms] [WARNING] getSerializedKeyForKeypath returned undefined key in InMemoryIndex for table: profiles, with index: email @ https://tflteams.public.onecdn.static.microsoft/teams-modular-packages/hashed-assets/precompiled-web-worker-inner~f-dbb3521f87730bb6.worker.js:43
[ 2050816ms] [WARNING] getSerializedKeyForKeypath returned undefined key in InMemoryIndex for table: profiles, with index: email @ https://tflteams.public.onecdn.static.microsoft/teams-modular-packages/hashed-assets/precompiled-web-worker-inner~f-dbb3521f87730bb6.worker.js:43
[ 2050816ms] [WARNING] getSerializedKeyForKeypath returned undefined key in InMemoryIndex for table: profiles, with index: email @ https://tflteams.public.onecdn.static.microsoft/teams-modular-packages/hashed-assets/precompiled-web-worker-inner~f-dbb3521f87730bb6.worker.js:43
[ 2050816ms] [WARNING] getSerializedKeyForKeypath returned undefined key in InMemoryIndex for table: profiles, with index: email @ https://tflteams.public.onecdn.static.microsoft/teams-modular-packages/hashed-assets/precompiled-web-worker-inner~f-dbb3521f87730bb6.worker.js:43
[ 2050816ms] [WARNING] getSerializedKeyForKeypath returned undefined key in InMemoryIndex for table: profiles, with index: email @ https://tflteams.public.onecdn.static.microsoft/teams-modular-packages/hashed-assets/precompiled-web-worker-inner~f-dbb3521f87730bb6.worker.js:43
[ 2050816ms] [WARNING] getSerializedKeyForKeypath returned undefined key in InMemoryIndex for table: profiles, with index: email @ https://tflteams.public.onecdn.static.microsoft/teams-modular-packages/hashed-assets/precompiled-web-worker-inner~f-dbb3521f87730bb6.worker.js:43
[ 2050816ms] [WARNING] getSerializedKeyForKeypath returned undefined key in InMemoryIndex for table: profiles, with index: email @ https://tflteams.public.onecdn.static.microsoft/teams-modular-packages/hashed-assets/precompiled-web-worker-inner~f-dbb3521f87730bb6.worker.js:43
[ 2050816ms] [WARNING] getSerializedKeyForKeypath returned undefined key in InMemoryIndex for table: profiles, with index: email @ https://tflteams.public.onecdn.static.microsoft/teams-modular-packages/hashed-assets/precompiled-web-worker-inner~f-dbb3521f87730bb6.worker.js:43
[ 2050816ms] [WARNING] getSerializedKeyForKeypath returned undefined key in InMemoryIndex for table: profiles, with index: email @ https://tflteams.public.onecdn.static.microsoft/teams-modular-packages/hashed-assets/precompiled-web-worker-inner~f-dbb3521f87730bb6.worker.js:43
[ 2050816ms] [WARNING] getSerializedKeyForKeypath returned undefined key in InMemoryIndex for table: profiles, with index: email @ https://tflteams.public.onecdn.static.microsoft/teams-modular-packages/hashed-assets/precompiled-web-worker-inner~f-dbb3521f87730bb6.worker.js:43
[ 2050816ms] [WARNING] getSerializedKeyForKeypath returned undefined key in InMemoryIndex for table: profiles, with index: email @ https://tflteams.public.onecdn.static.microsoft/teams-modular-packages/hashed-assets/precompiled-web-worker-inner~f-dbb3521f87730bb6.worker.js:43
[ 2050817ms] [WARNING] getSerializedKeyForKeypath returned undefined key in InMemoryIndex for table: profiles, with index: email @ https://tflteams.public.onecdn.static.microsoft/teams-modular-packages/hashed-assets/precompiled-web-worker-inner~f-dbb3521f87730bb6.worker.js:43
[ 2050832ms] [WARNING] getSerializedKeyForKeypath returned undefined key in InMemoryIndex for table: profiles, with index: email @ https://tflteams.public.onecdn.static.microsoft/teams-modular-packages/hashed-assets/precompiled-web-worker-inner~f-dbb3521f87730bb6.worker.js:43
[ 2050832ms] [WARNING] getSerializedKeyForKeypath returned undefined key in InMemoryIndex for table: profiles, with index: email @ https://tflteams.public.onecdn.static.microsoft/teams-modular-packages/hashed-assets/precompiled-web-worker-inner~f-dbb3521f87730bb6.worker.js:43
[ 2050832ms] [WARNING] getSerializedKeyForKeypath returned undefined key in InMemoryIndex for table: profiles, with index: email @ https://tflteams.public.onecdn.static.microsoft/teams-modular-packages/hashed-assets/precompiled-web-worker-inner~f-dbb3521f87730bb6.worker.js:43
[ 2050832ms] [WARNING] getSerializedKeyForKeypath returned undefined key in InMemoryIndex for table: profiles, with index: email @ https://tflteams.public.onecdn.static.microsoft/teams-modular-packages/hashed-assets/precompiled-web-worker-inner~f-dbb3521f87730bb6.worker.js:43
[ 2050832ms] [WARNING] getSerializedKeyForKeypath returned undefined key in InMemoryIndex for table: profiles, with index: email @ https://tflteams.public.onecdn.static.microsoft/teams-modular-packages/hashed-assets/precompiled-web-worker-inner~f-dbb3521f87730bb6.worker.js:43
[ 2050832ms] [WARNING] getSerializedKeyForKeypath returned undefined key in InMemoryIndex for table: profiles, with index: email @ https://tflteams.public.onecdn.static.microsoft/teams-modular-packages/hashed-assets/precompiled-web-worker-inner~f-dbb3521f87730bb6.worker.js:43
[ 2050832ms] [WARNING] getSerializedKeyForKeypath returned undefined key in InMemoryIndex for table: profiles, with index: email @ https://tflteams.public.onecdn.static.microsoft/teams-modular-packages/hashed-assets/precompiled-web-worker-inner~f-dbb3521f87730bb6.worker.js:43
[ 2050832ms] [WARNING] getSerializedKeyForKeypath returned undefined key in InMemoryIndex for table: profiles, with index: email @ https://tflteams.public.onecdn.static.microsoft/teams-modular-packages/hashed-assets/precompiled-web-worker-inner~f-dbb3521f87730bb6.worker.js:43
[ 2050832ms] [WARNING] getSerializedKeyForKeypath returned undefined key in InMemoryIndex for table: profiles, with index: email @ https://tflteams.public.onecdn.static.microsoft/teams-modular-packages/hashed-assets/precompiled-web-worker-inner~f-dbb3521f87730bb6.worker.js:43
[ 2050833ms] [WARNING] getSerializedKeyForKeypath returned undefined key in InMemoryIndex for table: profiles, with index: email @ https://tflteams.public.onecdn.static.microsoft/teams-modular-packages/hashed-assets/precompiled-web-worker-inner~f-dbb3521f87730bb6.worker.js:43
[ 2050833ms] [WARNING] getSerializedKeyForKeypath returned undefined key in InMemoryIndex for table: profiles, with index: email @ https://tflteams.public.onecdn.static.microsoft/teams-modular-packages/hashed-assets/precompiled-web-worker-inner~f-dbb3521f87730bb6.worker.js:43
[ 2050833ms] [WARNING] getSerializedKeyForKeypath returned undefined key in InMemoryIndex for table: profiles, with index: email @ https://tflteams.public.onecdn.static.microsoft/teams-modular-packages/hashed-assets/precompiled-web-worker-inner~f-dbb3521f87730bb6.worker.js:43
[ 2050833ms] [WARNING] getSerializedKeyForKeypath returned undefined key in InMemoryIndex for table: profiles, with index: email @ https://tflteams.public.onecdn.static.microsoft/teams-modular-packages/hashed-assets/precompiled-web-worker-inner~f-dbb3521f87730bb6.worker.js:43
[ 2050833ms] [WARNING] getSerializedKeyForKeypath returned undefined key in InMemoryIndex for table: profiles, with index: email @ https://tflteams.public.onecdn.static.microsoft/teams-modular-packages/hashed-assets/precompiled-web-worker-inner~f-dbb3521f87730bb6.worker.js:43
[ 2050833ms] [WARNING] getSerializedKeyForKeypath returned undefined key in InMemoryIndex for table: profiles, with index: email @ https://tflteams.public.onecdn.static.microsoft/teams-modular-packages/hashed-assets/precompiled-web-worker-inner~f-dbb3521f87730bb6.worker.js:43
[ 2050833ms] [WARNING] getSerializedKeyForKeypath returned undefined key in InMemoryIndex for table: profiles, with index: email @ https://tflteams.public.onecdn.static.microsoft/teams-modular-packages/hashed-assets/precompiled-web-worker-inner~f-dbb3521f87730bb6.worker.js:43
[ 2050833ms] [WARNING] getSerializedKeyForKeypath returned undefined key in InMemoryIndex for table: profiles, with index: email @ https://tflteams.public.onecdn.static.microsoft/teams-modular-packages/hashed-assets/precompiled-web-worker-inner~f-dbb3521f87730bb6.worker.js:43
[ 2050833ms] [WARNING] getSerializedKeyForKeypath returned undefined key in InMemoryIndex for table: profiles, with index: email @ https://tflteams.public.onecdn.static.microsoft/teams-modular-packages/hashed-assets/precompiled-web-worker-inner~f-dbb3521f87730bb6.worker.js:43
[ 2050833ms] [WARNING] getSerializedKeyForKeypath returned undefined key in InMemoryIndex for table: profiles, with index: email @ https://tflteams.public.onecdn.static.microsoft/teams-modular-packages/hashed-assets/precompiled-web-worker-inner~f-dbb3521f87730bb6.worker.js:43
[ 2050833ms] [WARNING] getSerializedKeyForKeypath returned undefined key in InMemoryIndex for table: profiles, with index: email @ https://tflteams.public.onecdn.static.microsoft/teams-modular-packages/hashed-assets/precompiled-web-worker-inner~f-dbb3521f87730bb6.worker.js:43
[ 2050833ms] [WARNING] getSerializedKeyForKeypath returned undefined key in InMemoryIndex for table: profiles, with index: email @ https://tflteams.public.onecdn.static.microsoft/teams-modular-packages/hashed-assets/precompiled-web-worker-inner~f-dbb3521f87730bb6.worker.js:43
[ 2050833ms] [WARNING] getSerializedKeyForKeypath returned undefined key in InMemoryIndex for table: profiles, with index: email @ https://tflteams.public.onecdn.static.microsoft/teams-modular-packages/hashed-assets/precompiled-web-worker-inner~f-dbb3521f87730bb6.worker.js:43
[ 2050834ms] [WARNING] getSerializedKeyForKeypath returned undefined key in InMemoryIndex for table: profiles, with index: email @ https://tflteams.public.onecdn.static.microsoft/teams-modular-packages/hashed-assets/precompiled-web-worker-inner~f-dbb3521f87730bb6.worker.js:43
[ 2050834ms] [WARNING] getSerializedKeyForKeypath returned undefined key in InMemoryIndex for table: profiles, with index: email @ https://tflteams.public.onecdn.static.microsoft/teams-modular-packages/hashed-assets/precompiled-web-worker-inner~f-dbb3521f87730bb6.worker.js:43
[ 2050834ms] [WARNING] getSerializedKeyForKeypath returned undefined key in InMemoryIndex for table: profiles, with index: email @ https://tflteams.public.onecdn.static.microsoft/teams-modular-packages/hashed-assets/precompiled-web-worker-inner~f-dbb3521f87730bb6.worker.js:43
[ 2050834ms] [WARNING] getSerializedKeyForKeypath returned undefined key in InMemoryIndex for table: profiles, with index: email @ https://tflteams.public.onecdn.static.microsoft/teams-modular-packages/hashed-assets/precompiled-web-worker-inner~f-dbb3521f87730bb6.worker.js:43
[ 2050834ms] [WARNING] getSerializedKeyForKeypath returned undefined key in InMemoryIndex for table: profiles, with index: email @ https://tflteams.public.onecdn.static.microsoft/teams-modular-packages/hashed-assets/precompiled-web-worker-inner~f-dbb3521f87730bb6.worker.js:43
[ 2050834ms] [WARNING] getSerializedKeyForKeypath returned undefined key in InMemoryIndex for table: profiles, with index: email @ https://tflteams.public.onecdn.static.microsoft/teams-modular-packages/hashed-assets/precompiled-web-worker-inner~f-dbb3521f87730bb6.worker.js:43
[ 2050834ms] [WARNING] getSerializedKeyForKeypath returned undefined key in InMemoryIndex for table: profiles, with index: email @ https://tflteams.public.onecdn.static.microsoft/teams-modular-packages/hashed-assets/precompiled-web-worker-inner~f-dbb3521f87730bb6.worker.js:43
[ 2050834ms] [WARNING] getSerializedKeyForKeypath returned undefined key in InMemoryIndex for table: profiles, with index: email @ https://tflteams.public.onecdn.static.microsoft/teams-modular-packages/hashed-assets/precompiled-web-worker-inner~f-dbb3521f87730bb6.worker.js:43
[ 2050835ms] [WARNING] getSerializedKeyForKeypath returned undefined key in InMemoryIndex for table: profiles, with index: email @ https://tflteams.public.onecdn.static.microsoft/teams-modular-packages/hashed-assets/precompiled-web-worker-inner~f-dbb3521f87730bb6.worker.js:43
[ 2050835ms] [WARNING] getSerializedKeyForKeypath returned undefined key in InMemoryIndex for table: profiles, with index: email @ https://tflteams.public.onecdn.static.microsoft/teams-modular-packages/hashed-assets/precompiled-web-worker-inner~f-dbb3521f87730bb6.worker.js:43
[ 2050836ms] [WARNING] getSerializedKeyForKeypath returned undefined key in InMemoryIndex for table: profiles, with index: email @ https://tflteams.public.onecdn.static.microsoft/teams-modular-packages/hashed-assets/precompiled-web-worker-inner~f-dbb3521f87730bb6.worker.js:43
[ 2050836ms] [WARNING] getSerializedKeyForKeypath returned undefined key in InMemoryIndex for table: profiles, with index: email @ https://tflteams.public.onecdn.static.microsoft/teams-modular-packages/hashed-assets/precompiled-web-worker-inner~f-dbb3521f87730bb6.worker.js:43
[ 2050836ms] [WARNING] getSerializedKeyForKeypath returned undefined key in InMemoryIndex for table: profiles, with index: email @ https://tflteams.public.onecdn.static.microsoft/teams-modular-packages/hashed-assets/precompiled-web-worker-inner~f-dbb3521f87730bb6.worker.js:43
[ 2050836ms] [WARNING] getSerializedKeyForKeypath returned undefined key in InMemoryIndex for table: profiles, with index: email @ https://tflteams.public.onecdn.static.microsoft/teams-modular-packages/hashed-assets/precompiled-web-worker-inner~f-dbb3521f87730bb6.worker.js:43
[ 2050836ms] [WARNING] getSerializedKeyForKeypath returned undefined key in InMemoryIndex for table: profiles, with index: email @ https://tflteams.public.onecdn.static.microsoft/teams-modular-packages/hashed-assets/precompiled-web-worker-inner~f-dbb3521f87730bb6.worker.js:43
[ 2050837ms] [WARNING] getSerializedKeyForKeypath returned undefined key in InMemoryIndex for table: profiles, with index: email @ https://tflteams.public.onecdn.static.microsoft/teams-modular-packages/hashed-assets/precompiled-web-worker-inner~f-dbb3521f87730bb6.worker.js:43
[ 2058670ms] [ERROR] Failed to load resource: the server responded with a status of 410 () @ https://urlp.asm.skype.com/v1/url/image/Thumbnail?url=https%3a%2f%2flh7-us.googleusercontent.com%2fdocs%2fAHkbwyISV3Jk5dO5h-yPiLmdMIDzlCjNMF_CF42EvEK5boRACMEllSrJ0LQ0AbAFVDm0qVzCmAlCgUx3Klx7Y6z1QBv33JfoTdHpbYy7u6kYXq8ggE22XAh8%3dw1200-h630-p:0
[ 2058711ms] [ERROR] Failed to load resource: the server responded with a status of 410 () @ https://urlp.asm.skype.com/v1/url/image/Thumbnail?url=https%3a%2f%2flh7-us.googleusercontent.com%2fdocs%2fAHkbwyISV3Jk5dO5h-yPiLmdMIDzlCjNMF_CF42EvEK5boRACMEllSrJ0LQ0AbAFVDm0qVzCmAlCgUx3Klx7Y6z1QBv33JfoTdHpbYy7u6kYXq8ggE22XAh8%3dw1200-h630-p:0
[ 2061947ms] [WARNING] getSerializedKeyForKeypath returned undefined key in InMemoryIndex for table: profiles, with index: email @ https://tflteams.public.onecdn.static.microsoft/teams-modular-packages/hashed-assets/precompiled-web-worker-inner~f-dbb3521f87730bb6.worker.js:43
[ 2061947ms] [WARNING] getSerializedKeyForKeypath returned undefined key in InMemoryIndex for table: profiles, with index: email @ https://tflteams.public.onecdn.static.microsoft/teams-modular-packages/hashed-assets/precompiled-web-worker-inner~f-dbb3521f87730bb6.worker.js:43
[ 2061947ms] [WARNING] getSerializedKeyForKeypath returned undefined key in InMemoryIndex for table: profiles, with index: email @ https://tflteams.public.onecdn.static.microsoft/teams-modular-packages/hashed-assets/precompiled-web-worker-inner~f-dbb3521f87730bb6.worker.js:43
[ 2061947ms] [WARNING] getSerializedKeyForKeypath returned undefined key in InMemoryIndex for table: profiles, with index: email @ https://tflteams.public.onecdn.static.microsoft/teams-modular-packages/hashed-assets/precompiled-web-worker-inner~f-dbb3521f87730bb6.worker.js:43
[ 2061947ms] [WARNING] getSerializedKeyForKeypath returned undefined key in InMemoryIndex for table: profiles, with index: email @ https://tflteams.public.onecdn.static.microsoft/teams-modular-packages/hashed-assets/precompiled-web-worker-inner~f-dbb3521f87730bb6.worker.js:43
[ 2061947ms] [WARNING] getSerializedKeyForKeypath returned undefined key in InMemoryIndex for table: profiles, with index: email @ https://tflteams.public.onecdn.static.microsoft/teams-modular-packages/hashed-assets/precompiled-web-worker-inner~f-dbb3521f87730bb6.worker.js:43
[ 2061947ms] [WARNING] getSerializedKeyForKeypath returned undefined key in InMemoryIndex for table: profiles, with index: email @ https://tflteams.public.onecdn.static.microsoft/teams-modular-packages/hashed-assets/precompiled-web-worker-inner~f-dbb3521f87730bb6.worker.js:43
[ 2061947ms] [WARNING] getSerializedKeyForKeypath returned undefined key in InMemoryIndex for table: profiles, with index: email @ https://tflteams.public.onecdn.static.microsoft/teams-modular-packages/hashed-assets/precompiled-web-worker-inner~f-dbb3521f87730bb6.worker.js:43
[ 2061948ms] [WARNING] getSerializedKeyForKeypath returned undefined key in InMemoryIndex for table: profiles, with index: email @ https://tflteams.public.onecdn.static.microsoft/teams-modular-packages/hashed-assets/precompiled-web-worker-inner~f-dbb3521f87730bb6.worker.js:43
[ 2061948ms] [WARNING] getSerializedKeyForKeypath returned undefined key in InMemoryIndex for table: profiles, with index: email @ https://tflteams.public.onecdn.static.microsoft/teams-modular-packages/hashed-assets/precompiled-web-worker-inner~f-dbb3521f87730bb6.worker.js:43
[ 2061948ms] [WARNING] getSerializedKeyForKeypath returned undefined key in InMemoryIndex for table: profiles, with index: email @ https://tflteams.public.onecdn.static.microsoft/teams-modular-packages/hashed-assets/precompiled-web-worker-inner~f-dbb3521f87730bb6.worker.js:43
[ 2061948ms] [WARNING] getSerializedKeyForKeypath returned undefined key in InMemoryIndex for table: profiles, with index: email @ https://tflteams.public.onecdn.static.microsoft/teams-modular-packages/hashed-assets/precompiled-web-worker-inner~f-dbb3521f87730bb6.worker.js:43
[ 2061948ms] [WARNING] getSerializedKeyForKeypath returned undefined key in InMemoryIndex for table: profiles, with index: email @ https://tflteams.public.onecdn.static.microsoft/teams-modular-packages/hashed-assets/precompiled-web-worker-inner~f-dbb3521f87730bb6.worker.js:43
[ 2061948ms] [WARNING] getSerializedKeyForKeypath returned undefined key in InMemoryIndex for table: profiles, with index: email @ https://tflteams.public.onecdn.static.microsoft/teams-modular-packages/hashed-assets/precompiled-web-worker-inner~f-dbb3521f87730bb6.worker.js:43
[ 2061948ms] [WARNING] getSerializedKeyForKeypath returned undefined key in InMemoryIndex for table: profiles, with index: email @ https://tflteams.public.onecdn.static.microsoft/teams-modular-packages/hashed-assets/precompiled-web-worker-inner~f-dbb3521f87730bb6.worker.js:43
[ 2061948ms] [WARNING] getSerializedKeyForKeypath returned undefined key in InMemoryIndex for table: profiles, with index: email @ https://tflteams.public.onecdn.static.microsoft/teams-modular-packages/hashed-assets/precompiled-web-worker-inner~f-dbb3521f87730bb6.worker.js:43
[ 2061948ms] [WARNING] getSerializedKeyForKeypath returned undefined key in InMemoryIndex for table: profiles, with index: email @ https://tflteams.public.onecdn.static.microsoft/teams-modular-packages/hashed-assets/precompiled-web-worker-inner~f-dbb3521f87730bb6.worker.js:43
[ 2061948ms] [WARNING] getSerializedKeyForKeypath returned undefined key in InMemoryIndex for table: profiles, with index: email @ https://tflteams.public.onecdn.static.microsoft/teams-modular-packages/hashed-assets/precompiled-web-worker-inner~f-dbb3521f87730bb6.worker.js:43
[ 2061948ms] [WARNING] getSerializedKeyForKeypath returned undefined key in InMemoryIndex for table: profiles, with index: email @ https://tflteams.public.onecdn.static.microsoft/teams-modular-packages/hashed-assets/precompiled-web-worker-inner~f-dbb3521f87730bb6.worker.js:43
[ 2061948ms] [WARNING] getSerializedKeyForKeypath returned undefined key in InMemoryIndex for table: profiles, with index: email @ https://tflteams.public.onecdn.static.microsoft/teams-modular-packages/hashed-assets/precompiled-web-worker-inner~f-dbb3521f87730bb6.worker.js:43
[ 2061948ms] [WARNING] getSerializedKeyForKeypath returned undefined key in InMemoryIndex for table: profiles, with index: email @ https://tflteams.public.onecdn.static.microsoft/teams-modular-packages/hashed-assets/precompiled-web-worker-inner~f-dbb3521f87730bb6.worker.js:43
[ 2061948ms] [WARNING] getSerializedKeyForKeypath returned undefined key in InMemoryIndex for table: profiles, with index: email @ https://tflteams.public.onecdn.static.microsoft/teams-modular-packages/hashed-assets/precompiled-web-worker-inner~f-dbb3521f87730bb6.worker.js:43
[ 2061948ms] [WARNING] getSerializedKeyForKeypath returned undefined key in InMemoryIndex for table: profiles, with index: email @ https://tflteams.public.onecdn.static.microsoft/teams-modular-packages/hashed-assets/precompiled-web-worker-inner~f-dbb3521f87730bb6.worker.js:43
[ 2066414ms] [WARNING] The resource https://tflteams.public.onecdn.static.microsoft/teams-modular-packages/hashed-assets/496830-b9bc15da63f131f0.js was preloaded using link preload but not used within a few seconds from the window's load event. Please make sure it has an appropriate `as` value and it is preloaded intentionally. @ https://teams.live.com/v2/:0
[ 2066414ms] [WARNING] The resource https://tflteams.public.onecdn.static.microsoft/teams-modular-packages/hashed-assets/main-a8133ca1291681a9.js was preloaded using link preload but not used within a few seconds from the window's load event. Please make sure it has an appropriate `as` value and it is preloaded intentionally. @ https://teams.live.com/v2/:0
[ 2066414ms] [WARNING] The resource https://tflteams.public.onecdn.static.microsoft/teams-modular-packages/hashed-assets/462748-07d8fb6516d15b3a.js was preloaded using link preload but not used within a few seconds from the window's load event. Please make sure it has an appropriate `as` value and it is preloaded intentionally. @ https://teams.live.com/v2/:0
[ 2066414ms] [WARNING] The resource https://tflteams.public.onecdn.static.microsoft/teams-modular-packages/hashed-assets/griffel-dfdd1f508454ef43.css was preloaded using link preload but not used within a few seconds from the window's load event. Please make sure it has an appropriate `as` value and it is preloaded intentionally. @ https://teams.live.com/v2/:0
[ 2066414ms] [WARNING] The resource https://tflteams.public.onecdn.static.microsoft/teams-modular-packages/hashed-assets/runtime-ed6975aa83be09eb.js was preloaded using link preload but not used within a few seconds from the window's load event. Please make sure it has an appropriate `as` value and it is preloaded intentionally. @ https://teams.live.com/v2/:0
[ 2066414ms] [WARNING] The resource https://tflteams.public.onecdn.static.microsoft/teams-modular-packages/hashed-assets/54365-bfef35ea66ac127d.js was preloaded using link preload but not used within a few seconds from the window's load event. Please make sure it has an appropriate `as` value and it is preloaded intentionally. @ https://teams.live.com/v2/:0
[ 2066414ms] [WARNING] The resource https://tflteams.public.onecdn.static.microsoft/teams-modular-packages/hashed-assets/638055-b6de710a9541770e.js was preloaded using link preload but not used within a few seconds from the window's load event. Please make sure it has an appropriate `as` value and it is preloaded intentionally. @ https://teams.live.com/v2/:0
[ 2066414ms] [WARNING] The resource https://tflteams.public.onecdn.static.microsoft/teams-modular-packages/hashed-assets/525240-21b1eabb905beb7d.js was preloaded using link preload but not used within a few seconds from the window's load event. Please make sure it has an appropriate `as` value and it is preloaded intentionally. @ https://teams.live.com/v2/:0
[ 2066414ms] [WARNING] The resource https://tflteams.public.onecdn.static.microsoft/teams-modular-packages/hashed-assets/249566-274523e882e43004.js was preloaded using link preload but not used within a few seconds from the window's load event. Please make sure it has an appropriate `as` value and it is preloaded intentionally. @ https://teams.live.com/v2/:0
[ 2066414ms] [WARNING] The resource https://tflteams.public.onecdn.static.microsoft/teams-modular-packages/hashed-assets/341350-d9e8c91d801247f1.js was preloaded using link preload but not used within a few seconds from the window's load event. Please make sure it has an appropriate `as` value and it is preloaded intentionally. @ https://teams.live.com/v2/:0
[ 2066414ms] [WARNING] The resource https://tflteams.public.onecdn.static.microsoft/teams-modular-packages/hashed-assets/integrities-13e930e6a8f14a4c9cae.js was preloaded using link preload but not used within a few seconds from the window's load event. Please make sure it has an appropriate `as` value and it is preloaded intentionally. @ https://teams.live.com/v2/:0
[ 2066414ms] [WARNING] The resource https://tflteams.public.onecdn.static.microsoft/teams-modular-packages/hashed-assets/158884-70f571c7e70b86a5.js was preloaded using link preload but not used within a few seconds from the window's load event. Please make sure it has an appropriate `as` value and it is preloaded intentionally. @ https://teams.live.com/v2/:0
[ 2567479ms] [WARNING] The resource https://tflteams.public.onecdn.static.microsoft/teams-modular-packages/hashed-assets/496830-b9bc15da63f131f0.js was preloaded using link preload but not used within a few seconds from the window's load event. Please make sure it has an appropriate `as` value and it is preloaded intentionally. @ https://teams.live.com/v2/:0
[ 2567479ms] [WARNING] The resource https://tflteams.public.onecdn.static.microsoft/teams-modular-packages/hashed-assets/main-a8133ca1291681a9.js was preloaded using link preload but not used within a few seconds from the window's load event. Please make sure it has an appropriate `as` value and it is preloaded intentionally. @ https://teams.live.com/v2/:0
[ 2567479ms] [WARNING] The resource https://tflteams.public.onecdn.static.microsoft/teams-modular-packages/hashed-assets/462748-07d8fb6516d15b3a.js was preloaded using link preload but not used within a few seconds from the window's load event. Please make sure it has an appropriate `as` value and it is preloaded intentionally. @ https://teams.live.com/v2/:0
[ 2567479ms] [WARNING] The resource https://tflteams.public.onecdn.static.microsoft/teams-modular-packages/hashed-assets/griffel-dfdd1f508454ef43.css was preloaded using link preload but not used within a few seconds from the window's load event. Please make sure it has an appropriate `as` value and it is preloaded intentionally. @ https://teams.live.com/v2/:0
[ 2567479ms] [WARNING] The resource https://tflteams.public.onecdn.static.microsoft/teams-modular-packages/hashed-assets/runtime-ed6975aa83be09eb.js was preloaded using link preload but not used within a few seconds from the window's load event. Please make sure it has an appropriate `as` value and it is preloaded intentionally. @ https://teams.live.com/v2/:0
[ 2567479ms] [WARNING] The resource https://tflteams.public.onecdn.static.microsoft/teams-modular-packages/hashed-assets/54365-bfef35ea66ac127d.js was preloaded using link preload but not used within a few seconds from the window's load event. Please make sure it has an appropriate `as` value and it is preloaded intentionally. @ https://teams.live.com/v2/:0
[ 2567479ms] [WARNING] The resource https://tflteams.public.onecdn.static.microsoft/teams-modular-packages/hashed-assets/638055-b6de710a9541770e.js was preloaded using link preload but not used within a few seconds from the window's load event. Please make sure it has an appropriate `as` value and it is preloaded intentionally. @ https://teams.live.com/v2/:0
[ 2567479ms] [WARNING] The resource https://tflteams.public.onecdn.static.microsoft/teams-modular-packages/hashed-assets/525240-21b1eabb905beb7d.js was preloaded using link preload but not used within a few seconds from the window's load event. Please make sure it has an appropriate `as` value and it is preloaded intentionally. @ https://teams.live.com/v2/:0
[ 2567479ms] [WARNING] The resource https://tflteams.public.onecdn.static.microsoft/teams-modular-packages/hashed-assets/249566-274523e882e43004.js was preloaded using link preload but not used within a few seconds from the window's load event. Please make sure it has an appropriate `as` value and it is preloaded intentionally. @ https://teams.live.com/v2/:0
[ 2567479ms] [WARNING] The resource https://tflteams.public.onecdn.static.microsoft/teams-modular-packages/hashed-assets/341350-d9e8c91d801247f1.js was preloaded using link preload but not used within a few seconds from the window's load event. Please make sure it has an appropriate `as` value and it is preloaded intentionally. @ https://teams.live.com/v2/:0
[ 2567480ms] [WARNING] The resource https://tflteams.public.onecdn.static.microsoft/teams-modular-packages/hashed-assets/integrities-13e930e6a8f14a4c9cae.js was preloaded using link preload but not used within a few seconds from the window's load event. Please make sure it has an appropriate `as` value and it is preloaded intentionally. @ https://teams.live.com/v2/:0
[ 2567480ms] [WARNING] The resource https://tflteams.public.onecdn.static.microsoft/teams-modular-packages/hashed-assets/158884-70f571c7e70b86a5.js was preloaded using link preload but not used within a few seconds from the window's load event. Please make sure it has an appropriate `as` value and it is preloaded intentionally. @ https://teams.live.com/v2/:0
[ 2596148ms] [WARNING] The resource https://tflteams.public.onecdn.static.microsoft/teams-modular-packages/hashed-assets/496830-b9bc15da63f131f0.js was preloaded using link preload but not used within a few seconds from the window's load event. Please make sure it has an appropriate `as` value and it is preloaded intentionally. @ https://teams.live.com/v2/:0
[ 2596148ms] [WARNING] The resource https://tflteams.public.onecdn.static.microsoft/teams-modular-packages/hashed-assets/main-a8133ca1291681a9.js was preloaded using link preload but not used within a few seconds from the window's load event. Please make sure it has an appropriate `as` value and it is preloaded intentionally. @ https://teams.live.com/v2/:0
[ 2596148ms] [WARNING] The resource https://tflteams.public.onecdn.static.microsoft/teams-modular-packages/hashed-assets/462748-07d8fb6516d15b3a.js was preloaded using link preload but not used within a few seconds from the window's load event. Please make sure it has an appropriate `as` value and it is preloaded intentionally. @ https://teams.live.com/v2/:0
[ 2596148ms] [WARNING] The resource https://tflteams.public.onecdn.static.microsoft/teams-modular-packages/hashed-assets/griffel-dfdd1f508454ef43.css was preloaded using link preload but not used within a few seconds from the window's load event. Please make sure it has an appropriate `as` value and it is preloaded intentionally. @ https://teams.live.com/v2/:0
[ 2596148ms] [WARNING] The resource https://tflteams.public.onecdn.static.microsoft/teams-modular-packages/hashed-assets/runtime-ed6975aa83be09eb.js was preloaded using link preload but not used within a few seconds from the window's load event. Please make sure it has an appropriate `as` value and it is preloaded intentionally. @ https://teams.live.com/v2/:0
[ 2596148ms] [WARNING] The resource https://tflteams.public.onecdn.static.microsoft/teams-modular-packages/hashed-assets/54365-bfef35ea66ac127d.js was preloaded using link preload but not used within a few seconds from the window's load event. Please make sure it has an appropriate `as` value and it is preloaded intentionally. @ https://teams.live.com/v2/:0
[ 2596148ms] [WARNING] The resource https://tflteams.public.onecdn.static.microsoft/teams-modular-packages/hashed-assets/638055-b6de710a9541770e.js was preloaded using link preload but not used within a few seconds from the window's load event. Please make sure it has an appropriate `as` value and it is preloaded intentionally. @ https://teams.live.com/v2/:0
[ 2596148ms] [WARNING] The resource https://tflteams.public.onecdn.static.microsoft/teams-modular-packages/hashed-assets/525240-21b1eabb905beb7d.js was preloaded using link preload but not used within a few seconds from the window's load event. Please make sure it has an appropriate `as` value and it is preloaded intentionally. @ https://teams.live.com/v2/:0
[ 2596148ms] [WARNING] The resource https://tflteams.public.onecdn.static.microsoft/teams-modular-packages/hashed-assets/249566-274523e882e43004.js was preloaded using link preload but not used within a few seconds from the window's load event. Please make sure it has an appropriate `as` value and it is preloaded intentionally. @ https://teams.live.com/v2/:0
[ 2596148ms] [WARNING] The resource https://tflteams.public.onecdn.static.microsoft/teams-modular-packages/hashed-assets/341350-d9e8c91d801247f1.js was preloaded using link preload but not used within a few seconds from the window's load event. Please make sure it has an appropriate `as` value and it is preloaded intentionally. @ https://teams.live.com/v2/:0
[ 2596148ms] [WARNING] The resource https://tflteams.public.onecdn.static.microsoft/teams-modular-packages/hashed-assets/integrities-13e930e6a8f14a4c9cae.js was preloaded using link preload but not used within a few seconds from the window's load event. Please make sure it has an appropriate `as` value and it is preloaded intentionally. @ https://teams.live.com/v2/:0
[ 2596148ms] [WARNING] The resource https://tflteams.public.onecdn.static.microsoft/teams-modular-packages/hashed-assets/158884-70f571c7e70b86a5.js was preloaded using link preload but not used within a few seconds from the window's load event. Please make sure it has an appropriate `as` value and it is preloaded intentionally. @ https://teams.live.com/v2/:0
[ 2625800ms] [WARNING] The resource https://tflteams.public.onecdn.static.microsoft/teams-modular-packages/hashed-assets/496830-b9bc15da63f131f0.js was preloaded using link preload but not used within a few seconds from the window's load event. Please make sure it has an appropriate `as` value and it is preloaded intentionally. @ https://teams.live.com/v2/:0
[ 2625800ms] [WARNING] The resource https://tflteams.public.onecdn.static.microsoft/teams-modular-packages/hashed-assets/main-a8133ca1291681a9.js was preloaded using link preload but not used within a few seconds from the window's load event. Please make sure it has an appropriate `as` value and it is preloaded intentionally. @ https://teams.live.com/v2/:0
[ 2625800ms] [WARNING] The resource https://tflteams.public.onecdn.static.microsoft/teams-modular-packages/hashed-assets/462748-07d8fb6516d15b3a.js was preloaded using link preload but not used within a few seconds from the window's load event. Please make sure it has an appropriate `as` value and it is preloaded intentionally. @ https://teams.live.com/v2/:0
[ 2625800ms] [WARNING] The resource https://tflteams.public.onecdn.static.microsoft/teams-modular-packages/hashed-assets/griffel-dfdd1f508454ef43.css was preloaded using link preload but not used within a few seconds from the window's load event. Please make sure it has an appropriate `as` value and it is preloaded intentionally. @ https://teams.live.com/v2/:0
[ 2625800ms] [WARNING] The resource https://tflteams.public.onecdn.static.microsoft/teams-modular-packages/hashed-assets/runtime-ed6975aa83be09eb.js was preloaded using link preload but not used within a few seconds from the window's load event. Please make sure it has an appropriate `as` value and it is preloaded intentionally. @ https://teams.live.com/v2/:0
[ 2625800ms] [WARNING] The resource https://tflteams.public.onecdn.static.microsoft/teams-modular-packages/hashed-assets/54365-bfef35ea66ac127d.js was preloaded using link preload but not used within a few seconds from the window's load event. Please make sure it has an appropriate `as` value and it is preloaded intentionally. @ https://teams.live.com/v2/:0
[ 2625800ms] [WARNING] The resource https://tflteams.public.onecdn.static.microsoft/teams-modular-packages/hashed-assets/638055-b6de710a9541770e.js was preloaded using link preload but not used within a few seconds from the window's load event. Please make sure it has an appropriate `as` value and it is preloaded intentionally. @ https://teams.live.com/v2/:0
[ 2625801ms] [WARNING] The resource https://tflteams.public.onecdn.static.microsoft/teams-modular-packages/hashed-assets/525240-21b1eabb905beb7d.js was preloaded using link preload but not used within a few seconds from the window's load event. Please make sure it has an appropriate `as` value and it is preloaded intentionally. @ https://teams.live.com/v2/:0
[ 2625801ms] [WARNING] The resource https://tflteams.public.onecdn.static.microsoft/teams-modular-packages/hashed-assets/249566-274523e882e43004.js was preloaded using link preload but not used within a few seconds from the window's load event. Please make sure it has an appropriate `as` value and it is preloaded intentionally. @ https://teams.live.com/v2/:0
[ 2625801ms] [WARNING] The resource https://tflteams.public.onecdn.static.microsoft/teams-modular-packages/hashed-assets/341350-d9e8c91d801247f1.js was preloaded using link preload but not used within a few seconds from the window's load event. Please make sure it has an appropriate `as` value and it is preloaded intentionally. @ https://teams.live.com/v2/:0
[ 2625801ms] [WARNING] The resource https://tflteams.public.onecdn.static.microsoft/teams-modular-packages/hashed-assets/integrities-13e930e6a8f14a4c9cae.js was preloaded using link preload but not used within a few seconds from the window's load event. Please make sure it has an appropriate `as` value and it is preloaded intentionally. @ https://teams.live.com/v2/:0
[ 2625801ms] [WARNING] The resource https://tflteams.public.onecdn.static.microsoft/teams-modular-packages/hashed-assets/158884-70f571c7e70b86a5.js was preloaded using link preload but not used within a few seconds from the window's load event. Please make sure it has an appropriate `as` value and it is preloaded intentionally. @ https://teams.live.com/v2/:0
[ 2630782ms] [WARNING] The resource https://tflteams.public.onecdn.static.microsoft/teams-modular-packages/hashed-assets/496830-b9bc15da63f131f0.js was preloaded using link preload but not used within a few seconds from the window's load event. Please make sure it has an appropriate `as` value and it is preloaded intentionally. @ https://teams.live.com/v2/:0
[ 2630782ms] [WARNING] The resource https://tflteams.public.onecdn.static.microsoft/teams-modular-packages/hashed-assets/main-a8133ca1291681a9.js was preloaded using link preload but not used within a few seconds from the window's load event. Please make sure it has an appropriate `as` value and it is preloaded intentionally. @ https://teams.live.com/v2/:0
[ 2630782ms] [WARNING] The resource https://tflteams.public.onecdn.static.microsoft/teams-modular-packages/hashed-assets/462748-07d8fb6516d15b3a.js was preloaded using link preload but not used within a few seconds from the window's load event. Please make sure it has an appropriate `as` value and it is preloaded intentionally. @ https://teams.live.com/v2/:0
[ 2630782ms] [WARNING] The resource https://tflteams.public.onecdn.static.microsoft/teams-modular-packages/hashed-assets/griffel-dfdd1f508454ef43.css was preloaded using link preload but not used within a few seconds from the window's load event. Please make sure it has an appropriate `as` value and it is preloaded intentionally. @ https://teams.live.com/v2/:0
[ 2630782ms] [WARNING] The resource https://tflteams.public.onecdn.static.microsoft/teams-modular-packages/hashed-assets/runtime-ed6975aa83be09eb.js was preloaded using link preload but not used within a few seconds from the window's load event. Please make sure it has an appropriate `as` value and it is preloaded intentionally. @ https://teams.live.com/v2/:0
[ 2630782ms] [WARNING] The resource https://tflteams.public.onecdn.static.microsoft/teams-modular-packages/hashed-assets/54365-bfef35ea66ac127d.js was preloaded using link preload but not used within a few seconds from the window's load event. Please make sure it has an appropriate `as` value and it is preloaded intentionally. @ https://teams.live.com/v2/:0
[ 2630782ms] [WARNING] The resource https://tflteams.public.onecdn.static.microsoft/teams-modular-packages/hashed-assets/638055-b6de710a9541770e.js was preloaded using link preload but not used within a few seconds from the window's load event. Please make sure it has an appropriate `as` value and it is preloaded intentionally. @ https://teams.live.com/v2/:0
[ 2630782ms] [WARNING] The resource https://tflteams.public.onecdn.static.microsoft/teams-modular-packages/hashed-assets/525240-21b1eabb905beb7d.js was preloaded using link preload but not used within a few seconds from the window's load event. Please make sure it has an appropriate `as` value and it is preloaded intentionally. @ https://teams.live.com/v2/:0
[ 2630782ms] [WARNING] The resource https://tflteams.public.onecdn.static.microsoft/teams-modular-packages/hashed-assets/249566-274523e882e43004.js was preloaded using link preload but not used within a few seconds from the window's load event. Please make sure it has an appropriate `as` value and it is preloaded intentionally. @ https://teams.live.com/v2/:0
[ 2630782ms] [WARNING] The resource https://tflteams.public.onecdn.static.microsoft/teams-modular-packages/hashed-assets/341350-d9e8c91d801247f1.js was preloaded using link preload but not used within a few seconds from the window's load event. Please make sure it has an appropriate `as` value and it is preloaded intentionally. @ https://teams.live.com/v2/:0
[ 2630782ms] [WARNING] The resource https://tflteams.public.onecdn.static.microsoft/teams-modular-packages/hashed-assets/integrities-13e930e6a8f14a4c9cae.js was preloaded using link preload but not used within a few seconds from the window's load event. Please make sure it has an appropriate `as` value and it is preloaded intentionally. @ https://teams.live.com/v2/:0
[ 2630782ms] [WARNING] The resource https://tflteams.public.onecdn.static.microsoft/teams-modular-packages/hashed-assets/158884-70f571c7e70b86a5.js was preloaded using link preload but not used within a few seconds from the window's load event. Please make sure it has an appropriate `as` value and it is preloaded intentionally. @ https://teams.live.com/v2/:0
[ 2947037ms] [WARNING] The resource https://tflteams.public.onecdn.static.microsoft/teams-modular-packages/hashed-assets/496830-b9bc15da63f131f0.js was preloaded using link preload but not used within a few seconds from the window's load event. Please make sure it has an appropriate `as` value and it is preloaded intentionally. @ https://teams.live.com/v2/:0
[ 2947038ms] [WARNING] The resource https://tflteams.public.onecdn.static.microsoft/teams-modular-packages/hashed-assets/main-a8133ca1291681a9.js was preloaded using link preload but not used within a few seconds from the window's load event. Please make sure it has an appropriate `as` value and it is preloaded intentionally. @ https://teams.live.com/v2/:0
[ 2947038ms] [WARNING] The resource https://tflteams.public.onecdn.static.microsoft/teams-modular-packages/hashed-assets/462748-07d8fb6516d15b3a.js was preloaded using link preload but not used within a few seconds from the window's load event. Please make sure it has an appropriate `as` value and it is preloaded intentionally. @ https://teams.live.com/v2/:0
[ 2947038ms] [WARNING] The resource https://tflteams.public.onecdn.static.microsoft/teams-modular-packages/hashed-assets/griffel-dfdd1f508454ef43.css was preloaded using link preload but not used within a few seconds from the window's load event. Please make sure it has an appropriate `as` value and it is preloaded intentionally. @ https://teams.live.com/v2/:0
[ 2947038ms] [WARNING] The resource https://tflteams.public.onecdn.static.microsoft/teams-modular-packages/hashed-assets/runtime-ed6975aa83be09eb.js was preloaded using link preload but not used within a few seconds from the window's load event. Please make sure it has an appropriate `as` value and it is preloaded intentionally. @ https://teams.live.com/v2/:0
[ 2947038ms] [WARNING] The resource https://tflteams.public.onecdn.static.microsoft/teams-modular-packages/hashed-assets/54365-bfef35ea66ac127d.js was preloaded using link preload but not used within a few seconds from the window's load event. Please make sure it has an appropriate `as` value and it is preloaded intentionally. @ https://teams.live.com/v2/:0
[ 2947038ms] [WARNING] The resource https://tflteams.public.onecdn.static.microsoft/teams-modular-packages/hashed-assets/638055-b6de710a9541770e.js was preloaded using link preload but not used within a few seconds from the window's load event. Please make sure it has an appropriate `as` value and it is preloaded intentionally. @ https://teams.live.com/v2/:0
[ 2947038ms] [WARNING] The resource https://tflteams.public.onecdn.static.microsoft/teams-modular-packages/hashed-assets/525240-21b1eabb905beb7d.js was preloaded using link preload but not used within a few seconds from the window's load event. Please make sure it has an appropriate `as` value and it is preloaded intentionally. @ https://teams.live.com/v2/:0
[ 2947038ms] [WARNING] The resource https://tflteams.public.onecdn.static.microsoft/teams-modular-packages/hashed-assets/249566-274523e882e43004.js was preloaded using link preload but not used within a few seconds from the window's load event. Please make sure it has an appropriate `as` value and it is preloaded intentionally. @ https://teams.live.com/v2/:0
[ 2947038ms] [WARNING] The resource https://tflteams.public.onecdn.static.microsoft/teams-modular-packages/hashed-assets/341350-d9e8c91d801247f1.js was preloaded using link preload but not used within a few seconds from the window's load event. Please make sure it has an appropriate `as` value and it is preloaded intentionally. @ https://teams.live.com/v2/:0
[ 2947038ms] [WARNING] The resource https://tflteams.public.onecdn.static.microsoft/teams-modular-packages/hashed-assets/integrities-13e930e6a8f14a4c9cae.js was preloaded using link preload but not used within a few seconds from the window's load event. Please make sure it has an appropriate `as` value and it is preloaded intentionally. @ https://teams.live.com/v2/:0
[ 2947038ms] [WARNING] The resource https://tflteams.public.onecdn.static.microsoft/teams-modular-packages/hashed-assets/158884-70f571c7e70b86a5.js was preloaded using link preload but not used within a few seconds from the window's load event. Please make sure it has an appropriate `as` value and it is preloaded intentionally. @ https://teams.live.com/v2/:0
[ 2951970ms] [WARNING] The resource https://tflteams.public.onecdn.static.microsoft/teams-modular-packages/hashed-assets/496830-b9bc15da63f131f0.js was preloaded using link preload but not used within a few seconds from the window's load event. Please make sure it has an appropriate `as` value and it is preloaded intentionally. @ https://teams.live.com/v2/:0
[ 2951970ms] [WARNING] The resource https://tflteams.public.onecdn.static.microsoft/teams-modular-packages/hashed-assets/main-a8133ca1291681a9.js was preloaded using link preload but not used within a few seconds from the window's load event. Please make sure it has an appropriate `as` value and it is preloaded intentionally. @ https://teams.live.com/v2/:0
[ 2951970ms] [WARNING] The resource https://tflteams.public.onecdn.static.microsoft/teams-modular-packages/hashed-assets/462748-07d8fb6516d15b3a.js was preloaded using link preload but not used within a few seconds from the window's load event. Please make sure it has an appropriate `as` value and it is preloaded intentionally. @ https://teams.live.com/v2/:0
[ 2951970ms] [WARNING] The resource https://tflteams.public.onecdn.static.microsoft/teams-modular-packages/hashed-assets/griffel-dfdd1f508454ef43.css was preloaded using link preload but not used within a few seconds from the window's load event. Please make sure it has an appropriate `as` value and it is preloaded intentionally. @ https://teams.live.com/v2/:0
[ 2951970ms] [WARNING] The resource https://tflteams.public.onecdn.static.microsoft/teams-modular-packages/hashed-assets/runtime-ed6975aa83be09eb.js was preloaded using link preload but not used within a few seconds from the window's load event. Please make sure it has an appropriate `as` value and it is preloaded intentionally. @ https://teams.live.com/v2/:0
[ 2951971ms] [WARNING] The resource https://tflteams.public.onecdn.static.microsoft/teams-modular-packages/hashed-assets/54365-bfef35ea66ac127d.js was preloaded using link preload but not used within a few seconds from the window's load event. Please make sure it has an appropriate `as` value and it is preloaded intentionally. @ https://teams.live.com/v2/:0
[ 2951971ms] [WARNING] The resource https://tflteams.public.onecdn.static.microsoft/teams-modular-packages/hashed-assets/638055-b6de710a9541770e.js was preloaded using link preload but not used within a few seconds from the window's load event. Please make sure it has an appropriate `as` value and it is preloaded intentionally. @ https://teams.live.com/v2/:0
[ 2951971ms] [WARNING] The resource https://tflteams.public.onecdn.static.microsoft/teams-modular-packages/hashed-assets/525240-21b1eabb905beb7d.js was preloaded using link preload but not used within a few seconds from the window's load event. Please make sure it has an appropriate `as` value and it is preloaded intentionally. @ https://teams.live.com/v2/:0
[ 2951971ms] [WARNING] The resource https://tflteams.public.onecdn.static.microsoft/teams-modular-packages/hashed-assets/249566-274523e882e43004.js was preloaded using link preload but not used within a few seconds from the window's load event. Please make sure it has an appropriate `as` value and it is preloaded intentionally. @ https://teams.live.com/v2/:0
[ 2951971ms] [WARNING] The resource https://tflteams.public.onecdn.static.microsoft/teams-modular-packages/hashed-assets/341350-d9e8c91d801247f1.js was preloaded using link preload but not used within a few seconds from the window's load event. Please make sure it has an appropriate `as` value and it is preloaded intentionally. @ https://teams.live.com/v2/:0
[ 2951971ms] [WARNING] The resource https://tflteams.public.onecdn.static.microsoft/teams-modular-packages/hashed-assets/integrities-13e930e6a8f14a4c9cae.js was preloaded using link preload but not used within a few seconds from the window's load event. Please make sure it has an appropriate `as` value and it is preloaded intentionally. @ https://teams.live.com/v2/:0
[ 2951971ms] [WARNING] The resource https://tflteams.public.onecdn.static.microsoft/teams-modular-packages/hashed-assets/158884-70f571c7e70b86a5.js was preloaded using link preload but not used within a few seconds from the window's load event. Please make sure it has an appropriate `as` value and it is preloaded intentionally. @ https://teams.live.com/v2/:0
[ 3573103ms] [WARNING] The resource https://tflteams.public.onecdn.static.microsoft/teams-modular-packages/hashed-assets/496830-b9bc15da63f131f0.js was preloaded using link preload but not used within a few seconds from the window's load event. Please make sure it has an appropriate `as` value and it is preloaded intentionally. @ https://teams.live.com/v2/:0
[ 3573103ms] [WARNING] The resource https://tflteams.public.onecdn.static.microsoft/teams-modular-packages/hashed-assets/main-a8133ca1291681a9.js was preloaded using link preload but not used within a few seconds from the window's load event. Please make sure it has an appropriate `as` value and it is preloaded intentionally. @ https://teams.live.com/v2/:0
[ 3573103ms] [WARNING] The resource https://tflteams.public.onecdn.static.microsoft/teams-modular-packages/hashed-assets/462748-07d8fb6516d15b3a.js was preloaded using link preload but not used within a few seconds from the window's load event. Please make sure it has an appropriate `as` value and it is preloaded intentionally. @ https://teams.live.com/v2/:0
[ 3573103ms] [WARNING] The resource https://tflteams.public.onecdn.static.microsoft/teams-modular-packages/hashed-assets/griffel-dfdd1f508454ef43.css was preloaded using link preload but not used within a few seconds from the window's load event. Please make sure it has an appropriate `as` value and it is preloaded intentionally. @ https://teams.live.com/v2/:0
[ 3573103ms] [WARNING] The resource https://tflteams.public.onecdn.static.microsoft/teams-modular-packages/hashed-assets/runtime-ed6975aa83be09eb.js was preloaded using link preload but not used within a few seconds from the window's load event. Please make sure it has an appropriate `as` value and it is preloaded intentionally. @ https://teams.live.com/v2/:0
[ 3573103ms] [WARNING] The resource https://tflteams.public.onecdn.static.microsoft/teams-modular-packages/hashed-assets/54365-bfef35ea66ac127d.js was preloaded using link preload but not used within a few seconds from the window's load event. Please make sure it has an appropriate `as` value and it is preloaded intentionally. @ https://teams.live.com/v2/:0
[ 3573103ms] [WARNING] The resource https://tflteams.public.onecdn.static.microsoft/teams-modular-packages/hashed-assets/638055-b6de710a9541770e.js was preloaded using link preload but not used within a few seconds from the window's load event. Please make sure it has an appropriate `as` value and it is preloaded intentionally. @ https://teams.live.com/v2/:0
[ 3573103ms] [WARNING] The resource https://tflteams.public.onecdn.static.microsoft/teams-modular-packages/hashed-assets/525240-21b1eabb905beb7d.js was preloaded using link preload but not used within a few seconds from the window's load event. Please make sure it has an appropriate `as` value and it is preloaded intentionally. @ https://teams.live.com/v2/:0
[ 3573103ms] [WARNING] The resource https://tflteams.public.onecdn.static.microsoft/teams-modular-packages/hashed-assets/249566-274523e882e43004.js was preloaded using link preload but not used within a few seconds from the window's load event. Please make sure it has an appropriate `as` value and it is preloaded intentionally. @ https://teams.live.com/v2/:0
[ 3573103ms] [WARNING] The resource https://tflteams.public.onecdn.static.microsoft/teams-modular-packages/hashed-assets/341350-d9e8c91d801247f1.js was preloaded using link preload but not used within a few seconds from the window's load event. Please make sure it has an appropriate `as` value and it is preloaded intentionally. @ https://teams.live.com/v2/:0
[ 3573103ms] [WARNING] The resource https://tflteams.public.onecdn.static.microsoft/teams-modular-packages/hashed-assets/integrities-13e930e6a8f14a4c9cae.js was preloaded using link preload but not used within a few seconds from the window's load event. Please make sure it has an appropriate `as` value and it is preloaded intentionally. @ https://teams.live.com/v2/:0
[ 3573103ms] [WARNING] The resource https://tflteams.public.onecdn.static.microsoft/teams-modular-packages/hashed-assets/158884-70f571c7e70b86a5.js was preloaded using link preload but not used within a few seconds from the window's load event. Please make sure it has an appropriate `as` value and it is preloaded intentionally. @ https://teams.live.com/v2/:0
[ 3625584ms] [LOG] ECS - Config fetch complete @ https://teams.live.com/v2/:54
[ 3628594ms] [WARNING] The resource https://tflteams.public.onecdn.static.microsoft/teams-modular-packages/hashed-assets/496830-b9bc15da63f131f0.js was preloaded using link preload but not used within a few seconds from the window's load event. Please make sure it has an appropriate `as` value and it is preloaded intentionally. @ https://teams.live.com/v2/:0
[ 3628594ms] [WARNING] The resource https://tflteams.public.onecdn.static.microsoft/teams-modular-packages/hashed-assets/main-a8133ca1291681a9.js was preloaded using link preload but not used within a few seconds from the window's load event. Please make sure it has an appropriate `as` value and it is preloaded intentionally. @ https://teams.live.com/v2/:0
[ 3628594ms] [WARNING] The resource https://tflteams.public.onecdn.static.microsoft/teams-modular-packages/hashed-assets/462748-07d8fb6516d15b3a.js was preloaded using link preload but not used within a few seconds from the window's load event. Please make sure it has an appropriate `as` value and it is preloaded intentionally. @ https://teams.live.com/v2/:0
[ 3628594ms] [WARNING] The resource https://tflteams.public.onecdn.static.microsoft/teams-modular-packages/hashed-assets/griffel-dfdd1f508454ef43.css was preloaded using link preload but not used within a few seconds from the window's load event. Please make sure it has an appropriate `as` value and it is preloaded intentionally. @ https://teams.live.com/v2/:0
[ 3628594ms] [WARNING] The resource https://tflteams.public.onecdn.static.microsoft/teams-modular-packages/hashed-assets/runtime-ed6975aa83be09eb.js was preloaded using link preload but not used within a few seconds from the window's load event. Please make sure it has an appropriate `as` value and it is preloaded intentionally. @ https://teams.live.com/v2/:0
[ 3628594ms] [WARNING] The resource https://tflteams.public.onecdn.static.microsoft/teams-modular-packages/hashed-assets/54365-bfef35ea66ac127d.js was preloaded using link preload but not used within a few seconds from the window's load event. Please make sure it has an appropriate `as` value and it is preloaded intentionally. @ https://teams.live.com/v2/:0
[ 3628594ms] [WARNING] The resource https://tflteams.public.onecdn.static.microsoft/teams-modular-packages/hashed-assets/638055-b6de710a9541770e.js was preloaded using link preload but not used within a few seconds from the window's load event. Please make sure it has an appropriate `as` value and it is preloaded intentionally. @ https://teams.live.com/v2/:0
[ 3628594ms] [WARNING] The resource https://tflteams.public.onecdn.static.microsoft/teams-modular-packages/hashed-assets/525240-21b1eabb905beb7d.js was preloaded using link preload but not used within a few seconds from the window's load event. Please make sure it has an appropriate `as` value and it is preloaded intentionally. @ https://teams.live.com/v2/:0
[ 3628594ms] [WARNING] The resource https://tflteams.public.onecdn.static.microsoft/teams-modular-packages/hashed-assets/249566-274523e882e43004.js was preloaded using link preload but not used within a few seconds from the window's load event. Please make sure it has an appropriate `as` value and it is preloaded intentionally. @ https://teams.live.com/v2/:0
[ 3628594ms] [WARNING] The resource https://tflteams.public.onecdn.static.microsoft/teams-modular-packages/hashed-assets/341350-d9e8c91d801247f1.js was preloaded using link preload but not used within a few seconds from the window's load event. Please make sure it has an appropriate `as` value and it is preloaded intentionally. @ https://teams.live.com/v2/:0
[ 3628594ms] [WARNING] The resource https://tflteams.public.onecdn.static.microsoft/teams-modular-packages/hashed-assets/integrities-13e930e6a8f14a4c9cae.js was preloaded using link preload but not used within a few seconds from the window's load event. Please make sure it has an appropriate `as` value and it is preloaded intentionally. @ https://teams.live.com/v2/:0
[ 3628594ms] [WARNING] The resource https://tflteams.public.onecdn.static.microsoft/teams-modular-packages/hashed-assets/158884-70f571c7e70b86a5.js was preloaded using link preload but not used within a few seconds from the window's load event. Please make sure it has an appropriate `as` value and it is preloaded intentionally. @ https://teams.live.com/v2/:0
[ 3629803ms] TypeError: Cannot read properties of undefined (reading 'context')
    at logInfo (https://tflteams.public.onecdn.static.microsoft/teams-modular-packages/hashed-assets/precompiled-web-worker-inner~c-85890fee97c7ef97.worker.js:16:229075)
    at c (https://tflteams.public.onecdn.static.microsoft/teams-modular-packages/hashed-assets/precompiled-web-worker-inner~c-85890fee97c7ef97.worker.js:16:260675)
    at O.onAppStateLongInactive (https://tflteams.public.onecdn.static.microsoft/teams-modular-packages/hashed-assets/precompiled-web-worker-inner~c-85890fee97c7ef97.worker.js:16:256733)
    at H._onSyncEngineCommand (https://tflteams.public.onecdn.static.microsoft/teams-modular-packages/hashed-assets/precompiled-web-worker-inner~b-49161af6318a4280.worker.js:28:264315)
    at Object.next (https://tflteams.public.onecdn.static.microsoft/teams-modular-packages/hashed-assets/precompiled-web-worker-inner~b-49161af6318a4280.worker.js:28:261392)
    at g (https://tflteams.public.onecdn.static.microsoft/teams-modular-packages/hashed-assets/precompiled-web-worker-inner~f-dbb3521f87730bb6.worker.js:448:4854)
    at p (https://tflteams.public.onecdn.static.microsoft/teams-modular-packages/hashed-assets/precompiled-web-worker-inner~f-dbb3521f87730bb6.worker.js:448:5257)
    at I.value (https://tflteams.public.onecdn.static.microsoft/teams-modular-packages/hashed-assets/precompiled-web-worker-inner~f-dbb3521f87730bb6.worker.js:448:5779)
    at https://tflteams.public.onecdn.static.microsoft/teams-modular-packages/hashed-assets/precompiled-web-worker-inner~b-49161af6318a4280.worker.js:1:45497
    at Set.forEach (<anonymous>)
[ 3629803ms] [ERROR] Unhandled error/rejection {"isTrusted":true} @ https://teams.live.com/v2/:54
[ 3629809ms] Error: UPR: "TypeError: Cannot read properties of undefined (reading 'context')"
    at https://teams.live.com/v2/worker/precompiled-web-worker-7736cc161f70d87e.js#{%22experienceName%22:%22react-web-client%22,%22ring%22:%22general%22,%22environment%22:%22life%22,%22sessionId%22:%2211cb258e-dea9-41ef-be02-28f1f10a8849%22,%22platformId%22:1415,%22buildVersion%22:%2226081400648%22,%22localeCode%22:%22en-us%22,%22workerId%22:%22precore-worker%22,%22publicPath%22:%22https://tflteams.public.onecdn.static.microsoft/teams-modular-packages/hashed-assets/%22,%22deviceId%22:%2236ada95c-b6d3-41be-9274-8c987019af03%22,%22isOcdi%22:false,%22isPwa%22:false,%22useDiagnosticsServiceV2%22:true,%22turboCohort%22:%22%22,%22enableLazyLoadedWorker%22:true,%22enableMinimalSchemaWorker%22:false,%22workerCreationTime%22:1788346424250,%22preECSConsoleLogLevel%22:0}:2:742
[ 3630117ms] [WARNING] getSerializedKeyForKeypath returned undefined key in InMemoryIndex for table: profiles, with index: email @ https://tflteams.public.onecdn.static.microsoft/teams-modular-packages/hashed-assets/precompiled-web-worker-inner~f-dbb3521f87730bb6.worker.js:43
